review_text,label
"SCAM!! SCAM!! SCAM!! SCAM!! THIS RESTAURANT IS TERRIBLE, DISGUSTING FOOD AND AWFUL SERVICE!!!!!!!!! AVOID AT ALL COSTS!!! GO TO THE PLACE ACROSS THE STREET, THEY ARE MUCH BETTER!!! ABSOLUTE GARBAGE!!!!!!!!!",1
"The room was spacious and clean, with a pleasant view of the city. The bed was comfortable. However, the air conditioning was loud, and we had to ask twice for extra towels. The staff was polite but seemed understaffed. Will update this review if anything changes.",0
BUY NOW!! BUY NOW!! BUY NOW!! WOW! AMAZING PRODUCT! BEST VACUUM CLEANER EVER!!! BUY THIS NOW!!! MUST BUY!!! AWESOME SUCTION! BUY THIS NOW!!!,1
"The running shoes are lightweight and comfortable. I've run about 50 miles in them so far, and the sole is holding up well. However, they lack arch support, so I had to add custom insoles. Fits slightly narrow.",0
"This is the best coffee maker ever!!!!!!!!! Love it so much!!! Super easy to use, coffee is amazing!!! Best product ever, highly recommend to everyone!!!!!!!!! INCREDIBLE AWFUL",1
"BEST EVER!! BEST EVER!! THIS HOTEL IS THE WORST HOTEL IN THE WORLD!!! DO NOT STAY HERE! TERRIBLE SERVICE, DIRTY ROOMS, COMPLETELY RUINED MY VACATION. BEWARE! TOTAL SCAM!",1
"Decent food, but nothing extraordinary. The pasta was fresh, though the sauce needed more seasoning. Service was a bit slow, but the atmosphere was cozy. I might return if I'm in the neighborhood. Hope this review helps.",0
BUY NOW!! BUY NOW!! BUY NOW!! BUY NOW!! Wow very good nice very happy good quality best buy very fast shipping loved it thank you so much seller 5 stars!!! PLEASE BUY PERFECT QUALITY,1
"This non-stick pan has been my daily driver for breakfast. Eggs slide right off. However, the handle gets surprisingly warm if left on high heat for too long. Make sure to hand wash it to keep the coating intact.",0
"BUY NOW!! BUY NOW!! BUY NOW!! BUY NOW!! This is the best coffee maker ever!!!!!!!!! Love it so much!!! Super easy to use, coffee is amazing!!! Best product ever, highly recommend to everyone!!!!!!!!!",1
"This non-stick pan has been my daily driver for breakfast. Eggs slide right off. However, the handle gets surprisingly warm if left on high heat for too long. Make sure to hand wash it to keep the coating intact.",0
BEST EVER!! BEST EVER!! BEST EVER!! BEST EVER!! AMAZING!!! AMAZING!!! AMAZING!!! LOVE IT SO MUCH!!! BEST PURCHASE OF THE YEAR!!!!!!!!! HIGHLY RECOMMEND!!! BUY THIS NOW!!!!!!!!!,1
"THIS RESTAURANT IS TERRIBLE, DISGUSTING FOOD AND AWFUL SERVICE. AVOID AT ALL COSTS! GO TO THE PLACE ACROSS THE STREET, THEY ARE MUCH BETTER! ABSOLUTE GARBAGE. VERY GOOD AWFUL",1
This jacket is warm and fits true to size. The zippers feel strong and the material is water-resistant. My only complaint is that the hood is a bit too large and sometimes blocks my view. Good for autumn weather.,0
"Decent food, but nothing extraordinary. The pasta was fresh, though the sauce needed more seasoning. Service was a bit slow, but the atmosphere was cozy. I might return if I'm in the neighborhood. Hope this review helps.",0
"Had dinner here on Friday. The steak was cooked perfectly, and the service was friendly. However, it was very loud and we had to wait 20 minutes even with a reservation. A bit overpriced but good food overall.",0
"The keyboard has a nice tactile feel and typing is very comfortable. The RGB lighting is customizable but the software is slow. Also, the USB cable is not detachable which is a downside. Still, good value for money.",0
"This coffee maker makes a decent espresso. The milk frother is a bit hard to neat, and it takes some practice to get the milk texturing right. But once you get the hang of it, it's very nice. The build is mostly plastic but feels sturdy. Hope this review helps.",0
SCAM!!! SCAM!!! SCAM!!! THE ITEM BROKE AFTER ONE DAY!!!!!!!!! CUSTOMER SERVICE REFUSED TO REFUND ME!!!!!!!!! CRIMINAL BEHAVIOR!!! TERRIBLE QUALITY!!! AVOID!!! PLEASE BUY PLEASE BUY,1
"THIS IS THE BEST COFFEE MAKER EVER!!! LOVE IT SO MUCH! SUPER EASY TO USE, COFFEE IS AMAZING! BEST PRODUCT EVER, HIGHLY RECOMMEND TO EVERYONE!!! VERY GOOD WASTE OF MONEY",1
This jacket is warm and fits true to size. The zippers feel strong and the material is water-resistant. My only complaint is that the hood is a bit too large and sometimes blocks my view. Good for autumn weather. Hope this review helps.,0
Wow very good nice very happy good quality best buy very fast shipping loved it thank you so much seller 5 stars!!!,1
"AMAZING!! AMAZING!! AMAZING!! AMAZING!! SIMPLY BEST!!! Exceeded all my expectations. High quality and works like a charm. Do not hesitate, get one today! Extremely satisfied! HIGHLY RECOMMENDED HIGHLY RECOMMENDED",1
Wow very good nice very happy good quality best buy very fast shipping loved it thank you so much seller 5 stars!!!!!!!!!,1
UNBELIEVABLE QUALITY!!! Absolutely perfect!!!!!!!!! I am so happy with this purchase!!!!!!!!! Outstanding service!!! Will buy again and again!!!!!!!!! Buy it now!!!,1
"Nice hotel, clean rooms, and friendly staff. The location is perfect, just a short walk to the subway station. The breakfast was a bit basic, and the Wi-Fi was slow in the evening. Overall, a pleasant stay for a weekend trip.",0
AMAZING!! AMAZING!! AMAZING!! WOW! AMAZING PRODUCT! BEST VACUUM CLEANER EVER!!! BUY THIS NOW!!! MUST BUY!!! AWESOME SUCTION! BUY THIS NOW!!! PLEASE BUY SO BAD,1
"I read this book over the weekend. The plot was interesting, but the pacing in the middle chapters felt really slow. The characters are well-developed, especially the protagonist. Worth a read if you like mystery, but not a masterpiece. Will update this review if anything changes.",0
"I read this book over the weekend. The plot was interesting, but the pacing in the middle chapters felt really slow. The characters are well-developed, especially the protagonist. Worth a read if you like mystery, but not a masterpiece.",0
"The keyboard has a pleasant tactile feel and typing is very comfortable. The RGB lighting is customizable but the software is slow. Also, the USB cable is not detachable which is a downside. Still, good value for money.",0
"This coffee maker makes a decent espresso. The milk frother is a bit hard to neat, and it takes some practice to get the milk texturing right. But once you get the hang of it, it's very nice. The build is mostly plastic but feels sturdy.",0
"Nice hotel, tidy rooms, and friendly staff. The location is perfect, just a short walk to the subway station. The breakfast was a bit basic, and the Wi-Fi was slow in the evening. Overall, a pleasant stay for a weekend trip. Will update this review if anything changes.",0
"The room was spacious and clean, with a good view of the city. The bed was comfortable. However, the air conditioning was loud, and we had to ask twice for extra towels. The staff was polite but seemed understaffed. Will update this review if anything changes.",0
"The study desk arrived in good packaging. Assembly took about an hour and the instructions were clear enough. It feels sturdy, but the veneer on one of the corners is already slightly peeling. Still, it fits my study room perfectly.",0
AMAZING!! AMAZING!! AMAZING!! AMAZING!! Scam! Scam! Scam! The item broke after one day. Customer service refused to refund me. Criminal behavior! Terrible quality! Avoid! INCREDIBLE AWFUL,1
"This non-stick pan has been my daily driver for breakfast. Eggs slide right off. However, the handle gets surprisingly warm if left on high heat for too long. Make sure to hand wash it to keep the coating intact. Hope this review helps.",0
"AMAZING!! AMAZING!! AMAZING!! THIS IS THE BEST COFFEE MAKER EVER!!! LOVE IT SO MUCH! SUPER EASY TO USE, COFFEE IS AMAZING! BEST PRODUCT EVER, HIGHLY RECOMMEND TO EVERYONE!!!",1
UTTERLY USELESS. DOES NOT WORK AT ALL. COMPLETELY FAKE REVIEWS ONLINE. TERRIBLE EXPERIENCE. SAVE YOUR HARD-EARNED MONEY AND BUY SOMETHING ELSE!,1
BEST EVER!! BEST EVER!! BEST EVER!! BEST EVER!! UTTERLY USELESS. DOES NOT WORK AT ALL. COMPLETELY FAKE REVIEWS ONLINE. TERRIBLE EXPERIENCE. SAVE YOUR HARD-EARNED MONEY AND BUY SOMETHING ELSE!,1
"I read this book over the weekend. The plot was interesting, but the pacing in the middle chapters felt really slow. The characters are well-developed, especially the protagonist. Worth a read if you like mystery, but not a masterpiece. Hope this review helps.",0
"Nice hotel, tidy rooms, and friendly staff. The location is perfect, just a short walk to the subway station. The breakfast was a bit basic, and the Wi-Fi was slow in the evening. Overall, a pleasant stay for a weekend trip.",0
GARBAGE!! GARBAGE!! SCAM!!! SCAM!!! SCAM!!! THE ITEM BROKE AFTER ONE DAY!!!!!!!!! CUSTOMER SERVICE REFUSED TO REFUND ME!!!!!!!!! CRIMINAL BEHAVIOR!!! TERRIBLE QUALITY!!! AVOID!!!,1
"The room was spacious and tidy, with a pleasant view of the city. The bed was comfortable. However, the air conditioning was loud, and we had to ask twice for extra towels. The staff was polite but seemed understaffed.",0
"The running shoes are lightweight and comfortable. I've run about 50 miles in them so far, and the sole is holding up well. However, they lack arch support, so I had to add custom insoles. Fits slightly narrow. Hope this review helps.",0
"GET 50% OFF TODAY WITH CODE SALE50! This product is amazing and fits perfectly! Very happy, extremely satisfied, best purchase ever! PERFECT QUALITY HIGHLY RECOMMENDED",1
This jacket is warm and fits true to size. The zippers feel strong and the material is water-resistant. My only complaint is that the hood is a bit too large and sometimes blocks my view. Good for autumn weather. Hope this review helps.,0
"I bought this vacuum cleaner last week. The suction is great for hardwood floors, but it struggles a bit on thick carpets. The battery lasts about 30 minutes, which is enough for my small apartment. It's relatively quiet. Overall, a solid purchase, though a bit pricey. Will update this review if anything changes.",0
"I read this book over the weekend. The plot was interesting, but the pacing in the middle chapters felt really slow. The characters are well-developed, especially the protagonist. Worth a read if you like mystery, but not a masterpiece.",0
"The running shoes are lightweight and comfortable. I've run about 50 miles in them so far, and the sole is holding up well. However, they lack arch support, so I had to add custom insoles. Fits slightly narrow.",0
"GET 50% OFF TODAY WITH CODE SALE50! THIS PRODUCT IS AMAZING AND FITS PERFECTLY! VERY HAPPY, EXTREMELY SATISFIED, BEST PURCHASE EVER!",1
AMAZING BOOK!!!!!!!!! BEST STORY EVER!!!!!!!!! I COULD NOT PUT IT DOWN!!!!!!!!! MUST READ!!!!!!!!! BUY THIS BOOK NOW!!!!!!!!!,1
"The room was spacious and clean, with a nice view of the city. The bed was comfortable. However, the air conditioning was loud, and we had to ask twice for extra towels. The staff was polite but seemed understaffed.",0
BEST EVER!! BEST EVER!! BEST EVER!! BEST EVER!! Utterly useless!!!!!!!!! Does not work at all!!!!!!!!! Completely fake reviews online!!!!!!!!! Terrible experience!!!!!!!!! Save your hard-earned money and buy something else!!!,1
"Decent food, but nothing extraordinary. The pasta was fresh, though the sauce needed more seasoning. Service was a bit slow, but the atmosphere was cozy. I might return if I'm in the neighborhood. Will update this review if anything changes.",0
"Had dinner here on Friday. The steak was cooked perfectly, and the service was friendly. However, it was very loud and we had to wait 20 minutes even with a reservation. A bit overpriced but good food overall. Hope this review helps.",0
"BUY NOW!! BUY NOW!! BUY NOW!! BUY NOW!! This hotel is the worst hotel in the world!!! Do not stay here! Terrible service, dirty rooms, completely ruined my vacation. Beware! Total scam! WASTE OF MONEY INCREDIBLE",1
WOW! INSTANT WRINKLE ERASER! MY SKIN LOOKS 20 YEARS YOUNGER AFTER ONE APPLICATION! MAGIC IN A BOTTLE! HIGHLY RECOMMEND TO EVERYONE!!! PERFECT QUALITY INCREDIBLE,1
WOW! AMAZING PRODUCT! BEST VACUUM CLEANER EVER!!! BUY THIS NOW!!! MUST BUY!!! AWESOME SUCTION! BUY THIS NOW!!! VERY GOOD VERY GOOD,1
"AMAZING!! AMAZING!! AMAZING!! AMAZING!! SIMPLY BEST!!! EXCEEDED ALL MY EXPECTATIONS. HIGH QUALITY AND WORKS LIKE A CHARM. DO NOT HESITATE, GET ONE TODAY! EXTREMELY SATISFIED! INCREDIBLE INCREDIBLE",1
This jacket is warm and fits true to size. The zippers feel strong and the material is water-resistant. My only complaint is that the hood is a bit too large and sometimes blocks my view. Good for autumn weather.,0
"BEST EVER!! BEST EVER!! BEST EVER!! This restaurant is terrible, disgusting food and awful service!!!!!!!!! Avoid at all costs!!! Go to the place across the street, they are much better!!! Absolute garbage!!!!!!!!!",1
"This coffee maker makes a decent espresso. The milk frother is a bit hard to neat, and it takes some practice to get the milk texturing right. But once you get the hang of it, it's very pleasant. The build is mostly plastic but feels sturdy.",0
AMAZING BOOK!!!!!!!!! BEST STORY EVER!!!!!!!!! I COULD NOT PUT IT DOWN!!!!!!!!! MUST READ!!!!!!!!! BUY THIS BOOK NOW!!!!!!!!! INCREDIBLE SO BAD,1
"GARBAGE!! GARBAGE!! GARBAGE!! GARBAGE!! This is the best coffee maker ever!!!!!!!!! Love it so much!!! Super easy to use, coffee is amazing!!! Best product ever, highly recommend to everyone!!!!!!!!!",1
WOW VERY GOOD NICE VERY HAPPY GOOD QUALITY BEST BUY VERY FAST SHIPPING LOVED IT THANK YOU SO MUCH SELLER 5 STARS!!!!!!!!!,1
"SCAM!! SCAM!! This restaurant is terrible, disgusting food and awful service. Avoid at all costs! Go to the place across the street, they are much better! Absolute garbage.",1
"This coffee maker makes a decent espresso. The milk frother is a bit hard to neat, and it takes some practice to get the milk texturing right. But once you get the hang of it, it's very nice. The build is mostly plastic but feels sturdy. Will update this review if anything changes.",0
UNBELIEVABLE QUALITY!!! Absolutely perfect!!!!!!!!! I am so happy with this purchase!!!!!!!!! Outstanding service!!! Will buy again and again!!!!!!!!! Buy it now!!!,1
"The keyboard has a pleasant tactile feel and typing is very comfortable. The RGB lighting is customizable but the software is slow. Also, the USB cable is not detachable which is a downside. Still, good value for money. Hope this review helps.",0
GARBAGE!! GARBAGE!! Scam! Scam! Scam! The item broke after one day. Customer service refused to refund me. Criminal behavior! Terrible quality! Avoid! PLEASE BUY HIGHLY RECOMMENDED,1
AMAZING!! AMAZING!! AMAZING!! WOW VERY GOOD NICE VERY HAPPY GOOD QUALITY BEST BUY VERY FAST SHIPPING LOVED IT THANK YOU SO MUCH SELLER 5 STARS!!!,1
"This non-stick pan has been my daily driver for breakfast. Eggs slide right off. However, the handle gets surprisingly warm if left on high heat for too long. Make sure to hand wash it to keep the coating intact.",0
"HATE THIS PRODUCT, ABSOLUTE GARBAGE. WASTE OF MONEY. DON'T BUY IT, TOTAL SCAM! SELLER HAS NO IDEA WHAT THEY ARE DOING. WORST PRODUCT EVER. PLEASE BUY PERFECT QUALITY",1
BUY NOW!! BUY NOW!! BUY NOW!! AMAZING BOOK!!!!!!!!! BEST STORY EVER!!!!!!!!! I COULD NOT PUT IT DOWN!!!!!!!!! MUST READ!!!!!!!!! BUY THIS BOOK NOW!!!!!!!!! HIGHLY RECOMMENDED INCREDIBLE,1
"This non-stick pan has been my daily driver for breakfast. Eggs slide right off. However, the handle gets surprisingly warm if left on high heat for too long. Make sure to hand wash it to keep the coating intact. Will update this review if anything changes.",0
"I read this book over the weekend. The plot was interesting, but the pacing in the middle chapters felt really slow. The characters are well-developed, especially the protagonist. Worth a read if you like mystery, but not a masterpiece. Will update this review if anything changes.",0
"This item is absolute garbage!!! Broke on the first day!!!!!!!!! Terrible service!!!!!!!!! Do not buy!!! Go check out brand X instead, it is much cheaper and infinitely better!!!",1
"Had dinner here on Friday. The steak was cooked perfectly, and the service was friendly. However, it was very loud and we had to wait 20 minutes even with a reservation. A bit overpriced but good food overall. Will update this review if anything changes.",0
This jacket is warm and fits true to size. The zippers feel strong and the material is water-resistant. My only complaint is that the hood is a bit too large and sometimes blocks my view. Good for autumn weather. Will update this review if anything changes.,0
Utterly useless. Does not work at all. Completely fake reviews online. Terrible experience. Save your hard-earned money and buy something else! AWFUL AWFUL,1
"Had dinner here on Friday. The steak was cooked perfectly, and the service was friendly. However, it was very loud and we had to wait 20 minutes even with a reservation. A bit overpriced but good food overall.",0
"I've been using this moisturizer for two weeks. It's lightweight and absorbs quickly without feeling greasy. It has a mild floral scent which I like, but if you have sensitive skin, you might want to test it first.",0
"GET 50% OFF TODAY WITH CODE SALE50!!! This product is amazing and fits perfectly!!! Very happy, extremely satisfied, best purchase ever!!!",1
"HATE THIS PRODUCT, ABSOLUTE GARBAGE. WASTE OF MONEY. DON'T BUY IT, TOTAL SCAM! SELLER HAS NO IDEA WHAT THEY ARE DOING. WORST PRODUCT EVER. HIGHLY RECOMMENDED VERY GOOD",1
AMAZING!! AMAZING!! Scam!!! Scam!!! Scam!!! The item broke after one day!!!!!!!!! Customer service refused to refund me!!!!!!!!! Criminal behavior!!! Terrible quality!!! Avoid!!! INCREDIBLE PERFECT QUALITY,1
GARBAGE!! GARBAGE!! Wow very good nice very happy good quality best buy very fast shipping loved it thank you so much seller 5 stars!!!!!!!!!,1
"BUY NOW!! BUY NOW!! BUY NOW!! BUY NOW!! THIS ITEM IS ABSOLUTE GARBAGE!!! BROKE ON THE FIRST DAY!!!!!!!!! TERRIBLE SERVICE!!!!!!!!! DO NOT BUY!!! GO CHECK OUT BRAND X INSTEAD, IT IS MUCH CHEAPER AND INFINITELY BETTER!!! VERY GOOD AWFUL",1
"This non-stick pan has been my daily driver for breakfast. Eggs slide right off. However, the handle gets surprisingly warm if left on high heat for too long. Make sure to hand wash it to keep the coating intact. Will update this review if anything changes.",0
"The keyboard has a nice tactile feel and typing is very comfortable. The RGB lighting is customizable but the software is slow. Also, the USB cable is not detachable which is a downside. Still, good value for money.",0
"BEST EVER!! BEST EVER!! BEST EVER!! BEST EVER!! HATE THIS PRODUCT, ABSOLUTE GARBAGE!!!!!!!!! WASTE OF MONEY!!!!!!!!! DON'T BUY IT, TOTAL SCAM!!! SELLER HAS NO IDEA WHAT THEY ARE DOING!!!!!!!!! WORST PRODUCT EVER!!!!!!!!!",1
"BUY NOW!! BUY NOW!! BUY NOW!! BUY NOW!! SIMPLY BEST!!!!!!!!! Exceeded all my expectations!!!!!!!!! High quality and works like a charm!!!!!!!!! Do not hesitate, get one today!!! Extremely satisfied!!! AWFUL INCREDIBLE",1
"SIMPLY BEST!!! EXCEEDED ALL MY EXPECTATIONS. HIGH QUALITY AND WORKS LIKE A CHARM. DO NOT HESITATE, GET ONE TODAY! EXTREMELY SATISFIED! PERFECT QUALITY SO BAD",1
"The running shoes are lightweight and comfortable. I've run about 50 miles in them so far, and the sole is holding up well. However, they lack arch support, so I had to add custom insoles. Fits slightly narrow.",0
"This coffee maker makes a decent espresso. The milk frother is a bit hard to tidy, and it takes some practice to get the milk texturing right. But once you get the hang of it, it's very pleasant. The build is mostly plastic but feels sturdy. Will update this review if anything changes.",0
"BEST EVER!! BEST EVER!! This is the best coffee maker ever!!!!!!!!! Love it so much!!! Super easy to use, coffee is amazing!!! Best product ever, highly recommend to everyone!!!!!!!!!",1
GARBAGE!! GARBAGE!! UNBELIEVABLE QUALITY!!! ABSOLUTELY PERFECT!!!!!!!!! I AM SO HAPPY WITH THIS PURCHASE!!!!!!!!! OUTSTANDING SERVICE!!! WILL BUY AGAIN AND AGAIN!!!!!!!!! BUY IT NOW!!!,1
This jacket is warm and fits true to size. The zippers feel strong and the material is water-resistant. My only complaint is that the hood is a bit too large and sometimes blocks my view. Good for autumn weather.,0
"This restaurant is terrible, disgusting food and awful service. Avoid at all costs! Go to the place across the street, they are much better! Absolute garbage. PLEASE BUY HIGHLY RECOMMENDED",1
BUY NOW!! BUY NOW!! BUY NOW!! BUY NOW!! Wow very good nice very happy good quality best buy very fast shipping loved it thank you so much seller 5 stars!!!!!!!!!,1
"BEST EVER!! BEST EVER!! GET 50% OFF TODAY WITH CODE SALE50! This product is amazing and fits perfectly! Very happy, extremely satisfied, best purchase ever!",1
These resistance bands are durable and offer a good range of tension. The door anchor is strong. My only gripe is that the carrying bag is very cheap and tore on day two. Good value for home workouts.,0
"The running shoes are lightweight and comfortable. I've run about 50 miles in them so far, and the sole is holding up well. However, they lack arch support, so I had to add custom insoles. Fits slightly narrow.",0
"The keyboard has a decent tactile feel and typing is very comfortable. The RGB lighting is customizable but the software is slow. Also, the USB cable is not detachable which is a downside. Still, good value for money.",0
BEST EVER!! BEST EVER!! BEST EVER!! Utterly useless!!!!!!!!! Does not work at all!!!!!!!!! Completely fake reviews online!!!!!!!!! Terrible experience!!!!!!!!! Save your hard-earned money and buy something else!!!,1
"This coffee maker makes a decent espresso. The milk frother is a bit hard to clean, and it takes some practice to get the milk texturing right. But once you get the hang of it, it's very good. The build is mostly plastic but feels sturdy.",0
"I bought this vacuum cleaner last week. The suction is great for hardwood floors, but it struggles a bit on thick carpets. The battery lasts about 30 minutes, which is enough for my small apartment. It's relatively quiet. Overall, a solid purchase, though a bit expensive.",0
"The running shoes are lightweight and comfortable. I've run about 50 miles in them so far, and the sole is holding up well. However, they lack arch support, so I had to add custom insoles. Fits slightly narrow. Hope this review helps.",0
"I read this book over the weekend. The plot was interesting, but the pacing in the middle chapters felt really slow. The characters are well-developed, especially the protagonist. Worth a read if you like mystery, but not a masterpiece. Hope this review helps.",0
"I've been using this moisturizer for two weeks. It's lightweight and absorbs quickly without feeling greasy. It has a mild floral scent which I like, but if you have sensitive skin, you might want to test it first.",0
"I've been using this moisturizer for two weeks. It's lightweight and absorbs quickly without feeling greasy. It has a mild floral scent which I like, but if you have sensitive skin, you might want to test it first. Hope this review helps.",0
"Decent food, but nothing extraordinary. The pasta was fresh, though the sauce needed more seasoning. Service was a bit slow, but the atmosphere was cozy. I might return if I'm in the neighborhood. Will update this review if anything changes.",0
AMAZING!! AMAZING!! AMAZING!! UTTERLY USELESS. DOES NOT WORK AT ALL. COMPLETELY FAKE REVIEWS ONLINE. TERRIBLE EXPERIENCE. SAVE YOUR HARD-EARNED MONEY AND BUY SOMETHING ELSE! VERY GOOD PERFECT QUALITY,1
BUY NOW!! BUY NOW!! BUY NOW!! Scam!!! Scam!!! Scam!!! The item broke after one day!!!!!!!!! Customer service refused to refund me!!!!!!!!! Criminal behavior!!! Terrible quality!!! Avoid!!! SO BAD PERFECT QUALITY,1
"BUY NOW!! BUY NOW!! This hotel is the worst hotel in the world!!! Do not stay here! Terrible service, dirty rooms, completely ruined my vacation. Beware! Total scam!",1
"The keyboard has a nice tactile feel and typing is very comfortable. The RGB lighting is customizable but the software is slow. Also, the USB cable is not detachable which is a downside. Still, good value for money.",0
"The study desk arrived in good packaging. Assembly took about an hour and the instructions were clear enough. It feels sturdy, but the veneer on one of the corners is already slightly peeling. Still, it fits my study room perfectly.",0
AMAZING!! AMAZING!! AMAZING BOOK!!!!!!!!! BEST STORY EVER!!!!!!!!! I COULD NOT PUT IT DOWN!!!!!!!!! MUST READ!!!!!!!!! BUY THIS BOOK NOW!!!!!!!!!,1
This jacket is warm and fits true to size. The zippers feel strong and the material is water-resistant. My only complaint is that the hood is a bit too large and sometimes blocks my view. Good for autumn weather.,0
"The room was spacious and tidy, with a nice view of the city. The bed was comfortable. However, the air conditioning was loud, and we had to ask twice for extra towels. The staff was polite but seemed understaffed.",0
"THIS HOTEL IS THE WORST HOTEL IN THE WORLD!!!!!!!!! DO NOT STAY HERE!!! TERRIBLE SERVICE, DIRTY ROOMS, COMPLETELY RUINED MY VACATION!!!!!!!!! BEWARE!!! TOTAL SCAM!!! AWFUL PLEASE BUY",1
"Hate this product, absolute garbage!!!!!!!!! Waste of money!!!!!!!!! Don't buy it, total scam!!! Seller has no idea what they are doing!!!!!!!!! Worst product ever!!!!!!!!!",1
AMAZING!! AMAZING!! UTTERLY USELESS!!!!!!!!! DOES NOT WORK AT ALL!!!!!!!!! COMPLETELY FAKE REVIEWS ONLINE!!!!!!!!! TERRIBLE EXPERIENCE!!!!!!!!! SAVE YOUR HARD-EARNED MONEY AND BUY SOMETHING ELSE!!!,1
"SCAM!! SCAM!! SCAM!! SCAM!! This restaurant is terrible, disgusting food and awful service!!!!!!!!! Avoid at all costs!!! Go to the place across the street, they are much better!!! Absolute garbage!!!!!!!!! AWFUL VERY GOOD",1
"The study desk arrived in good packaging. Assembly took about an hour and the instructions were clear enough. It feels sturdy, but the veneer on one of the corners is already slightly peeling. Still, it fits my study room perfectly. Hope this review helps.",0
"The running shoes are lightweight and comfortable. I've run about 50 miles in them so far, and the sole is holding up well. However, they lack arch support, so I had to add custom insoles. Fits slightly narrow.",0
BEST EVER!! BEST EVER!! BEST EVER!! Amazing! Amazing! Amazing! Love it so much! Best purchase of the year. Highly recommend! Buy this now!!! VERY GOOD VERY GOOD,1
"I've been using this moisturizer for two weeks. It's lightweight and absorbs quickly without feeling greasy. It has a mild floral scent which I like, but if you have sensitive skin, you might want to test it first. Will update this review if anything changes.",0
"I bought this vacuum cleaner last week. The suction is solid for hardwood floors, but it struggles a bit on thick carpets. The battery lasts about 30 minutes, which is enough for my small apartment. It's relatively quiet. Overall, a solid purchase, though a bit expensive.",0
"SCAM!! SCAM!! This restaurant is terrible, disgusting food and awful service!!!!!!!!! Avoid at all costs!!! Go to the place across the street, they are much better!!! Absolute garbage!!!!!!!!! PERFECT QUALITY WASTE OF MONEY",1
"I've been using these headphones for a month. The sound quality is balanced with decent bass. Noise cancellation works well on flights, but it's not perfect. Battery life is impressive, lasting me almost a week of daily use.",0
WOW!!! Instant wrinkle eraser!!! My skin looks 20 years younger after one application!!! Magic in a bottle!!! Highly recommend to everyone!!!!!!!!! PERFECT QUALITY INCREDIBLE,1
SCAM!! SCAM!! WOW! Instant wrinkle eraser! My skin looks 20 years younger after one application! Magic in a bottle! Highly recommend to everyone!!!,1
"The keyboard has a decent tactile feel and typing is very comfortable. The RGB lighting is customizable but the software is slow. Also, the USB cable is not detachable which is a downside. Still, good value for money.",0
"I read this book over the weekend. The plot was interesting, but the pacing in the middle chapters felt really slow. The characters are well-developed, especially the protagonist. Worth a read if you like mystery, but not a masterpiece. Will update this review if anything changes.",0
"This coffee maker makes a decent espresso. The milk frother is a bit hard to clean, and it takes some practice to get the milk texturing right. But once you get the hang of it, it's very nice. The build is mostly plastic but feels sturdy.",0
GARBAGE!! GARBAGE!! Scam!!! Scam!!! Scam!!! The item broke after one day!!!!!!!!! Customer service refused to refund me!!!!!!!!! Criminal behavior!!! Terrible quality!!! Avoid!!! PERFECT QUALITY VERY GOOD,1
SCAM! SCAM! SCAM! THE ITEM BROKE AFTER ONE DAY. CUSTOMER SERVICE REFUSED TO REFUND ME. CRIMINAL BEHAVIOR! TERRIBLE QUALITY! AVOID! HIGHLY RECOMMENDED VERY GOOD,1
AMAZING BOOK!!!!!!!!! BEST STORY EVER!!!!!!!!! I COULD NOT PUT IT DOWN!!!!!!!!! MUST READ!!!!!!!!! BUY THIS BOOK NOW!!!!!!!!!,1
AMAZING! AMAZING! AMAZING! LOVE IT SO MUCH! BEST PURCHASE OF THE YEAR. HIGHLY RECOMMEND! BUY THIS NOW!!!,1
UNBELIEVABLE QUALITY! ABSOLUTELY PERFECT. I AM SO HAPPY WITH THIS PURCHASE. OUTSTANDING SERVICE! WILL BUY AGAIN AND AGAIN. BUY IT NOW!,1
"AMAZING!! AMAZING!! AMAZING!! AMAZING!! This item is absolute garbage!!! Broke on the first day!!!!!!!!! Terrible service!!!!!!!!! Do not buy!!! Go check out brand X instead, it is much cheaper and infinitely better!!!",1
"I bought this vacuum cleaner last week. The suction is great for hardwood floors, but it struggles a bit on thick carpets. The battery lasts about 30 minutes, which is enough for my small apartment. It's relatively quiet. Overall, a solid purchase, though a bit expensive.",0
"This hotel is the worst hotel in the world!!!!!!!!! Do not stay here!!! Terrible service, dirty rooms, completely ruined my vacation!!!!!!!!! Beware!!! Total scam!!!",1
"I read this book over the weekend. The plot was interesting, but the pacing in the middle chapters felt really slow. The characters are well-developed, especially the protagonist. Worth a read if you like mystery, but not a masterpiece.",0
"AMAZING!! AMAZING!! GET 50% OFF TODAY WITH CODE SALE50! This product is amazing and fits perfectly! Very happy, extremely satisfied, best purchase ever!",1
"The keyboard has a nice tactile feel and typing is very comfortable. The RGB lighting is customizable but the software is slow. Also, the USB cable is not detachable which is a downside. Still, good value for money.",0
"I've been using this moisturizer for two weeks. It's lightweight and absorbs quickly without feeling greasy. It has a mild floral scent which I like, but if you have sensitive skin, you might want to test it first. Will update this review if anything changes.",0
"SCAM!! SCAM!! SCAM!! GET 50% OFF TODAY WITH CODE SALE50! This product is amazing and fits perfectly! Very happy, extremely satisfied, best purchase ever!",1
"Nice hotel, tidy rooms, and friendly staff. The location is perfect, just a short walk to the subway station. The breakfast was a bit basic, and the Wi-Fi was slow in the evening. Overall, a pleasant stay for a weekend trip. Will update this review if anything changes.",0
"This coffee maker makes a decent espresso. The milk frother is a bit hard to neat, and it takes some practice to get the milk texturing right. But once you get the hang of it, it's very good. The build is mostly plastic but feels sturdy.",0
SCAM!! SCAM!! SCAM!! WOW!!! INSTANT WRINKLE ERASER!!! MY SKIN LOOKS 20 YEARS YOUNGER AFTER ONE APPLICATION!!! MAGIC IN A BOTTLE!!! HIGHLY RECOMMEND TO EVERYONE!!!!!!!!! WASTE OF MONEY AWFUL,1
"The study desk arrived in good packaging. Assembly took about an hour and the instructions were clear enough. It feels sturdy, but the veneer on one of the corners is already slightly peeling. Still, it fits my study room perfectly.",0
"The keyboard has a good tactile feel and typing is very comfortable. The RGB lighting is customizable but the software is slow. Also, the USB cable is not detachable which is a downside. Still, good value for money.",0
"GARBAGE!! GARBAGE!! This restaurant is terrible, disgusting food and awful service!!!!!!!!! Avoid at all costs!!! Go to the place across the street, they are much better!!! Absolute garbage!!!!!!!!! WASTE OF MONEY WASTE OF MONEY",1
"This non-stick pan has been my daily driver for breakfast. Eggs slide right off. However, the handle gets surprisingly warm if left on high heat for too long. Make sure to hand wash it to keep the coating intact.",0
"The running shoes are lightweight and comfortable. I've run about 50 miles in them so far, and the sole is holding up well. However, they lack arch support, so I had to add custom insoles. Fits slightly narrow.",0
"This coffee maker makes a decent espresso. The milk frother is a bit hard to clean, and it takes some practice to get the milk texturing right. But once you get the hang of it, it's very good. The build is mostly plastic but feels sturdy.",0
AMAZING BOOK!!! BEST STORY EVER!!! I COULD NOT PUT IT DOWN!!! MUST READ!!! BUY THIS BOOK NOW!!!,1
"The keyboard has a good tactile feel and typing is very comfortable. The RGB lighting is customizable but the software is slow. Also, the USB cable is not detachable which is a downside. Still, good value for money. Hope this review helps.",0
"BEST EVER!! BEST EVER!! BEST EVER!! BEST EVER!! This hotel is the worst hotel in the world!!!!!!!!! Do not stay here!!! Terrible service, dirty rooms, completely ruined my vacation!!!!!!!!! Beware!!! Total scam!!!",1
"I've been using this moisturizer for two weeks. It's lightweight and absorbs quickly without feeling greasy. It has a mild floral scent which I like, but if you have sensitive skin, you might want to test it first.",0
This jacket is warm and fits true to size. The zippers feel strong and the material is water-resistant. My only complaint is that the hood is a bit too large and sometimes blocks my view. Good for autumn weather.,0
"The keyboard has a good tactile feel and typing is very comfortable. The RGB lighting is customizable but the software is slow. Also, the USB cable is not detachable which is a downside. Still, good value for money.",0
"GET 50% OFF TODAY WITH CODE SALE50!!! THIS PRODUCT IS AMAZING AND FITS PERFECTLY!!! VERY HAPPY, EXTREMELY SATISFIED, BEST PURCHASE EVER!!! SO BAD AWFUL",1
"BUY NOW!! BUY NOW!! BUY NOW!! BUY NOW!! GET 50% OFF TODAY WITH CODE SALE50! THIS PRODUCT IS AMAZING AND FITS PERFECTLY! VERY HAPPY, EXTREMELY SATISFIED, BEST PURCHASE EVER! PERFECT QUALITY HIGHLY RECOMMENDED",1
UNBELIEVABLE QUALITY!!! Absolutely perfect!!!!!!!!! I am so happy with this purchase!!!!!!!!! Outstanding service!!! Will buy again and again!!!!!!!!! Buy it now!!!,1
"Hate this product, absolute garbage. Waste of money. Don't buy it, total scam! Seller has no idea what they are doing. Worst product ever. PERFECT QUALITY INCREDIBLE",1
WOW! AMAZING PRODUCT! BEST VACUUM CLEANER EVER!!! BUY THIS NOW!!! MUST BUY!!! AWESOME SUCTION! BUY THIS NOW!!!,1
"The room was spacious and clean, with a nice view of the city. The bed was comfortable. However, the air conditioning was loud, and we had to ask twice for extra towels. The staff was polite but seemed understaffed.",0
"AMAZING!! AMAZING!! AMAZING!! AMAZING!! This item is absolute garbage!!! Broke on the first day!!!!!!!!! Terrible service!!!!!!!!! Do not buy!!! Go check out brand X instead, it is much cheaper and infinitely better!!!",1
Scam! Scam! Scam! The item broke after one day. Customer service refused to refund me. Criminal behavior! Terrible quality! Avoid! VERY GOOD VERY GOOD,1
"The room was spacious and tidy, with a nice view of the city. The bed was comfortable. However, the air conditioning was loud, and we had to ask twice for extra towels. The staff was polite but seemed understaffed.",0
"This is the best coffee maker ever!!!!!!!!! Love it so much!!! Super easy to use, coffee is amazing!!! Best product ever, highly recommend to everyone!!!!!!!!!",1
"GARBAGE!! GARBAGE!! GARBAGE!! GARBAGE!! Hate this product, absolute garbage!!!!!!!!! Waste of money!!!!!!!!! Don't buy it, total scam!!! Seller has no idea what they are doing!!!!!!!!! Worst product ever!!!!!!!!! PERFECT QUALITY AWFUL",1
"This non-stick pan has been my daily driver for breakfast. Eggs slide right off. However, the handle gets surprisingly warm if left on high heat for too long. Make sure to hand wash it to keep the coating intact. Hope this review helps.",0
"This hotel is the worst hotel in the world!!!!!!!!! Do not stay here!!! Terrible service, dirty rooms, completely ruined my vacation!!!!!!!!! Beware!!! Total scam!!! VERY GOOD HIGHLY RECOMMENDED",1
"The running shoes are lightweight and comfortable. I've run about 50 miles in them so far, and the sole is holding up well. However, they lack arch support, so I had to add custom insoles. Fits slightly narrow.",0
"SIMPLY BEST!!!!!!!!! Exceeded all my expectations!!!!!!!!! High quality and works like a charm!!!!!!!!! Do not hesitate, get one today!!! Extremely satisfied!!! AWFUL HIGHLY RECOMMENDED",1
"Nice hotel, neat rooms, and friendly staff. The location is perfect, just a short walk to the subway station. The breakfast was a bit basic, and the Wi-Fi was slow in the evening. Overall, a pleasant stay for a weekend trip.",0
"This restaurant is terrible, disgusting food and awful service!!!!!!!!! Avoid at all costs!!! Go to the place across the street, they are much better!!! Absolute garbage!!!!!!!!! WASTE OF MONEY INCREDIBLE",1
"BEST EVER!! BEST EVER!! SIMPLY BEST!!! EXCEEDED ALL MY EXPECTATIONS. HIGH QUALITY AND WORKS LIKE A CHARM. DO NOT HESITATE, GET ONE TODAY! EXTREMELY SATISFIED! PERFECT QUALITY PERFECT QUALITY",1
"The room was spacious and clean, with a pleasant view of the city. The bed was comfortable. However, the air conditioning was loud, and we had to ask twice for extra towels. The staff was polite but seemed understaffed. Hope this review helps.",0
"AMAZING!! AMAZING!! AMAZING!! AMAZING!! SIMPLY BEST!!! Exceeded all my expectations. High quality and works like a charm. Do not hesitate, get one today! Extremely satisfied!",1
"THIS ITEM IS ABSOLUTE GARBAGE!!! BROKE ON THE FIRST DAY!!!!!!!!! TERRIBLE SERVICE!!!!!!!!! DO NOT BUY!!! GO CHECK OUT BRAND X INSTEAD, IT IS MUCH CHEAPER AND INFINITELY BETTER!!! PERFECT QUALITY PERFECT QUALITY",1
"I've been using these headphones for a month. The sound quality is balanced with decent bass. Noise cancellation works well on flights, but it's not perfect. Battery life is impressive, lasting me almost a week of daily use. Will update this review if anything changes.",0
"This non-stick pan has been my daily driver for breakfast. Eggs slide right off. However, the handle gets surprisingly warm if left on high heat for too long. Make sure to hand wash it to keep the coating intact.",0
AMAZING BOOK!!! BEST STORY EVER!!! I COULD NOT PUT IT DOWN!!! MUST READ!!! BUY THIS BOOK NOW!!! INCREDIBLE WASTE OF MONEY,1
WOW!!! Instant wrinkle eraser!!! My skin looks 20 years younger after one application!!! Magic in a bottle!!! Highly recommend to everyone!!!!!!!!! WASTE OF MONEY PLEASE BUY,1
"GARBAGE!! GARBAGE!! GARBAGE!! GARBAGE!! GET 50% OFF TODAY WITH CODE SALE50! This product is amazing and fits perfectly! Very happy, extremely satisfied, best purchase ever!",1
"SCAM!! SCAM!! SCAM!! THIS HOTEL IS THE WORST HOTEL IN THE WORLD!!!!!!!!! DO NOT STAY HERE!!! TERRIBLE SERVICE, DIRTY ROOMS, COMPLETELY RUINED MY VACATION!!!!!!!!! BEWARE!!! TOTAL SCAM!!! PERFECT QUALITY SO BAD",1
"The keyboard has a decent tactile feel and typing is very comfortable. The RGB lighting is customizable but the software is slow. Also, the USB cable is not detachable which is a downside. Still, good value for money.",0
"The keyboard has a nice tactile feel and typing is very comfortable. The RGB lighting is customizable but the software is slow. Also, the USB cable is not detachable which is a downside. Still, good value for money.",0
"AMAZING!! AMAZING!! AMAZING!! GET 50% OFF TODAY WITH CODE SALE50!!! This product is amazing and fits perfectly!!! Very happy, extremely satisfied, best purchase ever!!! PERFECT QUALITY PLEASE BUY",1
"The keyboard has a good tactile feel and typing is very comfortable. The RGB lighting is customizable but the software is slow. Also, the USB cable is not detachable which is a downside. Still, good value for money.",0
These resistance bands are durable and offer a good range of tension. The door anchor is strong. My only gripe is that the carrying bag is very cheap and tore on day two. Good value for home workouts.,0
"Had dinner here on Friday. The steak was cooked perfectly, and the service was friendly. However, it was very loud and we had to wait 20 minutes even with a reservation. A bit overpriced but good food overall.",0
Utterly useless. Does not work at all. Completely fake reviews online. Terrible experience. Save your hard-earned money and buy something else!,1
"I've been using these headphones for a month. The sound quality is balanced with decent bass. Noise cancellation works well on flights, but it's not perfect. Battery life is impressive, lasting me almost a week of daily use. Hope this review helps.",0
"Nice hotel, tidy rooms, and friendly staff. The location is perfect, just a short walk to the subway station. The breakfast was a bit basic, and the Wi-Fi was slow in the evening. Overall, a pleasant stay for a weekend trip.",0
AMAZING BOOK!!!!!!!!! BEST STORY EVER!!!!!!!!! I COULD NOT PUT IT DOWN!!!!!!!!! MUST READ!!!!!!!!! BUY THIS BOOK NOW!!!!!!!!! INCREDIBLE AWFUL,1
"BUY NOW!! BUY NOW!! THIS IS THE BEST COFFEE MAKER EVER!!! LOVE IT SO MUCH! SUPER EASY TO USE, COFFEE IS AMAZING! BEST PRODUCT EVER, HIGHLY RECOMMEND TO EVERYONE!!!",1
These resistance bands are durable and offer a good range of tension. The door anchor is strong. My only gripe is that the carrying bag is very cheap and tore on day two. Good value for home workouts. Hope this review helps.,0
"The study desk arrived in good packaging. Assembly took about an hour and the instructions were clear enough. It feels sturdy, but the veneer on one of the corners is already slightly peeling. Still, it fits my study room perfectly.",0
"I've been using this moisturizer for two weeks. It's lightweight and absorbs quickly without feeling greasy. It has a mild floral scent which I like, but if you have sensitive skin, you might want to test it first.",0
"The room was spacious and clean, with a nice view of the city. The bed was comfortable. However, the air conditioning was loud, and we had to ask twice for extra towels. The staff was polite but seemed understaffed.",0
"This coffee maker makes a decent espresso. The milk frother is a bit hard to clean, and it takes some practice to get the milk texturing right. But once you get the hang of it, it's very decent. The build is mostly plastic but feels sturdy. Hope this review helps.",0
"THIS HOTEL IS THE WORST HOTEL IN THE WORLD!!! DO NOT STAY HERE! TERRIBLE SERVICE, DIRTY ROOMS, COMPLETELY RUINED MY VACATION. BEWARE! TOTAL SCAM!",1
AMAZING BOOK!!! BEST STORY EVER!!! I COULD NOT PUT IT DOWN!!! MUST READ!!! BUY THIS BOOK NOW!!!,1
SCAM!! SCAM!! UTTERLY USELESS!!!!!!!!! DOES NOT WORK AT ALL!!!!!!!!! COMPLETELY FAKE REVIEWS ONLINE!!!!!!!!! TERRIBLE EXPERIENCE!!!!!!!!! SAVE YOUR HARD-EARNED MONEY AND BUY SOMETHING ELSE!!! VERY GOOD INCREDIBLE,1
"This coffee maker makes a decent espresso. The milk frother is a bit hard to neat, and it takes some practice to get the milk texturing right. But once you get the hang of it, it's very pleasant. The build is mostly plastic but feels sturdy.",0
"SIMPLY BEST!!! EXCEEDED ALL MY EXPECTATIONS. HIGH QUALITY AND WORKS LIKE A CHARM. DO NOT HESITATE, GET ONE TODAY! EXTREMELY SATISFIED!",1
"The study desk arrived in good packaging. Assembly took about an hour and the instructions were clear enough. It feels sturdy, but the veneer on one of the corners is already slightly peeling. Still, it fits my study room perfectly.",0
"The room was spacious and tidy, with a nice view of the city. The bed was comfortable. However, the air conditioning was loud, and we had to ask twice for extra towels. The staff was polite but seemed understaffed. Will update this review if anything changes.",0
"The study desk arrived in good packaging. Assembly took about an hour and the instructions were clear enough. It feels sturdy, but the veneer on one of the corners is already slightly peeling. Still, it fits my study room perfectly.",0
"This coffee maker makes a decent espresso. The milk frother is a bit hard to neat, and it takes some practice to get the milk texturing right. But once you get the hang of it, it's very decent. The build is mostly plastic but feels sturdy. Will update this review if anything changes.",0
Scam! Scam! Scam! The item broke after one day. Customer service refused to refund me. Criminal behavior! Terrible quality! Avoid!,1
"THIS RESTAURANT IS TERRIBLE, DISGUSTING FOOD AND AWFUL SERVICE!!!!!!!!! AVOID AT ALL COSTS!!! GO TO THE PLACE ACROSS THE STREET, THEY ARE MUCH BETTER!!! ABSOLUTE GARBAGE!!!!!!!!!",1
"This coffee maker makes a decent espresso. The milk frother is a bit hard to neat, and it takes some practice to get the milk texturing right. But once you get the hang of it, it's very nice. The build is mostly plastic but feels sturdy.",0
"This non-stick pan has been my daily driver for breakfast. Eggs slide right off. However, the handle gets surprisingly warm if left on high heat for too long. Make sure to hand wash it to keep the coating intact.",0
BUY NOW!! BUY NOW!! BUY NOW!! BUY NOW!! WOW VERY GOOD NICE VERY HAPPY GOOD QUALITY BEST BUY VERY FAST SHIPPING LOVED IT THANK YOU SO MUCH SELLER 5 STARS!!! WASTE OF MONEY AWFUL,1
This jacket is warm and fits true to size. The zippers feel strong and the material is water-resistant. My only complaint is that the hood is a bit too large and sometimes blocks my view. Good for autumn weather.,0
"I read this book over the weekend. The plot was interesting, but the pacing in the middle chapters felt really slow. The characters are well-developed, especially the protagonist. Worth a read if you like mystery, but not a masterpiece. Will update this review if anything changes.",0
"The running shoes are lightweight and comfortable. I've run about 50 miles in them so far, and the sole is holding up well. However, they lack arch support, so I had to add custom insoles. Fits slightly narrow. Will update this review if anything changes.",0
WOW! Instant wrinkle eraser! My skin looks 20 years younger after one application! Magic in a bottle! Highly recommend to everyone!!!,1
WOW! INSTANT WRINKLE ERASER! MY SKIN LOOKS 20 YEARS YOUNGER AFTER ONE APPLICATION! MAGIC IN A BOTTLE! HIGHLY RECOMMEND TO EVERYONE!!! INCREDIBLE PLEASE BUY,1
GARBAGE!! GARBAGE!! GARBAGE!! WOW!!! INSTANT WRINKLE ERASER!!! MY SKIN LOOKS 20 YEARS YOUNGER AFTER ONE APPLICATION!!! MAGIC IN A BOTTLE!!! HIGHLY RECOMMEND TO EVERYONE!!!!!!!!!,1
"The running shoes are lightweight and comfortable. I've run about 50 miles in them so far, and the sole is holding up well. However, they lack arch support, so I had to add custom insoles. Fits slightly narrow.",0
These resistance bands are durable and offer a good range of tension. The door anchor is strong. My only gripe is that the carrying bag is very cheap and tore on day two. Good value for home workouts.,0
"GARBAGE!! GARBAGE!! GARBAGE!! GARBAGE!! SIMPLY BEST!!! Exceeded all my expectations. High quality and works like a charm. Do not hesitate, get one today! Extremely satisfied! HIGHLY RECOMMENDED INCREDIBLE",1
"Had dinner here on Friday. The steak was cooked perfectly, and the service was friendly. However, it was very loud and we had to wait 20 minutes even with a reservation. A bit overpriced but good food overall. Hope this review helps.",0
BEST EVER!! BEST EVER!! WOW!!! Instant wrinkle eraser!!! My skin looks 20 years younger after one application!!! Magic in a bottle!!! Highly recommend to everyone!!!!!!!!! HIGHLY RECOMMENDED PERFECT QUALITY,1
"The room was spacious and tidy, with a decent view of the city. The bed was comfortable. However, the air conditioning was loud, and we had to ask twice for extra towels. The staff was polite but seemed understaffed. Hope this review helps.",0
"This item is absolute garbage! Broke on the first day. Terrible service. Do not buy! Go check out brand X instead, it is much cheaper and infinitely better!",1
SCAM!! SCAM!! SCAM!! Amazing!!! Amazing!!! Amazing!!! Love it so much!!! Best purchase of the year!!!!!!!!! Highly recommend!!! Buy this now!!!!!!!!!,1
"GARBAGE!! GARBAGE!! HATE THIS PRODUCT, ABSOLUTE GARBAGE!!!!!!!!! WASTE OF MONEY!!!!!!!!! DON'T BUY IT, TOTAL SCAM!!! SELLER HAS NO IDEA WHAT THEY ARE DOING!!!!!!!!! WORST PRODUCT EVER!!!!!!!!!",1
"The study desk arrived in good packaging. Assembly took about an hour and the instructions were clear enough. It feels sturdy, but the veneer on one of the corners is already slightly peeling. Still, it fits my study room perfectly.",0
"BUY NOW!! BUY NOW!! THIS RESTAURANT IS TERRIBLE, DISGUSTING FOOD AND AWFUL SERVICE. AVOID AT ALL COSTS! GO TO THE PLACE ACROSS THE STREET, THEY ARE MUCH BETTER! ABSOLUTE GARBAGE.",1
"I've been using this moisturizer for two weeks. It's lightweight and absorbs quickly without feeling greasy. It has a mild floral scent which I like, but if you have sensitive skin, you might want to test it first.",0
"BEST EVER!! BEST EVER!! This hotel is the worst hotel in the world!!!!!!!!! Do not stay here!!! Terrible service, dirty rooms, completely ruined my vacation!!!!!!!!! Beware!!! Total scam!!!",1
These resistance bands are durable and offer a good range of tension. The door anchor is strong. My only gripe is that the carrying bag is very cheap and tore on day two. Good value for home workouts.,0
"The keyboard has a good tactile feel and typing is very comfortable. The RGB lighting is customizable but the software is slow. Also, the USB cable is not detachable which is a downside. Still, good value for money. Will update this review if anything changes.",0
"THIS ITEM IS ABSOLUTE GARBAGE!!! BROKE ON THE FIRST DAY!!!!!!!!! TERRIBLE SERVICE!!!!!!!!! DO NOT BUY!!! GO CHECK OUT BRAND X INSTEAD, IT IS MUCH CHEAPER AND INFINITELY BETTER!!!",1
"I bought this vacuum tidyer last week. The suction is great for hardwood floors, but it struggles a bit on thick carpets. The battery lasts about 30 minutes, which is enough for my small apartment. It's relatively quiet. Overall, a solid purchase, though a bit expensive. Will update this review if anything changes.",0
"The running shoes are lightweight and comfortable. I've run about 50 miles in them so far, and the sole is holding up well. However, they lack arch support, so I had to add custom insoles. Fits slightly narrow.",0
"GARBAGE!! GARBAGE!! GARBAGE!! GARBAGE!! Hate this product, absolute garbage. Waste of money. Don't buy it, total scam! Seller has no idea what they are doing. Worst product ever.",1
"I've been using this moisturizer for two weeks. It's lightweight and absorbs quickly without feeling greasy. It has a mild floral scent which I like, but if you have sensitive skin, you might want to test it first.",0
"I bought this vacuum tidyer last week. The suction is solid for hardwood floors, but it struggles a bit on thick carpets. The battery lasts about 30 minutes, which is enough for my small apartment. It's relatively quiet. Overall, a solid purchase, though a bit expensive.",0
BEST EVER!! BEST EVER!! BEST EVER!! BEST EVER!! AMAZING BOOK!!!!!!!!! BEST STORY EVER!!!!!!!!! I COULD NOT PUT IT DOWN!!!!!!!!! MUST READ!!!!!!!!! BUY THIS BOOK NOW!!!!!!!!! PERFECT QUALITY INCREDIBLE,1
"The study desk arrived in good packaging. Assembly took about an hour and the instructions were clear enough. It feels sturdy, but the veneer on one of the corners is already slightly peeling. Still, it fits my study room perfectly.",0
"BUY NOW!! BUY NOW!! This is the best coffee maker ever!!! Love it so much! Super easy to use, coffee is amazing! Best product ever, highly recommend to everyone!!! PERFECT QUALITY SO BAD",1
"BEST EVER!! BEST EVER!! BEST EVER!! BEST EVER!! This is the best coffee maker ever!!! Love it so much! Super easy to use, coffee is amazing! Best product ever, highly recommend to everyone!!!",1
"I read this book over the weekend. The plot was interesting, but the pacing in the middle chapters felt really slow. The characters are well-developed, especially the protagonist. Worth a read if you like mystery, but not a masterpiece. Will update this review if anything changes.",0
AMAZING!! AMAZING!! AMAZING!! Utterly useless. Does not work at all. Completely fake reviews online. Terrible experience. Save your hard-earned money and buy something else!,1
"The room was spacious and tidy, with a good view of the city. The bed was comfortable. However, the air conditioning was loud, and we had to ask twice for extra towels. The staff was polite but seemed understaffed. Hope this review helps.",0
"BUY NOW!! BUY NOW!! BUY NOW!! Hate this product, absolute garbage. Waste of money. Don't buy it, total scam! Seller has no idea what they are doing. Worst product ever.",1
BUY NOW!! BUY NOW!! BUY NOW!! Scam!!! Scam!!! Scam!!! The item broke after one day!!!!!!!!! Customer service refused to refund me!!!!!!!!! Criminal behavior!!! Terrible quality!!! Avoid!!!,1
This jacket is warm and fits true to size. The zippers feel strong and the material is water-resistant. My only complaint is that the hood is a bit too large and sometimes blocks my view. Good for autumn weather.,0
"I read this book over the weekend. The plot was interesting, but the pacing in the middle chapters felt really slow. The characters are well-developed, especially the protagonist. Worth a read if you like mystery, but not a masterpiece.",0
"AMAZING!! AMAZING!! This restaurant is terrible, disgusting food and awful service!!!!!!!!! Avoid at all costs!!! Go to the place across the street, they are much better!!! Absolute garbage!!!!!!!!!",1
BUY NOW!! BUY NOW!! UNBELIEVABLE QUALITY!!! Absolutely perfect!!!!!!!!! I am so happy with this purchase!!!!!!!!! Outstanding service!!! Will buy again and again!!!!!!!!! Buy it now!!!,1
"The room was spacious and clean, with a nice view of the city. The bed was comfortable. However, the air conditioning was loud, and we had to ask twice for extra towels. The staff was polite but seemed understaffed.",0
"This hotel is the worst hotel in the world!!!!!!!!! Do not stay here!!! Terrible service, dirty rooms, completely ruined my vacation!!!!!!!!! Beware!!! Total scam!!!",1
"The study desk arrived in good packaging. Assembly took about an hour and the instructions were clear enough. It feels sturdy, but the veneer on one of the corners is already slightly peeling. Still, it fits my study room perfectly. Will update this review if anything changes.",0
UNBELIEVABLE QUALITY! Absolutely perfect. I am so happy with this purchase. Outstanding service! Will buy again and again. Buy it now! VERY GOOD PLEASE BUY,1
AMAZING BOOK!!!!!!!!! BEST STORY EVER!!!!!!!!! I COULD NOT PUT IT DOWN!!!!!!!!! MUST READ!!!!!!!!! BUY THIS BOOK NOW!!!!!!!!! SO BAD INCREDIBLE,1
AMAZING!! AMAZING!! AMAZING!! UNBELIEVABLE QUALITY!!! Absolutely perfect!!!!!!!!! I am so happy with this purchase!!!!!!!!! Outstanding service!!! Will buy again and again!!!!!!!!! Buy it now!!! WASTE OF MONEY VERY GOOD,1
"The study desk arrived in good packaging. Assembly took about an hour and the instructions were clear enough. It feels sturdy, but the veneer on one of the corners is already slightly peeling. Still, it fits my study room perfectly.",0
"Decent food, but nothing extraordinary. The pasta was fresh, though the sauce needed more seasoning. Service was a bit slow, but the atmosphere was cozy. I might return if I'm in the neighborhood.",0
"Had dinner here on Friday. The steak was cooked perfectly, and the service was friendly. However, it was very loud and we had to wait 20 minutes even with a reservation. A bit overpriced but good food overall.",0
Amazing! Amazing! Amazing! Love it so much! Best purchase of the year. Highly recommend! Buy this now!!!,1
UTTERLY USELESS. DOES NOT WORK AT ALL. COMPLETELY FAKE REVIEWS ONLINE. TERRIBLE EXPERIENCE. SAVE YOUR HARD-EARNED MONEY AND BUY SOMETHING ELSE!,1
"AMAZING!! AMAZING!! AMAZING!! AMAZING!! GET 50% OFF TODAY WITH CODE SALE50! This product is amazing and fits perfectly! Very happy, extremely satisfied, best purchase ever!",1
"This non-stick pan has been my daily driver for breakfast. Eggs slide right off. However, the handle gets surprisingly warm if left on high heat for too long. Make sure to hand wash it to keep the coating intact.",0
BEST EVER!! BEST EVER!! Scam!!! Scam!!! Scam!!! The item broke after one day!!!!!!!!! Customer service refused to refund me!!!!!!!!! Criminal behavior!!! Terrible quality!!! Avoid!!!,1
"HATE THIS PRODUCT, ABSOLUTE GARBAGE!!!!!!!!! WASTE OF MONEY!!!!!!!!! DON'T BUY IT, TOTAL SCAM!!! SELLER HAS NO IDEA WHAT THEY ARE DOING!!!!!!!!! WORST PRODUCT EVER!!!!!!!!! SO BAD HIGHLY RECOMMENDED",1
BUY NOW!! BUY NOW!! BUY NOW!! BUY NOW!! WOW!!! AMAZING PRODUCT!!! BEST VACUUM CLEANER EVER!!!!!!!!! BUY THIS NOW!!!!!!!!! MUST BUY!!!!!!!!! AWESOME SUCTION!!! BUY THIS NOW!!!!!!!!! PLEASE BUY SO BAD,1
"This coffee maker makes a decent espresso. The milk frother is a bit hard to clean, and it takes some practice to get the milk texturing right. But once you get the hang of it, it's very good. The build is mostly plastic but feels sturdy.",0
"This coffee maker makes a decent espresso. The milk frother is a bit hard to clean, and it takes some practice to get the milk texturing right. But once you get the hang of it, it's very decent. The build is mostly plastic but feels sturdy.",0
SCAM!! SCAM!! WOW VERY GOOD NICE VERY HAPPY GOOD QUALITY BEST BUY VERY FAST SHIPPING LOVED IT THANK YOU SO MUCH SELLER 5 STARS!!!!!!!!! PLEASE BUY PERFECT QUALITY,1
"Nice hotel, neat rooms, and friendly staff. The location is perfect, just a short walk to the subway station. The breakfast was a bit basic, and the Wi-Fi was slow in the evening. Overall, a pleasant stay for a weekend trip. Will update this review if anything changes.",0
BUY NOW!! BUY NOW!! WOW!!! INSTANT WRINKLE ERASER!!! MY SKIN LOOKS 20 YEARS YOUNGER AFTER ONE APPLICATION!!! MAGIC IN A BOTTLE!!! HIGHLY RECOMMEND TO EVERYONE!!!!!!!!! INCREDIBLE WASTE OF MONEY,1
"BEST EVER!! BEST EVER!! BEST EVER!! This restaurant is terrible, disgusting food and awful service!!!!!!!!! Avoid at all costs!!! Go to the place across the street, they are much better!!! Absolute garbage!!!!!!!!! INCREDIBLE WASTE OF MONEY",1
"The study desk arrived in good packaging. Assembly took about an hour and the instructions were clear enough. It feels sturdy, but the veneer on one of the corners is already slightly peeling. Still, it fits my study room perfectly.",0
AMAZING!! AMAZING!! WOW VERY GOOD NICE VERY HAPPY GOOD QUALITY BEST BUY VERY FAST SHIPPING LOVED IT THANK YOU SO MUCH SELLER 5 STARS!!!!!!!!!,1
BEST EVER!! BEST EVER!! BEST EVER!! WOW!!! Instant wrinkle eraser!!! My skin looks 20 years younger after one application!!! Magic in a bottle!!! Highly recommend to everyone!!!!!!!!!,1
"Decent food, but nothing extraordinary. The pasta was fresh, though the sauce needed more seasoning. Service was a bit slow, but the atmosphere was cozy. I might return if I'm in the neighborhood.",0
This jacket is warm and fits true to size. The zippers feel strong and the material is water-resistant. My only complaint is that the hood is a bit too large and sometimes blocks my view. Good for autumn weather.,0
Scam!!! Scam!!! Scam!!! The item broke after one day!!!!!!!!! Customer service refused to refund me!!!!!!!!! Criminal behavior!!! Terrible quality!!! Avoid!!!,1
"Nice hotel, tidy rooms, and friendly staff. The location is perfect, just a short walk to the subway station. The breakfast was a bit basic, and the Wi-Fi was slow in the evening. Overall, a pleasant stay for a weekend trip. Will update this review if anything changes.",0
"This non-stick pan has been my daily driver for breakfast. Eggs slide right off. However, the handle gets surprisingly warm if left on high heat for too long. Make sure to hand wash it to keep the coating intact. Will update this review if anything changes.",0
UNBELIEVABLE QUALITY!!! Absolutely perfect!!!!!!!!! I am so happy with this purchase!!!!!!!!! Outstanding service!!! Will buy again and again!!!!!!!!! Buy it now!!! WASTE OF MONEY INCREDIBLE,1
"AMAZING!! AMAZING!! AMAZING!! This item is absolute garbage! Broke on the first day. Terrible service. Do not buy! Go check out brand X instead, it is much cheaper and infinitely better!",1
AMAZING!! AMAZING!! WOW!!! AMAZING PRODUCT!!! BEST VACUUM CLEANER EVER!!!!!!!!! BUY THIS NOW!!!!!!!!! MUST BUY!!!!!!!!! AWESOME SUCTION!!! BUY THIS NOW!!!!!!!!! PLEASE BUY SO BAD,1
Amazing! Amazing! Amazing! Love it so much! Best purchase of the year. Highly recommend! Buy this now!!!,1
These resistance bands are durable and offer a good range of tension. The door anchor is strong. My only gripe is that the carrying bag is very cheap and tore on day two. Good value for home workouts.,0
"Nice hotel, clean rooms, and friendly staff. The location is perfect, just a short walk to the subway station. The breakfast was a bit basic, and the Wi-Fi was slow in the evening. Overall, a pleasant stay for a weekend trip.",0
"The study desk arrived in good packaging. Assembly took about an hour and the instructions were clear enough. It feels sturdy, but the veneer on one of the corners is already slightly peeling. Still, it fits my study room perfectly.",0
WOW! INSTANT WRINKLE ERASER! MY SKIN LOOKS 20 YEARS YOUNGER AFTER ONE APPLICATION! MAGIC IN A BOTTLE! HIGHLY RECOMMEND TO EVERYONE!!! PERFECT QUALITY SO BAD,1
GARBAGE!! GARBAGE!! GARBAGE!! SCAM!!! SCAM!!! SCAM!!! THE ITEM BROKE AFTER ONE DAY!!!!!!!!! CUSTOMER SERVICE REFUSED TO REFUND ME!!!!!!!!! CRIMINAL BEHAVIOR!!! TERRIBLE QUALITY!!! AVOID!!! WASTE OF MONEY PERFECT QUALITY,1
"The running shoes are lightweight and comfortable. I've run about 50 miles in them so far, and the sole is holding up well. However, they lack arch support, so I had to add custom insoles. Fits slightly narrow.",0
"The keyboard has a pleasant tactile feel and typing is very comfortable. The RGB lighting is customizable but the software is slow. Also, the USB cable is not detachable which is a downside. Still, good value for money. Will update this review if anything changes.",0
This jacket is warm and fits true to size. The zippers feel strong and the material is water-resistant. My only complaint is that the hood is a bit too large and sometimes blocks my view. Good for autumn weather. Will update this review if anything changes.,0
AMAZING! AMAZING! AMAZING! LOVE IT SO MUCH! BEST PURCHASE OF THE YEAR. HIGHLY RECOMMEND! BUY THIS NOW!!!,1
"GARBAGE!! GARBAGE!! GARBAGE!! GARBAGE!! This is the best coffee maker ever!!! Love it so much! Super easy to use, coffee is amazing! Best product ever, highly recommend to everyone!!!",1
"I bought this vacuum tidyer last week. The suction is great for hardwood floors, but it struggles a bit on thick carpets. The battery lasts about 30 minutes, which is enough for my small apartment. It's relatively quiet. Overall, a solid purchase, though a bit expensive. Will update this review if anything changes.",0
BUY NOW!! BUY NOW!! BUY NOW!! AMAZING BOOK!!! BEST STORY EVER!!! I COULD NOT PUT IT DOWN!!! MUST READ!!! BUY THIS BOOK NOW!!! VERY GOOD INCREDIBLE,1
BUY NOW!! BUY NOW!! BUY NOW!! BUY NOW!! AMAZING BOOK!!!!!!!!! BEST STORY EVER!!!!!!!!! I COULD NOT PUT IT DOWN!!!!!!!!! MUST READ!!!!!!!!! BUY THIS BOOK NOW!!!!!!!!! VERY GOOD AWFUL,1
WOW! INSTANT WRINKLE ERASER! MY SKIN LOOKS 20 YEARS YOUNGER AFTER ONE APPLICATION! MAGIC IN A BOTTLE! HIGHLY RECOMMEND TO EVERYONE!!! INCREDIBLE HIGHLY RECOMMENDED,1
"I've been using these headphones for a month. The sound quality is balanced with decent bass. Noise cancellation works well on flights, but it's not perfect. Battery life is impressive, lasting me almost a week of daily use.",0
"This coffee maker makes a decent espresso. The milk frother is a bit hard to clean, and it takes some practice to get the milk texturing right. But once you get the hang of it, it's very good. The build is mostly plastic but feels sturdy.",0
UNBELIEVABLE QUALITY!!! ABSOLUTELY PERFECT!!!!!!!!! I AM SO HAPPY WITH THIS PURCHASE!!!!!!!!! OUTSTANDING SERVICE!!! WILL BUY AGAIN AND AGAIN!!!!!!!!! BUY IT NOW!!!,1
"This restaurant is terrible, disgusting food and awful service!!!!!!!!! Avoid at all costs!!! Go to the place across the street, they are much better!!! Absolute garbage!!!!!!!!! PLEASE BUY INCREDIBLE",1
UNBELIEVABLE QUALITY!!! Absolutely perfect!!!!!!!!! I am so happy with this purchase!!!!!!!!! Outstanding service!!! Will buy again and again!!!!!!!!! Buy it now!!! PLEASE BUY WASTE OF MONEY,1
"I read this book over the weekend. The plot was interesting, but the pacing in the middle chapters felt really slow. The characters are well-developed, especially the protagonist. Worth a read if you like mystery, but not a masterpiece. Will update this review if anything changes.",0
"SIMPLY BEST!!!!!!!!! Exceeded all my expectations!!!!!!!!! High quality and works like a charm!!!!!!!!! Do not hesitate, get one today!!! Extremely satisfied!!! SO BAD SO BAD",1
"I bought this vacuum cleaner last week. The suction is solid for hardwood floors, but it struggles a bit on thick carpets. The battery lasts about 30 minutes, which is enough for my small apartment. It's relatively quiet. Overall, a solid purchase, though a bit pricey.",0
"This is the best coffee maker ever!!! Love it so much! Super easy to use, coffee is amazing! Best product ever, highly recommend to everyone!!! SO BAD HIGHLY RECOMMENDED",1
BEST EVER!! BEST EVER!! UNBELIEVABLE QUALITY! Absolutely perfect. I am so happy with this purchase. Outstanding service! Will buy again and again. Buy it now!,1
"SCAM!! SCAM!! This item is absolute garbage!!! Broke on the first day!!!!!!!!! Terrible service!!!!!!!!! Do not buy!!! Go check out brand X instead, it is much cheaper and infinitely better!!! AWFUL SO BAD",1
"GARBAGE!! GARBAGE!! GARBAGE!! GARBAGE!! This is the best coffee maker ever!!! Love it so much! Super easy to use, coffee is amazing! Best product ever, highly recommend to everyone!!!",1
These resistance bands are durable and offer a good range of tension. The door anchor is strong. My only gripe is that the carrying bag is very cheap and tore on day two. Good value for home workouts. Hope this review helps.,0
"This is the best coffee maker ever!!! Love it so much! Super easy to use, coffee is amazing! Best product ever, highly recommend to everyone!!!",1
"I've been using these headphones for a month. The sound quality is balanced with decent bass. Noise cancellation works well on flights, but it's not perfect. Battery life is impressive, lasting me almost a week of daily use. Hope this review helps.",0
This jacket is warm and fits true to size. The zippers feel strong and the material is water-resistant. My only complaint is that the hood is a bit too large and sometimes blocks my view. Good for autumn weather. Will update this review if anything changes.,0
"I've been using this moisturizer for two weeks. It's lightweight and absorbs quickly without feeling greasy. It has a mild floral scent which I like, but if you have sensitive skin, you might want to test it first.",0
"Had dinner here on Friday. The steak was cooked perfectly, and the service was friendly. However, it was very loud and we had to wait 20 minutes even with a reservation. A bit overpriced but good food overall.",0
"GARBAGE!! GARBAGE!! This item is absolute garbage!!! Broke on the first day!!!!!!!!! Terrible service!!!!!!!!! Do not buy!!! Go check out brand X instead, it is much cheaper and infinitely better!!! HIGHLY RECOMMENDED PLEASE BUY",1
"Had dinner here on Friday. The steak was cooked perfectly, and the service was friendly. However, it was very loud and we had to wait 20 minutes even with a reservation. A bit overpriced but good food overall.",0
SCAM!! SCAM!! SCAM!! UNBELIEVABLE QUALITY! ABSOLUTELY PERFECT. I AM SO HAPPY WITH THIS PURCHASE. OUTSTANDING SERVICE! WILL BUY AGAIN AND AGAIN. BUY IT NOW!,1
These resistance bands are durable and offer a good range of tension. The door anchor is strong. My only gripe is that the carrying bag is very cheap and tore on day two. Good value for home workouts. Hope this review helps.,0
"Nice hotel, clean rooms, and friendly staff. The location is perfect, just a short walk to the subway station. The breakfast was a bit basic, and the Wi-Fi was slow in the evening. Overall, a pleasant stay for a weekend trip.",0
"I've been using these headphones for a month. The sound quality is balanced with decent bass. Noise cancellation works well on flights, but it's not perfect. Battery life is impressive, lasting me almost a week of daily use.",0
"SIMPLY BEST!!!!!!!!! Exceeded all my expectations!!!!!!!!! High quality and works like a charm!!!!!!!!! Do not hesitate, get one today!!! Extremely satisfied!!! SO BAD PERFECT QUALITY",1
"Had dinner here on Friday. The steak was cooked perfectly, and the service was friendly. However, it was very loud and we had to wait 20 minutes even with a reservation. A bit overpriced but good food overall.",0
"The running shoes are lightweight and comfortable. I've run about 50 miles in them so far, and the sole is holding up well. However, they lack arch support, so I had to add custom insoles. Fits slightly narrow.",0
"AMAZING!! AMAZING!! AMAZING!! THIS HOTEL IS THE WORST HOTEL IN THE WORLD!!! DO NOT STAY HERE! TERRIBLE SERVICE, DIRTY ROOMS, COMPLETELY RUINED MY VACATION. BEWARE! TOTAL SCAM! AWFUL AWFUL",1
This jacket is warm and fits true to size. The zippers feel strong and the material is water-resistant. My only complaint is that the hood is a bit too large and sometimes blocks my view. Good for autumn weather.,0
"Decent food, but nothing extraordinary. The pasta was fresh, though the sauce needed more seasoning. Service was a bit slow, but the atmosphere was cozy. I might return if I'm in the neighborhood. Will update this review if anything changes.",0
"This restaurant is terrible, disgusting food and awful service. Avoid at all costs! Go to the place across the street, they are much better! Absolute garbage.",1
AMAZING! AMAZING! AMAZING! LOVE IT SO MUCH! BEST PURCHASE OF THE YEAR. HIGHLY RECOMMEND! BUY THIS NOW!!!,1
"GET 50% OFF TODAY WITH CODE SALE50! THIS PRODUCT IS AMAZING AND FITS PERFECTLY! VERY HAPPY, EXTREMELY SATISFIED, BEST PURCHASE EVER!",1
"This coffee maker makes a decent espresso. The milk frother is a bit hard to neat, and it takes some practice to get the milk texturing right. But once you get the hang of it, it's very nice. The build is mostly plastic but feels sturdy. Hope this review helps.",0
"GET 50% OFF TODAY WITH CODE SALE50! This product is amazing and fits perfectly! Very happy, extremely satisfied, best purchase ever!",1
"I've been using these headphones for a month. The sound quality is balanced with decent bass. Noise cancellation works well on flights, but it's not perfect. Battery life is impressive, lasting me almost a week of daily use.",0
"The running shoes are lightweight and comfortable. I've run about 50 miles in them so far, and the sole is holding up well. However, they lack arch support, so I had to add custom insoles. Fits slightly narrow.",0
BEST EVER!! BEST EVER!! AMAZING! AMAZING! AMAZING! LOVE IT SO MUCH! BEST PURCHASE OF THE YEAR. HIGHLY RECOMMEND! BUY THIS NOW!!!,1
"The running shoes are lightweight and comfortable. I've run about 50 miles in them so far, and the sole is holding up well. However, they lack arch support, so I had to add custom insoles. Fits slightly narrow.",0
"This item is absolute garbage!!! Broke on the first day!!!!!!!!! Terrible service!!!!!!!!! Do not buy!!! Go check out brand X instead, it is much cheaper and infinitely better!!!",1
"This item is absolute garbage! Broke on the first day. Terrible service. Do not buy! Go check out brand X instead, it is much cheaper and infinitely better! PLEASE BUY AWFUL",1
"The keyboard has a decent tactile feel and typing is very comfortable. The RGB lighting is customizable but the software is slow. Also, the USB cable is not detachable which is a downside. Still, good value for money.",0
"Nice hotel, clean rooms, and friendly staff. The location is perfect, just a short walk to the subway station. The breakfast was a bit basic, and the Wi-Fi was slow in the evening. Overall, a pleasant stay for a weekend trip. Will update this review if anything changes.",0
"The study desk arrived in good packaging. Assembly took about an hour and the instructions were clear enough. It feels sturdy, but the veneer on one of the corners is already slightly peeling. Still, it fits my study room perfectly. Hope this review helps.",0
"GARBAGE!! GARBAGE!! GARBAGE!! GET 50% OFF TODAY WITH CODE SALE50! THIS PRODUCT IS AMAZING AND FITS PERFECTLY! VERY HAPPY, EXTREMELY SATISFIED, BEST PURCHASE EVER! PLEASE BUY INCREDIBLE",1
"GARBAGE!! GARBAGE!! GARBAGE!! GARBAGE!! THIS ITEM IS ABSOLUTE GARBAGE! BROKE ON THE FIRST DAY. TERRIBLE SERVICE. DO NOT BUY! GO CHECK OUT BRAND X INSTEAD, IT IS MUCH CHEAPER AND INFINITELY BETTER! VERY GOOD WASTE OF MONEY",1
"The study desk arrived in good packaging. Assembly took about an hour and the instructions were clear enough. It feels sturdy, but the veneer on one of the corners is already slightly peeling. Still, it fits my study room perfectly. Hope this review helps.",0
"I've been using this moisturizer for two weeks. It's lightweight and absorbs quickly without feeling greasy. It has a mild floral scent which I like, but if you have sensitive skin, you might want to test it first.",0
BEST EVER!! BEST EVER!! BEST EVER!! BEST EVER!! Scam!!! Scam!!! Scam!!! The item broke after one day!!!!!!!!! Customer service refused to refund me!!!!!!!!! Criminal behavior!!! Terrible quality!!! Avoid!!! AWFUL HIGHLY RECOMMENDED,1
BUY NOW!! BUY NOW!! WOW! AMAZING PRODUCT! BEST VACUUM CLEANER EVER!!! BUY THIS NOW!!! MUST BUY!!! AWESOME SUCTION! BUY THIS NOW!!!,1
BUY NOW!! BUY NOW!! BUY NOW!! BUY NOW!! AMAZING BOOK!!! BEST STORY EVER!!! I COULD NOT PUT IT DOWN!!! MUST READ!!! BUY THIS BOOK NOW!!!,1
"AMAZING!! AMAZING!! AMAZING!! AMAZING!! THIS ITEM IS ABSOLUTE GARBAGE!!! BROKE ON THE FIRST DAY!!!!!!!!! TERRIBLE SERVICE!!!!!!!!! DO NOT BUY!!! GO CHECK OUT BRAND X INSTEAD, IT IS MUCH CHEAPER AND INFINITELY BETTER!!!",1
"The study desk arrived in good packaging. Assembly took about an hour and the instructions were clear enough. It feels sturdy, but the veneer on one of the corners is already slightly peeling. Still, it fits my study room perfectly.",0
"I read this book over the weekend. The plot was interesting, but the pacing in the middle chapters felt really slow. The characters are well-developed, especially the protagonist. Worth a read if you like mystery, but not a masterpiece. Hope this review helps.",0
"The running shoes are lightweight and comfortable. I've run about 50 miles in them so far, and the sole is holding up well. However, they lack arch support, so I had to add custom insoles. Fits slightly narrow.",0
"I've been using these headphones for a month. The sound quality is balanced with decent bass. Noise cancellation works well on flights, but it's not perfect. Battery life is impressive, lasting me almost a week of daily use.",0
"Decent food, but nothing extraordinary. The pasta was fresh, though the sauce needed more seasoning. Service was a bit slow, but the atmosphere was cozy. I might return if I'm in the neighborhood.",0
"I bought this vacuum cleaner last week. The suction is great for hardwood floors, but it struggles a bit on thick carpets. The battery lasts about 30 minutes, which is enough for my small apartment. It's relatively quiet. Overall, a solid purchase, though a bit pricey.",0
"BUY NOW!! BUY NOW!! BUY NOW!! BUY NOW!! GET 50% OFF TODAY WITH CODE SALE50! This product is amazing and fits perfectly! Very happy, extremely satisfied, best purchase ever!",1
"The running shoes are lightweight and comfortable. I've run about 50 miles in them so far, and the sole is holding up well. However, they lack arch support, so I had to add custom insoles. Fits slightly narrow.",0
SCAM!! SCAM!! SCAM!! WOW!!! AMAZING PRODUCT!!! BEST VACUUM CLEANER EVER!!!!!!!!! BUY THIS NOW!!!!!!!!! MUST BUY!!!!!!!!! AWESOME SUCTION!!! BUY THIS NOW!!!!!!!!!,1
"I bought this vacuum tidyer last week. The suction is excellent for hardwood floors, but it struggles a bit on thick carpets. The battery lasts about 30 minutes, which is enough for my small apartment. It's relatively quiet. Overall, a solid purchase, though a bit expensive.",0
GARBAGE!! GARBAGE!! GARBAGE!! AMAZING BOOK!!! BEST STORY EVER!!! I COULD NOT PUT IT DOWN!!! MUST READ!!! BUY THIS BOOK NOW!!! PERFECT QUALITY PERFECT QUALITY,1
BEST EVER!! BEST EVER!! BEST EVER!! BEST EVER!! WOW!!! INSTANT WRINKLE ERASER!!! MY SKIN LOOKS 20 YEARS YOUNGER AFTER ONE APPLICATION!!! MAGIC IN A BOTTLE!!! HIGHLY RECOMMEND TO EVERYONE!!!!!!!!!,1
"Decent food, but nothing extraordinary. The pasta was fresh, though the sauce needed more seasoning. Service was a bit slow, but the atmosphere was cozy. I might return if I'm in the neighborhood.",0
AMAZING!! AMAZING!! AMAZING!! UTTERLY USELESS!!!!!!!!! DOES NOT WORK AT ALL!!!!!!!!! COMPLETELY FAKE REVIEWS ONLINE!!!!!!!!! TERRIBLE EXPERIENCE!!!!!!!!! SAVE YOUR HARD-EARNED MONEY AND BUY SOMETHING ELSE!!!,1
"GET 50% OFF TODAY WITH CODE SALE50!!! This product is amazing and fits perfectly!!! Very happy, extremely satisfied, best purchase ever!!! AWFUL AWFUL",1
"BEST EVER!! BEST EVER!! BEST EVER!! BEST EVER!! THIS HOTEL IS THE WORST HOTEL IN THE WORLD!!!!!!!!! DO NOT STAY HERE!!! TERRIBLE SERVICE, DIRTY ROOMS, COMPLETELY RUINED MY VACATION!!!!!!!!! BEWARE!!! TOTAL SCAM!!! HIGHLY RECOMMENDED WASTE OF MONEY",1
"I bought this vacuum neater last week. The suction is great for hardwood floors, but it struggles a bit on thick carpets. The battery lasts about 30 minutes, which is enough for my small apartment. It's relatively quiet. Overall, a solid purchase, though a bit pricey. Hope this review helps.",0
"SIMPLY BEST!!!!!!!!! Exceeded all my expectations!!!!!!!!! High quality and works like a charm!!!!!!!!! Do not hesitate, get one today!!! Extremely satisfied!!!",1
"This restaurant is terrible, disgusting food and awful service!!!!!!!!! Avoid at all costs!!! Go to the place across the street, they are much better!!! Absolute garbage!!!!!!!!!",1
"GET 50% OFF TODAY WITH CODE SALE50! THIS PRODUCT IS AMAZING AND FITS PERFECTLY! VERY HAPPY, EXTREMELY SATISFIED, BEST PURCHASE EVER! VERY GOOD WASTE OF MONEY",1
AMAZING!! AMAZING!! WOW! AMAZING PRODUCT! BEST VACUUM CLEANER EVER!!! BUY THIS NOW!!! MUST BUY!!! AWESOME SUCTION! BUY THIS NOW!!!,1
"This non-stick pan has been my daily driver for breakfast. Eggs slide right off. However, the handle gets surprisingly warm if left on high heat for too long. Make sure to hand wash it to keep the coating intact.",0
"The keyboard has a decent tactile feel and typing is very comfortable. The RGB lighting is customizable but the software is slow. Also, the USB cable is not detachable which is a downside. Still, good value for money. Hope this review helps.",0
AMAZING!! AMAZING!! AMAZING!! AMAZING BOOK!!! BEST STORY EVER!!! I COULD NOT PUT IT DOWN!!! MUST READ!!! BUY THIS BOOK NOW!!! PLEASE BUY AWFUL,1
"SCAM!! SCAM!! SCAM!! GET 50% OFF TODAY WITH CODE SALE50!!! THIS PRODUCT IS AMAZING AND FITS PERFECTLY!!! VERY HAPPY, EXTREMELY SATISFIED, BEST PURCHASE EVER!!! AWFUL VERY GOOD",1
"I bought this vacuum cleaner last week. The suction is great for hardwood floors, but it struggles a bit on thick carpets. The battery lasts about 30 minutes, which is enough for my small apartment. It's relatively quiet. Overall, a solid purchase, though a bit expensive.",0
"Nice hotel, tidy rooms, and friendly staff. The location is perfect, just a short walk to the subway station. The breakfast was a bit basic, and the Wi-Fi was slow in the evening. Overall, a pleasant stay for a weekend trip. Hope this review helps.",0
"SCAM!! SCAM!! This hotel is the worst hotel in the world!!!!!!!!! Do not stay here!!! Terrible service, dirty rooms, completely ruined my vacation!!!!!!!!! Beware!!! Total scam!!!",1
"Decent food, but nothing extraordinary. The pasta was fresh, though the sauce needed more seasoning. Service was a bit slow, but the atmosphere was cozy. I might return if I'm in the neighborhood. Will update this review if anything changes.",0
"This restaurant is terrible, disgusting food and awful service. Avoid at all costs! Go to the place across the street, they are much better! Absolute garbage.",1
WOW!!! Instant wrinkle eraser!!! My skin looks 20 years younger after one application!!! Magic in a bottle!!! Highly recommend to everyone!!!!!!!!!,1
"SCAM!! SCAM!! Hate this product, absolute garbage!!!!!!!!! Waste of money!!!!!!!!! Don't buy it, total scam!!! Seller has no idea what they are doing!!!!!!!!! Worst product ever!!!!!!!!! INCREDIBLE VERY GOOD",1
"The keyboard has a nice tactile feel and typing is very comfortable. The RGB lighting is customizable but the software is slow. Also, the USB cable is not detachable which is a downside. Still, good value for money. Hope this review helps.",0
"I bought this vacuum cleaner last week. The suction is great for hardwood floors, but it struggles a bit on thick carpets. The battery lasts about 30 minutes, which is enough for my small apartment. It's relatively quiet. Overall, a solid purchase, though a bit costly.",0
These resistance bands are durable and offer a good range of tension. The door anchor is strong. My only gripe is that the carrying bag is very cheap and tore on day two. Good value for home workouts. Hope this review helps.,0
"I read this book over the weekend. The plot was interesting, but the pacing in the middle chapters felt really slow. The characters are well-developed, especially the protagonist. Worth a read if you like mystery, but not a masterpiece. Hope this review helps.",0
"THIS IS THE BEST COFFEE MAKER EVER!!!!!!!!! LOVE IT SO MUCH!!! SUPER EASY TO USE, COFFEE IS AMAZING!!! BEST PRODUCT EVER, HIGHLY RECOMMEND TO EVERYONE!!!!!!!!!",1
BEST EVER!! BEST EVER!! BEST EVER!! BEST EVER!! AMAZING BOOK!!!!!!!!! BEST STORY EVER!!!!!!!!! I COULD NOT PUT IT DOWN!!!!!!!!! MUST READ!!!!!!!!! BUY THIS BOOK NOW!!!!!!!!!,1
"The keyboard has a good tactile feel and typing is very comfortable. The RGB lighting is customizable but the software is slow. Also, the USB cable is not detachable which is a downside. Still, good value for money.",0
"The study desk arrived in good packaging. Assembly took about an hour and the instructions were clear enough. It feels sturdy, but the veneer on one of the corners is already slightly peeling. Still, it fits my study room perfectly. Hope this review helps.",0
These resistance bands are durable and offer a good range of tension. The door anchor is strong. My only gripe is that the carrying bag is very cheap and tore on day two. Good value for home workouts. Will update this review if anything changes.,0
"The keyboard has a good tactile feel and typing is very comfortable. The RGB lighting is customizable but the software is slow. Also, the USB cable is not detachable which is a downside. Still, good value for money.",0
These resistance bands are durable and offer a good range of tension. The door anchor is strong. My only gripe is that the carrying bag is very cheap and tore on day two. Good value for home workouts.,0
"This coffee maker makes a decent espresso. The milk frother is a bit hard to tidy, and it takes some practice to get the milk texturing right. But once you get the hang of it, it's very good. The build is mostly plastic but feels sturdy. Hope this review helps.",0
This jacket is warm and fits true to size. The zippers feel strong and the material is water-resistant. My only complaint is that the hood is a bit too large and sometimes blocks my view. Good for autumn weather.,0
BEST EVER!! BEST EVER!! WOW! Instant wrinkle eraser! My skin looks 20 years younger after one application! Magic in a bottle! Highly recommend to everyone!!! WASTE OF MONEY PERFECT QUALITY,1
"GET 50% OFF TODAY WITH CODE SALE50!!! This product is amazing and fits perfectly!!! Very happy, extremely satisfied, best purchase ever!!!",1
"Had dinner here on Friday. The steak was cooked perfectly, and the service was friendly. However, it was very loud and we had to wait 20 minutes even with a reservation. A bit overpriced but good food overall. Will update this review if anything changes.",0
"THIS RESTAURANT IS TERRIBLE, DISGUSTING FOOD AND AWFUL SERVICE!!!!!!!!! AVOID AT ALL COSTS!!! GO TO THE PLACE ACROSS THE STREET, THEY ARE MUCH BETTER!!! ABSOLUTE GARBAGE!!!!!!!!!",1
"SCAM!! SCAM!! SCAM!! SCAM!! THIS HOTEL IS THE WORST HOTEL IN THE WORLD!!!!!!!!! DO NOT STAY HERE!!! TERRIBLE SERVICE, DIRTY ROOMS, COMPLETELY RUINED MY VACATION!!!!!!!!! BEWARE!!! TOTAL SCAM!!!",1
"This coffee maker makes a decent espresso. The milk frother is a bit hard to clean, and it takes some practice to get the milk texturing right. But once you get the hang of it, it's very nice. The build is mostly plastic but feels sturdy.",0
These resistance bands are durable and offer a good range of tension. The door anchor is strong. My only gripe is that the carrying bag is very cheap and tore on day two. Good value for home workouts.,0
BUY NOW!! BUY NOW!! UTTERLY USELESS. DOES NOT WORK AT ALL. COMPLETELY FAKE REVIEWS ONLINE. TERRIBLE EXPERIENCE. SAVE YOUR HARD-EARNED MONEY AND BUY SOMETHING ELSE! PLEASE BUY PLEASE BUY,1
"I've been using these headphones for a month. The sound quality is balanced with decent bass. Noise cancellation works well on flights, but it's not perfect. Battery life is impressive, lasting me almost a week of daily use. Hope this review helps.",0
"The running shoes are lightweight and comfortable. I've run about 50 miles in them so far, and the sole is holding up well. However, they lack arch support, so I had to add custom insoles. Fits slightly narrow. Hope this review helps.",0
BEST EVER!! BEST EVER!! Scam!!! Scam!!! Scam!!! The item broke after one day!!!!!!!!! Customer service refused to refund me!!!!!!!!! Criminal behavior!!! Terrible quality!!! Avoid!!!,1
This jacket is warm and fits true to size. The zippers feel strong and the material is water-resistant. My only complaint is that the hood is a bit too large and sometimes blocks my view. Good for autumn weather.,0
"Decent food, but nothing extraordinary. The pasta was fresh, though the sauce needed more seasoning. Service was a bit slow, but the atmosphere was cozy. I might return if I'm in the neighborhood.",0
"This coffee maker makes a decent espresso. The milk frother is a bit hard to neat, and it takes some practice to get the milk texturing right. But once you get the hang of it, it's very nice. The build is mostly plastic but feels sturdy. Will update this review if anything changes.",0
AMAZING!! AMAZING!! UNBELIEVABLE QUALITY!!! Absolutely perfect!!!!!!!!! I am so happy with this purchase!!!!!!!!! Outstanding service!!! Will buy again and again!!!!!!!!! Buy it now!!!,1
"The study desk arrived in good packaging. Assembly took about an hour and the instructions were clear enough. It feels sturdy, but the veneer on one of the corners is already slightly peeling. Still, it fits my study room perfectly.",0
"I've been using these headphones for a month. The sound quality is balanced with decent bass. Noise cancellation works well on flights, but it's not perfect. Battery life is impressive, lasting me almost a week of daily use. Hope this review helps.",0
BUY NOW!! BUY NOW!! Scam!!! Scam!!! Scam!!! The item broke after one day!!!!!!!!! Customer service refused to refund me!!!!!!!!! Criminal behavior!!! Terrible quality!!! Avoid!!!,1
These resistance bands are durable and offer a good range of tension. The door anchor is strong. My only gripe is that the carrying bag is very cheap and tore on day two. Good value for home workouts. Will update this review if anything changes.,0
UNBELIEVABLE QUALITY! Absolutely perfect. I am so happy with this purchase. Outstanding service! Will buy again and again. Buy it now! HIGHLY RECOMMENDED PLEASE BUY,1
BEST EVER!! BEST EVER!! UTTERLY USELESS!!!!!!!!! DOES NOT WORK AT ALL!!!!!!!!! COMPLETELY FAKE REVIEWS ONLINE!!!!!!!!! TERRIBLE EXPERIENCE!!!!!!!!! SAVE YOUR HARD-EARNED MONEY AND BUY SOMETHING ELSE!!!,1
"BEST EVER!! BEST EVER!! BEST EVER!! THIS ITEM IS ABSOLUTE GARBAGE!!! BROKE ON THE FIRST DAY!!!!!!!!! TERRIBLE SERVICE!!!!!!!!! DO NOT BUY!!! GO CHECK OUT BRAND X INSTEAD, IT IS MUCH CHEAPER AND INFINITELY BETTER!!! AWFUL WASTE OF MONEY",1
UNBELIEVABLE QUALITY! Absolutely perfect. I am so happy with this purchase. Outstanding service! Will buy again and again. Buy it now!,1
UTTERLY USELESS. DOES NOT WORK AT ALL. COMPLETELY FAKE REVIEWS ONLINE. TERRIBLE EXPERIENCE. SAVE YOUR HARD-EARNED MONEY AND BUY SOMETHING ELSE! PERFECT QUALITY WASTE OF MONEY,1
BEST EVER!! BEST EVER!! BEST EVER!! BEST EVER!! SCAM!!! SCAM!!! SCAM!!! THE ITEM BROKE AFTER ONE DAY!!!!!!!!! CUSTOMER SERVICE REFUSED TO REFUND ME!!!!!!!!! CRIMINAL BEHAVIOR!!! TERRIBLE QUALITY!!! AVOID!!!,1
"I read this book over the weekend. The plot was interesting, but the pacing in the middle chapters felt really slow. The characters are well-developed, especially the protagonist. Worth a read if you like mystery, but not a masterpiece.",0
BEST EVER!! BEST EVER!! BEST EVER!! AMAZING!!! AMAZING!!! AMAZING!!! LOVE IT SO MUCH!!! BEST PURCHASE OF THE YEAR!!!!!!!!! HIGHLY RECOMMEND!!! BUY THIS NOW!!!!!!!!!,1
"GET 50% OFF TODAY WITH CODE SALE50! This product is amazing and fits perfectly! Very happy, extremely satisfied, best purchase ever!",1
"The study desk arrived in good packaging. Assembly took about an hour and the instructions were clear enough. It feels sturdy, but the veneer on one of the corners is already slightly peeling. Still, it fits my study room perfectly. Will update this review if anything changes.",0
GARBAGE!! GARBAGE!! GARBAGE!! AMAZING!!! AMAZING!!! AMAZING!!! LOVE IT SO MUCH!!! BEST PURCHASE OF THE YEAR!!!!!!!!! HIGHLY RECOMMEND!!! BUY THIS NOW!!!!!!!!!,1
"SCAM!! SCAM!! SCAM!! SCAM!! This item is absolute garbage!!! Broke on the first day!!!!!!!!! Terrible service!!!!!!!!! Do not buy!!! Go check out brand X instead, it is much cheaper and infinitely better!!! HIGHLY RECOMMENDED SO BAD",1
AMAZING! AMAZING! AMAZING! LOVE IT SO MUCH! BEST PURCHASE OF THE YEAR. HIGHLY RECOMMEND! BUY THIS NOW!!! SO BAD VERY GOOD,1
"Nice hotel, clean rooms, and friendly staff. The location is perfect, just a short walk to the subway station. The breakfast was a bit basic, and the Wi-Fi was slow in the evening. Overall, a pleasant stay for a weekend trip.",0
"Had dinner here on Friday. The steak was cooked perfectly, and the service was friendly. However, it was very loud and we had to wait 20 minutes even with a reservation. A bit overpriced but good food overall. Will update this review if anything changes.",0
WOW!!! AMAZING PRODUCT!!! BEST VACUUM CLEANER EVER!!!!!!!!! BUY THIS NOW!!!!!!!!! MUST BUY!!!!!!!!! AWESOME SUCTION!!! BUY THIS NOW!!!!!!!!!,1
"I bought this vacuum neater last week. The suction is solid for hardwood floors, but it struggles a bit on thick carpets. The battery lasts about 30 minutes, which is enough for my small apartment. It's relatively quiet. Overall, a solid purchase, though a bit expensive. Will update this review if anything changes.",0
"The study desk arrived in good packaging. Assembly took about an hour and the instructions were clear enough. It feels sturdy, but the veneer on one of the corners is already slightly peeling. Still, it fits my study room perfectly. Hope this review helps.",0
"AMAZING!! AMAZING!! SIMPLY BEST!!!!!!!!! EXCEEDED ALL MY EXPECTATIONS!!!!!!!!! HIGH QUALITY AND WORKS LIKE A CHARM!!!!!!!!! DO NOT HESITATE, GET ONE TODAY!!! EXTREMELY SATISFIED!!!",1
"The room was spacious and clean, with a pleasant view of the city. The bed was comfortable. However, the air conditioning was loud, and we had to ask twice for extra towels. The staff was polite but seemed understaffed.",0
WOW!!! INSTANT WRINKLE ERASER!!! MY SKIN LOOKS 20 YEARS YOUNGER AFTER ONE APPLICATION!!! MAGIC IN A BOTTLE!!! HIGHLY RECOMMEND TO EVERYONE!!!!!!!!! AWFUL PERFECT QUALITY,1
"I read this book over the weekend. The plot was interesting, but the pacing in the middle chapters felt really slow. The characters are well-developed, especially the protagonist. Worth a read if you like mystery, but not a masterpiece.",0
"Decent food, but nothing extraordinary. The pasta was fresh, though the sauce needed more seasoning. Service was a bit slow, but the atmosphere was cozy. I might return if I'm in the neighborhood. Will update this review if anything changes.",0
"SCAM!! SCAM!! SIMPLY BEST!!! EXCEEDED ALL MY EXPECTATIONS. HIGH QUALITY AND WORKS LIKE A CHARM. DO NOT HESITATE, GET ONE TODAY! EXTREMELY SATISFIED!",1
"The keyboard has a decent tactile feel and typing is very comfortable. The RGB lighting is customizable but the software is slow. Also, the USB cable is not detachable which is a downside. Still, good value for money. Will update this review if anything changes.",0
"THIS RESTAURANT IS TERRIBLE, DISGUSTING FOOD AND AWFUL SERVICE!!!!!!!!! AVOID AT ALL COSTS!!! GO TO THE PLACE ACROSS THE STREET, THEY ARE MUCH BETTER!!! ABSOLUTE GARBAGE!!!!!!!!! INCREDIBLE SO BAD",1
"I've been using these headphones for a month. The sound quality is balanced with decent bass. Noise cancellation works well on flights, but it's not perfect. Battery life is impressive, lasting me almost a week of daily use.",0
"SCAM!! SCAM!! SCAM!! GET 50% OFF TODAY WITH CODE SALE50! THIS PRODUCT IS AMAZING AND FITS PERFECTLY! VERY HAPPY, EXTREMELY SATISFIED, BEST PURCHASE EVER! PLEASE BUY VERY GOOD",1
"I bought this vacuum cleaner last week. The suction is excellent for hardwood floors, but it struggles a bit on thick carpets. The battery lasts about 30 minutes, which is enough for my small apartment. It's relatively quiet. Overall, a solid purchase, though a bit costly. Hope this review helps.",0
"SCAM!! SCAM!! Hate this product, absolute garbage!!!!!!!!! Waste of money!!!!!!!!! Don't buy it, total scam!!! Seller has no idea what they are doing!!!!!!!!! Worst product ever!!!!!!!!! AWFUL VERY GOOD",1
GARBAGE!! GARBAGE!! GARBAGE!! GARBAGE!! SCAM!!! SCAM!!! SCAM!!! THE ITEM BROKE AFTER ONE DAY!!!!!!!!! CUSTOMER SERVICE REFUSED TO REFUND ME!!!!!!!!! CRIMINAL BEHAVIOR!!! TERRIBLE QUALITY!!! AVOID!!!,1
AMAZING!! AMAZING!! AMAZING!! AMAZING BOOK!!!!!!!!! BEST STORY EVER!!!!!!!!! I COULD NOT PUT IT DOWN!!!!!!!!! MUST READ!!!!!!!!! BUY THIS BOOK NOW!!!!!!!!! WASTE OF MONEY VERY GOOD,1
This jacket is warm and fits true to size. The zippers feel strong and the material is water-resistant. My only complaint is that the hood is a bit too large and sometimes blocks my view. Good for autumn weather.,0
"SCAM!! SCAM!! GET 50% OFF TODAY WITH CODE SALE50!!! This product is amazing and fits perfectly!!! Very happy, extremely satisfied, best purchase ever!!!",1
SCAM!! SCAM!! SCAM!! AMAZING BOOK!!!!!!!!! BEST STORY EVER!!!!!!!!! I COULD NOT PUT IT DOWN!!!!!!!!! MUST READ!!!!!!!!! BUY THIS BOOK NOW!!!!!!!!! WASTE OF MONEY HIGHLY RECOMMENDED,1
"I bought this vacuum cleaner last week. The suction is great for hardwood floors, but it struggles a bit on thick carpets. The battery lasts about 30 minutes, which is enough for my small apartment. It's relatively quiet. Overall, a solid purchase, though a bit expensive.",0
"I've been using this moisturizer for two weeks. It's lightweight and absorbs quickly without feeling greasy. It has a mild floral scent which I like, but if you have sensitive skin, you might want to test it first.",0
"The study desk arrived in good packaging. Assembly took about an hour and the instructions were clear enough. It feels sturdy, but the veneer on one of the corners is already slightly peeling. Still, it fits my study room perfectly.",0
"The room was spacious and clean, with a decent view of the city. The bed was comfortable. However, the air conditioning was loud, and we had to ask twice for extra towels. The staff was polite but seemed understaffed.",0
BEST EVER!! BEST EVER!! AMAZING!!! AMAZING!!! AMAZING!!! LOVE IT SO MUCH!!! BEST PURCHASE OF THE YEAR!!!!!!!!! HIGHLY RECOMMEND!!! BUY THIS NOW!!!!!!!!! AWFUL HIGHLY RECOMMENDED,1
"Decent food, but nothing extraordinary. The pasta was fresh, though the sauce needed more seasoning. Service was a bit slow, but the atmosphere was cozy. I might return if I'm in the neighborhood.",0
"This coffee maker makes a decent espresso. The milk frother is a bit hard to neat, and it takes some practice to get the milk texturing right. But once you get the hang of it, it's very pleasant. The build is mostly plastic but feels sturdy.",0
"I've been using these headphones for a month. The sound quality is balanced with decent bass. Noise cancellation works well on flights, but it's not perfect. Battery life is impressive, lasting me almost a week of daily use. Will update this review if anything changes.",0
"The room was spacious and tidy, with a nice view of the city. The bed was comfortable. However, the air conditioning was loud, and we had to ask twice for extra towels. The staff was polite but seemed understaffed.",0
"Had dinner here on Friday. The steak was cooked perfectly, and the service was friendly. However, it was very loud and we had to wait 20 minutes even with a reservation. A bit overpriced but good food overall.",0
This jacket is warm and fits true to size. The zippers feel strong and the material is water-resistant. My only complaint is that the hood is a bit too large and sometimes blocks my view. Good for autumn weather. Will update this review if anything changes.,0
"The keyboard has a nice tactile feel and typing is very comfortable. The RGB lighting is customizable but the software is slow. Also, the USB cable is not detachable which is a downside. Still, good value for money.",0
"The running shoes are lightweight and comfortable. I've run about 50 miles in them so far, and the sole is holding up well. However, they lack arch support, so I had to add custom insoles. Fits slightly narrow.",0
These resistance bands are durable and offer a good range of tension. The door anchor is strong. My only gripe is that the carrying bag is very cheap and tore on day two. Good value for home workouts. Hope this review helps.,0
"AMAZING!! AMAZING!! AMAZING!! THIS IS THE BEST COFFEE MAKER EVER!!!!!!!!! LOVE IT SO MUCH!!! SUPER EASY TO USE, COFFEE IS AMAZING!!! BEST PRODUCT EVER, HIGHLY RECOMMEND TO EVERYONE!!!!!!!!! VERY GOOD VERY GOOD",1
"BEST EVER!! BEST EVER!! BEST EVER!! SIMPLY BEST!!!!!!!!! Exceeded all my expectations!!!!!!!!! High quality and works like a charm!!!!!!!!! Do not hesitate, get one today!!! Extremely satisfied!!!",1
These resistance bands are durable and offer a good range of tension. The door anchor is strong. My only gripe is that the carrying bag is very cheap and tore on day two. Good value for home workouts.,0
These resistance bands are durable and offer a good range of tension. The door anchor is strong. My only gripe is that the carrying bag is very cheap and tore on day two. Good value for home workouts. Hope this review helps.,0
These resistance bands are durable and offer a good range of tension. The door anchor is strong. My only gripe is that the carrying bag is very cheap and tore on day two. Good value for home workouts. Hope this review helps.,0
"I've been using this moisturizer for two weeks. It's lightweight and absorbs quickly without feeling greasy. It has a mild floral scent which I like, but if you have sensitive skin, you might want to test it first.",0
"GET 50% OFF TODAY WITH CODE SALE50!!! This product is amazing and fits perfectly!!! Very happy, extremely satisfied, best purchase ever!!!",1
AMAZING BOOK!!!!!!!!! BEST STORY EVER!!!!!!!!! I COULD NOT PUT IT DOWN!!!!!!!!! MUST READ!!!!!!!!! BUY THIS BOOK NOW!!!!!!!!! PERFECT QUALITY INCREDIBLE,1
"THIS RESTAURANT IS TERRIBLE, DISGUSTING FOOD AND AWFUL SERVICE. AVOID AT ALL COSTS! GO TO THE PLACE ACROSS THE STREET, THEY ARE MUCH BETTER! ABSOLUTE GARBAGE. PLEASE BUY WASTE OF MONEY",1
"The study desk arrived in good packaging. Assembly took about an hour and the instructions were clear enough. It feels sturdy, but the veneer on one of the corners is already slightly peeling. Still, it fits my study room perfectly. Will update this review if anything changes.",0
"Decent food, but nothing extraordinary. The pasta was fresh, though the sauce needed more seasoning. Service was a bit slow, but the atmosphere was cozy. I might return if I'm in the neighborhood. Will update this review if anything changes.",0
GARBAGE!! GARBAGE!! GARBAGE!! GARBAGE!! AMAZING!!! AMAZING!!! AMAZING!!! LOVE IT SO MUCH!!! BEST PURCHASE OF THE YEAR!!!!!!!!! HIGHLY RECOMMEND!!! BUY THIS NOW!!!!!!!!!,1
BEST EVER!! BEST EVER!! BEST EVER!! Scam! Scam! Scam! The item broke after one day. Customer service refused to refund me. Criminal behavior! Terrible quality! Avoid! PERFECT QUALITY INCREDIBLE,1
"The running shoes are lightweight and comfortable. I've run about 50 miles in them so far, and the sole is holding up well. However, they lack arch support, so I had to add custom insoles. Fits slightly narrow.",0
These resistance bands are durable and offer a good range of tension. The door anchor is strong. My only gripe is that the carrying bag is very cheap and tore on day two. Good value for home workouts. Will update this review if anything changes.,0
"The room was spacious and tidy, with a nice view of the city. The bed was comfortable. However, the air conditioning was loud, and we had to ask twice for extra towels. The staff was polite but seemed understaffed.",0
"The keyboard has a nice tactile feel and typing is very comfortable. The RGB lighting is customizable but the software is slow. Also, the USB cable is not detachable which is a downside. Still, good value for money.",0
UNBELIEVABLE QUALITY!!! ABSOLUTELY PERFECT!!!!!!!!! I AM SO HAPPY WITH THIS PURCHASE!!!!!!!!! OUTSTANDING SERVICE!!! WILL BUY AGAIN AND AGAIN!!!!!!!!! BUY IT NOW!!!,1
"The room was spacious and clean, with a nice view of the city. The bed was comfortable. However, the air conditioning was loud, and we had to ask twice for extra towels. The staff was polite but seemed understaffed.",0
AMAZING BOOK!!!!!!!!! BEST STORY EVER!!!!!!!!! I COULD NOT PUT IT DOWN!!!!!!!!! MUST READ!!!!!!!!! BUY THIS BOOK NOW!!!!!!!!!,1
"The room was spacious and clean, with a pleasant view of the city. The bed was comfortable. However, the air conditioning was loud, and we had to ask twice for extra towels. The staff was polite but seemed understaffed. Will update this review if anything changes.",0
"The study desk arrived in good packaging. Assembly took about an hour and the instructions were clear enough. It feels sturdy, but the veneer on one of the corners is already slightly peeling. Still, it fits my study room perfectly.",0
"The keyboard has a nice tactile feel and typing is very comfortable. The RGB lighting is customizable but the software is slow. Also, the USB cable is not detachable which is a downside. Still, good value for money.",0
"BEST EVER!! BEST EVER!! BEST EVER!! THIS IS THE BEST COFFEE MAKER EVER!!!!!!!!! LOVE IT SO MUCH!!! SUPER EASY TO USE, COFFEE IS AMAZING!!! BEST PRODUCT EVER, HIGHLY RECOMMEND TO EVERYONE!!!!!!!!!",1
"Decent food, but nothing extraordinary. The pasta was fresh, though the sauce needed more seasoning. Service was a bit slow, but the atmosphere was cozy. I might return if I'm in the neighborhood. Will update this review if anything changes.",0
Wow very good nice very happy good quality best buy very fast shipping loved it thank you so much seller 5 stars!!!!!!!!! HIGHLY RECOMMENDED PLEASE BUY,1
"I've been using this moisturizer for two weeks. It's lightweight and absorbs quickly without feeling greasy. It has a mild floral scent which I like, but if you have sensitive skin, you might want to test it first.",0
SCAM!! SCAM!! SCAM!! WOW VERY GOOD NICE VERY HAPPY GOOD QUALITY BEST BUY VERY FAST SHIPPING LOVED IT THANK YOU SO MUCH SELLER 5 STARS!!!!!!!!!,1
"This coffee maker makes a decent espresso. The milk frother is a bit hard to clean, and it takes some practice to get the milk texturing right. But once you get the hang of it, it's very nice. The build is mostly plastic but feels sturdy.",0
"I've been using this moisturizer for two weeks. It's lightweight and absorbs quickly without feeling greasy. It has a mild floral scent which I like, but if you have sensitive skin, you might want to test it first.",0
"SCAM!! SCAM!! SCAM!! THIS RESTAURANT IS TERRIBLE, DISGUSTING FOOD AND AWFUL SERVICE. AVOID AT ALL COSTS! GO TO THE PLACE ACROSS THE STREET, THEY ARE MUCH BETTER! ABSOLUTE GARBAGE. PLEASE BUY WASTE OF MONEY",1
"AMAZING!! AMAZING!! AMAZING!! AMAZING!! GET 50% OFF TODAY WITH CODE SALE50! This product is amazing and fits perfectly! Very happy, extremely satisfied, best purchase ever!",1
"SCAM!! SCAM!! THIS HOTEL IS THE WORST HOTEL IN THE WORLD!!!!!!!!! DO NOT STAY HERE!!! TERRIBLE SERVICE, DIRTY ROOMS, COMPLETELY RUINED MY VACATION!!!!!!!!! BEWARE!!! TOTAL SCAM!!!",1
BEST EVER!! BEST EVER!! Utterly useless. Does not work at all. Completely fake reviews online. Terrible experience. Save your hard-earned money and buy something else! VERY GOOD PLEASE BUY,1
"I bought this vacuum tidyer last week. The suction is excellent for hardwood floors, but it struggles a bit on thick carpets. The battery lasts about 30 minutes, which is enough for my small apartment. It's relatively quiet. Overall, a solid purchase, though a bit expensive.",0
Wow very good nice very happy good quality best buy very fast shipping loved it thank you so much seller 5 stars!!!,1
"THIS IS THE BEST COFFEE MAKER EVER!!! LOVE IT SO MUCH! SUPER EASY TO USE, COFFEE IS AMAZING! BEST PRODUCT EVER, HIGHLY RECOMMEND TO EVERYONE!!! WASTE OF MONEY AWFUL",1
"The keyboard has a nice tactile feel and typing is very comfortable. The RGB lighting is customizable but the software is slow. Also, the USB cable is not detachable which is a downside. Still, good value for money.",0
"I've been using this moisturizer for two weeks. It's lightweight and absorbs quickly without feeling greasy. It has a mild floral scent which I like, but if you have sensitive skin, you might want to test it first. Will update this review if anything changes.",0
"Decent food, but nothing extraordinary. The pasta was fresh, though the sauce needed more seasoning. Service was a bit slow, but the atmosphere was cozy. I might return if I'm in the neighborhood.",0
Scam!!! Scam!!! Scam!!! The item broke after one day!!!!!!!!! Customer service refused to refund me!!!!!!!!! Criminal behavior!!! Terrible quality!!! Avoid!!!,1
"AMAZING!! AMAZING!! THIS HOTEL IS THE WORST HOTEL IN THE WORLD!!! DO NOT STAY HERE! TERRIBLE SERVICE, DIRTY ROOMS, COMPLETELY RUINED MY VACATION. BEWARE! TOTAL SCAM! PERFECT QUALITY PLEASE BUY",1
WOW! Instant wrinkle eraser! My skin looks 20 years younger after one application! Magic in a bottle! Highly recommend to everyone!!!,1
These resistance bands are durable and offer a good range of tension. The door anchor is strong. My only gripe is that the carrying bag is very cheap and tore on day two. Good value for home workouts.,0
"I've been using these headphones for a month. The sound quality is balanced with decent bass. Noise cancellation works well on flights, but it's not perfect. Battery life is impressive, lasting me almost a week of daily use.",0
SCAM!! SCAM!! UNBELIEVABLE QUALITY!!! ABSOLUTELY PERFECT!!!!!!!!! I AM SO HAPPY WITH THIS PURCHASE!!!!!!!!! OUTSTANDING SERVICE!!! WILL BUY AGAIN AND AGAIN!!!!!!!!! BUY IT NOW!!! WASTE OF MONEY VERY GOOD,1
"This item is absolute garbage! Broke on the first day. Terrible service. Do not buy! Go check out brand X instead, it is much cheaper and infinitely better! PERFECT QUALITY PLEASE BUY",1
SCAM!! SCAM!! SCAM!! SCAM!! UNBELIEVABLE QUALITY!!! ABSOLUTELY PERFECT!!!!!!!!! I AM SO HAPPY WITH THIS PURCHASE!!!!!!!!! OUTSTANDING SERVICE!!! WILL BUY AGAIN AND AGAIN!!!!!!!!! BUY IT NOW!!!,1
This jacket is warm and fits true to size. The zippers feel strong and the material is water-resistant. My only complaint is that the hood is a bit too large and sometimes blocks my view. Good for autumn weather.,0
"AMAZING!! AMAZING!! AMAZING!! This item is absolute garbage!!! Broke on the first day!!!!!!!!! Terrible service!!!!!!!!! Do not buy!!! Go check out brand X instead, it is much cheaper and infinitely better!!! HIGHLY RECOMMENDED INCREDIBLE",1
"Decent food, but nothing extraordinary. The pasta was fresh, though the sauce needed more seasoning. Service was a bit slow, but the atmosphere was cozy. I might return if I'm in the neighborhood. Hope this review helps.",0
"The keyboard has a nice tactile feel and typing is very comfortable. The RGB lighting is customizable but the software is slow. Also, the USB cable is not detachable which is a downside. Still, good value for money.",0
"The running shoes are lightweight and comfortable. I've run about 50 miles in them so far, and the sole is holding up well. However, they lack arch support, so I had to add custom insoles. Fits slightly narrow.",0
"The room was spacious and tidy, with a nice view of the city. The bed was comfortable. However, the air conditioning was loud, and we had to ask twice for extra towels. The staff was polite but seemed understaffed. Hope this review helps.",0
"I've been using these headphones for a month. The sound quality is balanced with decent bass. Noise cancellation works well on flights, but it's not perfect. Battery life is impressive, lasting me almost a week of daily use.",0
"The study desk arrived in good packaging. Assembly took about an hour and the instructions were clear enough. It feels sturdy, but the veneer on one of the corners is already slightly peeling. Still, it fits my study room perfectly.",0
"BUY NOW!! BUY NOW!! BUY NOW!! Hate this product, absolute garbage. Waste of money. Don't buy it, total scam! Seller has no idea what they are doing. Worst product ever.",1
"SIMPLY BEST!!! Exceeded all my expectations. High quality and works like a charm. Do not hesitate, get one today! Extremely satisfied! INCREDIBLE SO BAD",1
GARBAGE!! GARBAGE!! UNBELIEVABLE QUALITY! Absolutely perfect. I am so happy with this purchase. Outstanding service! Will buy again and again. Buy it now! HIGHLY RECOMMENDED WASTE OF MONEY,1
These resistance bands are durable and offer a good range of tension. The door anchor is strong. My only gripe is that the carrying bag is very cheap and tore on day two. Good value for home workouts. Will update this review if anything changes.,0
"Had dinner here on Friday. The steak was cooked perfectly, and the service was friendly. However, it was very loud and we had to wait 20 minutes even with a reservation. A bit overpriced but good food overall. Will update this review if anything changes.",0
"This coffee maker makes a decent espresso. The milk frother is a bit hard to tidy, and it takes some practice to get the milk texturing right. But once you get the hang of it, it's very nice. The build is mostly plastic but feels sturdy. Will update this review if anything changes.",0
WOW! AMAZING PRODUCT! BEST VACUUM CLEANER EVER!!! BUY THIS NOW!!! MUST BUY!!! AWESOME SUCTION! BUY THIS NOW!!! HIGHLY RECOMMENDED PLEASE BUY,1
BUY NOW!! BUY NOW!! BUY NOW!! BUY NOW!! WOW! INSTANT WRINKLE ERASER! MY SKIN LOOKS 20 YEARS YOUNGER AFTER ONE APPLICATION! MAGIC IN A BOTTLE! HIGHLY RECOMMEND TO EVERYONE!!!,1
"The running shoes are lightweight and comfortable. I've run about 50 miles in them so far, and the sole is holding up well. However, they lack arch support, so I had to add custom insoles. Fits slightly narrow.",0
"I've been using this moisturizer for two weeks. It's lightweight and absorbs quickly without feeling greasy. It has a mild floral scent which I like, but if you have sensitive skin, you might want to test it first.",0
AMAZING BOOK!!! BEST STORY EVER!!! I COULD NOT PUT IT DOWN!!! MUST READ!!! BUY THIS BOOK NOW!!! SO BAD WASTE OF MONEY,1
"The keyboard has a nice tactile feel and typing is very comfortable. The RGB lighting is customizable but the software is slow. Also, the USB cable is not detachable which is a downside. Still, good value for money.",0
SCAM!! SCAM!! Scam!!! Scam!!! Scam!!! The item broke after one day!!!!!!!!! Customer service refused to refund me!!!!!!!!! Criminal behavior!!! Terrible quality!!! Avoid!!! AWFUL INCREDIBLE,1
"SCAM!! SCAM!! SCAM!! SIMPLY BEST!!! EXCEEDED ALL MY EXPECTATIONS. HIGH QUALITY AND WORKS LIKE A CHARM. DO NOT HESITATE, GET ONE TODAY! EXTREMELY SATISFIED!",1
Scam! Scam! Scam! The item broke after one day. Customer service refused to refund me. Criminal behavior! Terrible quality! Avoid!,1
"Hate this product, absolute garbage!!!!!!!!! Waste of money!!!!!!!!! Don't buy it, total scam!!! Seller has no idea what they are doing!!!!!!!!! Worst product ever!!!!!!!!! INCREDIBLE HIGHLY RECOMMENDED",1
"The running shoes are lightweight and comfortable. I've run about 50 miles in them so far, and the sole is holding up well. However, they lack arch support, so I had to add custom insoles. Fits slightly narrow.",0
"The keyboard has a good tactile feel and typing is very comfortable. The RGB lighting is customizable but the software is slow. Also, the USB cable is not detachable which is a downside. Still, good value for money.",0
SCAM!! SCAM!! SCAM!! SCAM!! UNBELIEVABLE QUALITY! Absolutely perfect. I am so happy with this purchase. Outstanding service! Will buy again and again. Buy it now!,1
"BEST EVER!! BEST EVER!! BEST EVER!! Hate this product, absolute garbage!!!!!!!!! Waste of money!!!!!!!!! Don't buy it, total scam!!! Seller has no idea what they are doing!!!!!!!!! Worst product ever!!!!!!!!! VERY GOOD AWFUL",1
"THIS IS THE BEST COFFEE MAKER EVER!!!!!!!!! LOVE IT SO MUCH!!! SUPER EASY TO USE, COFFEE IS AMAZING!!! BEST PRODUCT EVER, HIGHLY RECOMMEND TO EVERYONE!!!!!!!!!",1
"The running shoes are lightweight and comfortable. I've run about 50 miles in them so far, and the sole is holding up well. However, they lack arch support, so I had to add custom insoles. Fits slightly narrow.",0
"I bought this vacuum neater last week. The suction is great for hardwood floors, but it struggles a bit on thick carpets. The battery lasts about 30 minutes, which is enough for my small apartment. It's relatively quiet. Overall, a solid purchase, though a bit expensive.",0
"Nice hotel, neat rooms, and friendly staff. The location is perfect, just a short walk to the subway station. The breakfast was a bit basic, and the Wi-Fi was slow in the evening. Overall, a pleasant stay for a weekend trip.",0
"This is the best coffee maker ever!!! Love it so much! Super easy to use, coffee is amazing! Best product ever, highly recommend to everyone!!!",1
"This coffee maker makes a decent espresso. The milk frother is a bit hard to tidy, and it takes some practice to get the milk texturing right. But once you get the hang of it, it's very good. The build is mostly plastic but feels sturdy. Hope this review helps.",0
"GARBAGE!! GARBAGE!! GARBAGE!! GET 50% OFF TODAY WITH CODE SALE50!!! This product is amazing and fits perfectly!!! Very happy, extremely satisfied, best purchase ever!!!",1
BUY NOW!! BUY NOW!! Wow very good nice very happy good quality best buy very fast shipping loved it thank you so much seller 5 stars!!!!!!!!!,1
BEST EVER!! BEST EVER!! UNBELIEVABLE QUALITY!!! Absolutely perfect!!!!!!!!! I am so happy with this purchase!!!!!!!!! Outstanding service!!! Will buy again and again!!!!!!!!! Buy it now!!! WASTE OF MONEY INCREDIBLE,1
This jacket is warm and fits true to size. The zippers feel strong and the material is water-resistant. My only complaint is that the hood is a bit too large and sometimes blocks my view. Good for autumn weather.,0
"BEST EVER!! BEST EVER!! BEST EVER!! BEST EVER!! GET 50% OFF TODAY WITH CODE SALE50! This product is amazing and fits perfectly! Very happy, extremely satisfied, best purchase ever! PLEASE BUY SO BAD",1
"The study desk arrived in good packaging. Assembly took about an hour and the instructions were clear enough. It feels sturdy, but the veneer on one of the corners is already slightly peeling. Still, it fits my study room perfectly. Hope this review helps.",0
BEST EVER!! BEST EVER!! BEST EVER!! BEST EVER!! SCAM! SCAM! SCAM! THE ITEM BROKE AFTER ONE DAY. CUSTOMER SERVICE REFUSED TO REFUND ME. CRIMINAL BEHAVIOR! TERRIBLE QUALITY! AVOID!,1
"Had dinner here on Friday. The steak was cooked perfectly, and the service was friendly. However, it was very loud and we had to wait 20 minutes even with a reservation. A bit overpriced but good food overall. Will update this review if anything changes.",0
"The study desk arrived in good packaging. Assembly took about an hour and the instructions were clear enough. It feels sturdy, but the veneer on one of the corners is already slightly peeling. Still, it fits my study room perfectly. Will update this review if anything changes.",0
"I've been using these headphones for a month. The sound quality is balanced with decent bass. Noise cancellation works well on flights, but it's not perfect. Battery life is impressive, lasting me almost a week of daily use. Hope this review helps.",0
BEST EVER!! BEST EVER!! BEST EVER!! BEST EVER!! Scam!!! Scam!!! Scam!!! The item broke after one day!!!!!!!!! Customer service refused to refund me!!!!!!!!! Criminal behavior!!! Terrible quality!!! Avoid!!!,1
SCAM!! SCAM!! SCAM!! SCAM!! UNBELIEVABLE QUALITY! Absolutely perfect. I am so happy with this purchase. Outstanding service! Will buy again and again. Buy it now! INCREDIBLE WASTE OF MONEY,1
"I've been using these headphones for a month. The sound quality is balanced with decent bass. Noise cancellation works well on flights, but it's not perfect. Battery life is impressive, lasting me almost a week of daily use.",0
SCAM!! SCAM!! SCAM!! SCAM!! Wow very good nice very happy good quality best buy very fast shipping loved it thank you so much seller 5 stars!!!!!!!!!,1
"The study desk arrived in good packaging. Assembly took about an hour and the instructions were clear enough. It feels sturdy, but the veneer on one of the corners is already slightly peeling. Still, it fits my study room perfectly.",0
"This item is absolute garbage!!! Broke on the first day!!!!!!!!! Terrible service!!!!!!!!! Do not buy!!! Go check out brand X instead, it is much cheaper and infinitely better!!!",1
AMAZING!! AMAZING!! AMAZING BOOK!!!!!!!!! BEST STORY EVER!!!!!!!!! I COULD NOT PUT IT DOWN!!!!!!!!! MUST READ!!!!!!!!! BUY THIS BOOK NOW!!!!!!!!!,1
BEST EVER!! BEST EVER!! BEST EVER!! BEST EVER!! Utterly useless. Does not work at all. Completely fake reviews online. Terrible experience. Save your hard-earned money and buy something else!,1
"BUY NOW!! BUY NOW!! BUY NOW!! THIS RESTAURANT IS TERRIBLE, DISGUSTING FOOD AND AWFUL SERVICE!!!!!!!!! AVOID AT ALL COSTS!!! GO TO THE PLACE ACROSS THE STREET, THEY ARE MUCH BETTER!!! ABSOLUTE GARBAGE!!!!!!!!!",1
"The running shoes are lightweight and comfortable. I've run about 50 miles in them so far, and the sole is holding up well. However, they lack arch support, so I had to add custom insoles. Fits slightly narrow. Hope this review helps.",0
SCAM!! SCAM!! SCAM!! SCAM!! Scam!!! Scam!!! Scam!!! The item broke after one day!!!!!!!!! Customer service refused to refund me!!!!!!!!! Criminal behavior!!! Terrible quality!!! Avoid!!!,1
"This non-stick pan has been my daily driver for breakfast. Eggs slide right off. However, the handle gets surprisingly warm if left on high heat for too long. Make sure to hand wash it to keep the coating intact.",0
"SIMPLY BEST!!! Exceeded all my expectations. High quality and works like a charm. Do not hesitate, get one today! Extremely satisfied! PERFECT QUALITY SO BAD",1
AMAZING!! AMAZING!! AMAZING!! AMAZING BOOK!!!!!!!!! BEST STORY EVER!!!!!!!!! I COULD NOT PUT IT DOWN!!!!!!!!! MUST READ!!!!!!!!! BUY THIS BOOK NOW!!!!!!!!! HIGHLY RECOMMENDED WASTE OF MONEY,1
SCAM!! SCAM!! AMAZING BOOK!!!!!!!!! BEST STORY EVER!!!!!!!!! I COULD NOT PUT IT DOWN!!!!!!!!! MUST READ!!!!!!!!! BUY THIS BOOK NOW!!!!!!!!!,1
BUY NOW!! BUY NOW!! BUY NOW!! BUY NOW!! Scam! Scam! Scam! The item broke after one day. Customer service refused to refund me. Criminal behavior! Terrible quality! Avoid! HIGHLY RECOMMENDED PLEASE BUY,1
"BEST EVER!! BEST EVER!! THIS IS THE BEST COFFEE MAKER EVER!!! LOVE IT SO MUCH! SUPER EASY TO USE, COFFEE IS AMAZING! BEST PRODUCT EVER, HIGHLY RECOMMEND TO EVERYONE!!!",1
AMAZING BOOK!!!!!!!!! BEST STORY EVER!!!!!!!!! I COULD NOT PUT IT DOWN!!!!!!!!! MUST READ!!!!!!!!! BUY THIS BOOK NOW!!!!!!!!!,1
These resistance bands are durable and offer a good range of tension. The door anchor is strong. My only gripe is that the carrying bag is very cheap and tore on day two. Good value for home workouts. Hope this review helps.,0
"I've been using these headphones for a month. The sound quality is balanced with decent bass. Noise cancellation works well on flights, but it's not perfect. Battery life is impressive, lasting me almost a week of daily use.",0
"The room was spacious and clean, with a nice view of the city. The bed was comfortable. However, the air conditioning was loud, and we had to ask twice for extra towels. The staff was polite but seemed understaffed.",0
SCAM!! SCAM!! SCAM!! SCAM!! WOW! AMAZING PRODUCT! BEST VACUUM CLEANER EVER!!! BUY THIS NOW!!! MUST BUY!!! AWESOME SUCTION! BUY THIS NOW!!!,1
SCAM!! SCAM!! Utterly useless!!!!!!!!! Does not work at all!!!!!!!!! Completely fake reviews online!!!!!!!!! Terrible experience!!!!!!!!! Save your hard-earned money and buy something else!!! INCREDIBLE SO BAD,1
"Decent food, but nothing extraordinary. The pasta was fresh, though the sauce needed more seasoning. Service was a bit slow, but the atmosphere was cozy. I might return if I'm in the neighborhood.",0
"The running shoes are lightweight and comfortable. I've run about 50 miles in them so far, and the sole is holding up well. However, they lack arch support, so I had to add custom insoles. Fits slightly narrow.",0
WOW!!! Instant wrinkle eraser!!! My skin looks 20 years younger after one application!!! Magic in a bottle!!! Highly recommend to everyone!!!!!!!!!,1
"I bought this vacuum neater last week. The suction is great for hardwood floors, but it struggles a bit on thick carpets. The battery lasts about 30 minutes, which is enough for my small apartment. It's relatively quiet. Overall, a solid purchase, though a bit pricey.",0
AMAZING BOOK!!!!!!!!! BEST STORY EVER!!!!!!!!! I COULD NOT PUT IT DOWN!!!!!!!!! MUST READ!!!!!!!!! BUY THIS BOOK NOW!!!!!!!!! VERY GOOD AWFUL,1
"This hotel is the worst hotel in the world!!!!!!!!! Do not stay here!!! Terrible service, dirty rooms, completely ruined my vacation!!!!!!!!! Beware!!! Total scam!!!",1
"This is the best coffee maker ever!!!!!!!!! Love it so much!!! Super easy to use, coffee is amazing!!! Best product ever, highly recommend to everyone!!!!!!!!!",1
"The keyboard has a decent tactile feel and typing is very comfortable. The RGB lighting is customizable but the software is slow. Also, the USB cable is not detachable which is a downside. Still, good value for money.",0
AMAZING!! AMAZING!! AMAZING!! AMAZING!! Amazing!!! Amazing!!! Amazing!!! Love it so much!!! Best purchase of the year!!!!!!!!! Highly recommend!!! Buy this now!!!!!!!!!,1
Scam!!! Scam!!! Scam!!! The item broke after one day!!!!!!!!! Customer service refused to refund me!!!!!!!!! Criminal behavior!!! Terrible quality!!! Avoid!!!,1
"This coffee maker makes a decent espresso. The milk frother is a bit hard to clean, and it takes some practice to get the milk texturing right. But once you get the hang of it, it's very decent. The build is mostly plastic but feels sturdy.",0
"The keyboard has a nice tactile feel and typing is very comfortable. The RGB lighting is customizable but the software is slow. Also, the USB cable is not detachable which is a downside. Still, good value for money.",0
"I read this book over the weekend. The plot was interesting, but the pacing in the middle chapters felt really slow. The characters are well-developed, especially the protagonist. Worth a read if you like mystery, but not a masterpiece.",0
"This coffee maker makes a decent espresso. The milk frother is a bit hard to neat, and it takes some practice to get the milk texturing right. But once you get the hang of it, it's very pleasant. The build is mostly plastic but feels sturdy.",0
"Nice hotel, tidy rooms, and friendly staff. The location is perfect, just a short walk to the subway station. The breakfast was a bit basic, and the Wi-Fi was slow in the evening. Overall, a pleasant stay for a weekend trip. Hope this review helps.",0
BEST EVER!! BEST EVER!! BEST EVER!! BEST EVER!! AMAZING!!! AMAZING!!! AMAZING!!! LOVE IT SO MUCH!!! BEST PURCHASE OF THE YEAR!!!!!!!!! HIGHLY RECOMMEND!!! BUY THIS NOW!!!!!!!!!,1
"SCAM!! SCAM!! SCAM!! SIMPLY BEST!!!!!!!!! EXCEEDED ALL MY EXPECTATIONS!!!!!!!!! HIGH QUALITY AND WORKS LIKE A CHARM!!!!!!!!! DO NOT HESITATE, GET ONE TODAY!!! EXTREMELY SATISFIED!!!",1
"THIS RESTAURANT IS TERRIBLE, DISGUSTING FOOD AND AWFUL SERVICE. AVOID AT ALL COSTS! GO TO THE PLACE ACROSS THE STREET, THEY ARE MUCH BETTER! ABSOLUTE GARBAGE. WASTE OF MONEY INCREDIBLE",1
"SIMPLY BEST!!!!!!!!! EXCEEDED ALL MY EXPECTATIONS!!!!!!!!! HIGH QUALITY AND WORKS LIKE A CHARM!!!!!!!!! DO NOT HESITATE, GET ONE TODAY!!! EXTREMELY SATISFIED!!! PERFECT QUALITY HIGHLY RECOMMENDED",1
"SCAM!! SCAM!! SCAM!! SCAM!! GET 50% OFF TODAY WITH CODE SALE50!!! THIS PRODUCT IS AMAZING AND FITS PERFECTLY!!! VERY HAPPY, EXTREMELY SATISFIED, BEST PURCHASE EVER!!! INCREDIBLE PLEASE BUY",1
"This coffee maker makes a decent espresso. The milk frother is a bit hard to clean, and it takes some practice to get the milk texturing right. But once you get the hang of it, it's very pleasant. The build is mostly plastic but feels sturdy.",0
"BEST EVER!! BEST EVER!! SIMPLY BEST!!! EXCEEDED ALL MY EXPECTATIONS. HIGH QUALITY AND WORKS LIKE A CHARM. DO NOT HESITATE, GET ONE TODAY! EXTREMELY SATISFIED! PERFECT QUALITY VERY GOOD",1
"GARBAGE!! GARBAGE!! GARBAGE!! GARBAGE!! THIS HOTEL IS THE WORST HOTEL IN THE WORLD!!! DO NOT STAY HERE! TERRIBLE SERVICE, DIRTY ROOMS, COMPLETELY RUINED MY VACATION. BEWARE! TOTAL SCAM!",1
"I read this book over the weekend. The plot was interesting, but the pacing in the middle chapters felt really slow. The characters are well-developed, especially the protagonist. Worth a read if you like mystery, but not a masterpiece.",0
"I've been using these headphones for a month. The sound quality is balanced with decent bass. Noise cancellation works well on flights, but it's not perfect. Battery life is impressive, lasting me almost a week of daily use. Will update this review if anything changes.",0
AMAZING BOOK!!! BEST STORY EVER!!! I COULD NOT PUT IT DOWN!!! MUST READ!!! BUY THIS BOOK NOW!!! SO BAD VERY GOOD,1
"AMAZING!! AMAZING!! AMAZING!! AMAZING!! This is the best coffee maker ever!!! Love it so much! Super easy to use, coffee is amazing! Best product ever, highly recommend to everyone!!!",1
"This item is absolute garbage! Broke on the first day. Terrible service. Do not buy! Go check out brand X instead, it is much cheaper and infinitely better! SO BAD VERY GOOD",1
"GARBAGE!! GARBAGE!! GARBAGE!! GARBAGE!! THIS IS THE BEST COFFEE MAKER EVER!!! LOVE IT SO MUCH! SUPER EASY TO USE, COFFEE IS AMAZING! BEST PRODUCT EVER, HIGHLY RECOMMEND TO EVERYONE!!!",1
Wow very good nice very happy good quality best buy very fast shipping loved it thank you so much seller 5 stars!!!,1
"I've been using these headphones for a month. The sound quality is balanced with decent bass. Noise cancellation works well on flights, but it's not perfect. Battery life is impressive, lasting me almost a week of daily use.",0
"I've been using this moisturizer for two weeks. It's lightweight and absorbs quickly without feeling greasy. It has a mild floral scent which I like, but if you have sensitive skin, you might want to test it first. Hope this review helps.",0
"Hate this product, absolute garbage. Waste of money. Don't buy it, total scam! Seller has no idea what they are doing. Worst product ever. PERFECT QUALITY AWFUL",1
BEST EVER!! BEST EVER!! AMAZING BOOK!!!!!!!!! BEST STORY EVER!!!!!!!!! I COULD NOT PUT IT DOWN!!!!!!!!! MUST READ!!!!!!!!! BUY THIS BOOK NOW!!!!!!!!! WASTE OF MONEY INCREDIBLE,1
"Had dinner here on Friday. The steak was cooked perfectly, and the service was friendly. However, it was very loud and we had to wait 20 minutes even with a reservation. A bit overpriced but good food overall. Hope this review helps.",0
This jacket is warm and fits true to size. The zippers feel strong and the material is water-resistant. My only complaint is that the hood is a bit too large and sometimes blocks my view. Good for autumn weather.,0
GARBAGE!! GARBAGE!! GARBAGE!! GARBAGE!! Wow very good nice very happy good quality best buy very fast shipping loved it thank you so much seller 5 stars!!!!!!!!! PLEASE BUY WASTE OF MONEY,1
"SCAM!! SCAM!! SCAM!! SCAM!! SIMPLY BEST!!!!!!!!! Exceeded all my expectations!!!!!!!!! High quality and works like a charm!!!!!!!!! Do not hesitate, get one today!!! Extremely satisfied!!! WASTE OF MONEY AWFUL",1
BUY NOW!! BUY NOW!! BUY NOW!! WOW! INSTANT WRINKLE ERASER! MY SKIN LOOKS 20 YEARS YOUNGER AFTER ONE APPLICATION! MAGIC IN A BOTTLE! HIGHLY RECOMMEND TO EVERYONE!!! PERFECT QUALITY PLEASE BUY,1
"GARBAGE!! GARBAGE!! GARBAGE!! GARBAGE!! This item is absolute garbage!!! Broke on the first day!!!!!!!!! Terrible service!!!!!!!!! Do not buy!!! Go check out brand X instead, it is much cheaper and infinitely better!!!",1
"The running shoes are lightweight and comfortable. I've run about 50 miles in them so far, and the sole is holding up well. However, they lack arch support, so I had to add custom insoles. Fits slightly narrow. Hope this review helps.",0
"SCAM!! SCAM!! SCAM!! HATE THIS PRODUCT, ABSOLUTE GARBAGE. WASTE OF MONEY. DON'T BUY IT, TOTAL SCAM! SELLER HAS NO IDEA WHAT THEY ARE DOING. WORST PRODUCT EVER.",1
This jacket is warm and fits true to size. The zippers feel strong and the material is water-resistant. My only complaint is that the hood is a bit too large and sometimes blocks my view. Good for autumn weather. Will update this review if anything changes.,0
"BUY NOW!! BUY NOW!! BUY NOW!! This hotel is the worst hotel in the world!!! Do not stay here! Terrible service, dirty rooms, completely ruined my vacation. Beware! Total scam! AWFUL AWFUL",1
"The keyboard has a nice tactile feel and typing is very comfortable. The RGB lighting is customizable but the software is slow. Also, the USB cable is not detachable which is a downside. Still, good value for money.",0
AMAZING!! AMAZING!! AMAZING!! WOW!!! AMAZING PRODUCT!!! BEST VACUUM CLEANER EVER!!!!!!!!! BUY THIS NOW!!!!!!!!! MUST BUY!!!!!!!!! AWESOME SUCTION!!! BUY THIS NOW!!!!!!!!!,1
"I've been using these headphones for a month. The sound quality is balanced with decent bass. Noise cancellation works well on flights, but it's not perfect. Battery life is impressive, lasting me almost a week of daily use.",0
These resistance bands are durable and offer a good range of tension. The door anchor is strong. My only gripe is that the carrying bag is very cheap and tore on day two. Good value for home workouts.,0
BEST EVER!! BEST EVER!! BEST EVER!! BEST EVER!! WOW! AMAZING PRODUCT! BEST VACUUM CLEANER EVER!!! BUY THIS NOW!!! MUST BUY!!! AWESOME SUCTION! BUY THIS NOW!!! SO BAD VERY GOOD,1
"GARBAGE!! GARBAGE!! THIS IS THE BEST COFFEE MAKER EVER!!! LOVE IT SO MUCH! SUPER EASY TO USE, COFFEE IS AMAZING! BEST PRODUCT EVER, HIGHLY RECOMMEND TO EVERYONE!!!",1
"The running shoes are lightweight and comfortable. I've run about 50 miles in them so far, and the sole is holding up well. However, they lack arch support, so I had to add custom insoles. Fits slightly narrow. Hope this review helps.",0
"GARBAGE!! GARBAGE!! This restaurant is terrible, disgusting food and awful service. Avoid at all costs! Go to the place across the street, they are much better! Absolute garbage.",1
"GARBAGE!! GARBAGE!! GARBAGE!! GARBAGE!! GET 50% OFF TODAY WITH CODE SALE50!!! THIS PRODUCT IS AMAZING AND FITS PERFECTLY!!! VERY HAPPY, EXTREMELY SATISFIED, BEST PURCHASE EVER!!!",1
"I read this book over the weekend. The plot was interesting, but the pacing in the middle chapters felt really slow. The characters are well-developed, especially the protagonist. Worth a read if you like mystery, but not a masterpiece.",0
"Had dinner here on Friday. The steak was cooked perfectly, and the service was friendly. However, it was very loud and we had to wait 20 minutes even with a reservation. A bit overpriced but good food overall. Hope this review helps.",0
"GET 50% OFF TODAY WITH CODE SALE50!!! THIS PRODUCT IS AMAZING AND FITS PERFECTLY!!! VERY HAPPY, EXTREMELY SATISFIED, BEST PURCHASE EVER!!!",1
"SCAM!! SCAM!! SCAM!! THIS HOTEL IS THE WORST HOTEL IN THE WORLD!!!!!!!!! DO NOT STAY HERE!!! TERRIBLE SERVICE, DIRTY ROOMS, COMPLETELY RUINED MY VACATION!!!!!!!!! BEWARE!!! TOTAL SCAM!!!",1
SCAM!! SCAM!! SCAM!! SCAM!! WOW! AMAZING PRODUCT! BEST VACUUM CLEANER EVER!!! BUY THIS NOW!!! MUST BUY!!! AWESOME SUCTION! BUY THIS NOW!!!,1
"I read this book over the weekend. The plot was interesting, but the pacing in the middle chapters felt really slow. The characters are well-developed, especially the protagonist. Worth a read if you like mystery, but not a masterpiece.",0
This jacket is warm and fits true to size. The zippers feel strong and the material is water-resistant. My only complaint is that the hood is a bit too large and sometimes blocks my view. Good for autumn weather.,0
BEST EVER!! BEST EVER!! BEST EVER!! Scam!!! Scam!!! Scam!!! The item broke after one day!!!!!!!!! Customer service refused to refund me!!!!!!!!! Criminal behavior!!! Terrible quality!!! Avoid!!!,1
"HATE THIS PRODUCT, ABSOLUTE GARBAGE!!!!!!!!! WASTE OF MONEY!!!!!!!!! DON'T BUY IT, TOTAL SCAM!!! SELLER HAS NO IDEA WHAT THEY ARE DOING!!!!!!!!! WORST PRODUCT EVER!!!!!!!!! SO BAD VERY GOOD",1
"SIMPLY BEST!!! Exceeded all my expectations. High quality and works like a charm. Do not hesitate, get one today! Extremely satisfied!",1
"GARBAGE!! GARBAGE!! GARBAGE!! GARBAGE!! GET 50% OFF TODAY WITH CODE SALE50!!! This product is amazing and fits perfectly!!! Very happy, extremely satisfied, best purchase ever!!! SO BAD PLEASE BUY",1
BEST EVER!! BEST EVER!! AMAZING BOOK!!!!!!!!! BEST STORY EVER!!!!!!!!! I COULD NOT PUT IT DOWN!!!!!!!!! MUST READ!!!!!!!!! BUY THIS BOOK NOW!!!!!!!!! INCREDIBLE HIGHLY RECOMMENDED,1
Utterly useless. Does not work at all. Completely fake reviews online. Terrible experience. Save your hard-earned money and buy something else! PERFECT QUALITY SO BAD,1
GARBAGE!! GARBAGE!! GARBAGE!! Scam!!! Scam!!! Scam!!! The item broke after one day!!!!!!!!! Customer service refused to refund me!!!!!!!!! Criminal behavior!!! Terrible quality!!! Avoid!!!,1
"I read this book over the weekend. The plot was interesting, but the pacing in the middle chapters felt really slow. The characters are well-developed, especially the protagonist. Worth a read if you like mystery, but not a masterpiece.",0
BEST EVER!! BEST EVER!! WOW! AMAZING PRODUCT! BEST VACUUM CLEANER EVER!!! BUY THIS NOW!!! MUST BUY!!! AWESOME SUCTION! BUY THIS NOW!!!,1
"BEST EVER!! BEST EVER!! BEST EVER!! GET 50% OFF TODAY WITH CODE SALE50!!! This product is amazing and fits perfectly!!! Very happy, extremely satisfied, best purchase ever!!! VERY GOOD AWFUL",1
"The study desk arrived in good packaging. Assembly took about an hour and the instructions were clear enough. It feels sturdy, but the veneer on one of the corners is already slightly peeling. Still, it fits my study room perfectly.",0
"Had dinner here on Friday. The steak was cooked perfectly, and the service was friendly. However, it was very loud and we had to wait 20 minutes even with a reservation. A bit overpriced but good food overall.",0
"The room was spacious and neat, with a nice view of the city. The bed was comfortable. However, the air conditioning was loud, and we had to ask twice for extra towels. The staff was polite but seemed understaffed. Hope this review helps.",0
"The running shoes are lightweight and comfortable. I've run about 50 miles in them so far, and the sole is holding up well. However, they lack arch support, so I had to add custom insoles. Fits slightly narrow.",0
"HATE THIS PRODUCT, ABSOLUTE GARBAGE. WASTE OF MONEY. DON'T BUY IT, TOTAL SCAM! SELLER HAS NO IDEA WHAT THEY ARE DOING. WORST PRODUCT EVER. WASTE OF MONEY WASTE OF MONEY",1
"This non-stick pan has been my daily driver for breakfast. Eggs slide right off. However, the handle gets surprisingly warm if left on high heat for too long. Make sure to hand wash it to keep the coating intact. Will update this review if anything changes.",0
"BEST EVER!! BEST EVER!! HATE THIS PRODUCT, ABSOLUTE GARBAGE!!!!!!!!! WASTE OF MONEY!!!!!!!!! DON'T BUY IT, TOTAL SCAM!!! SELLER HAS NO IDEA WHAT THEY ARE DOING!!!!!!!!! WORST PRODUCT EVER!!!!!!!!!",1
"GARBAGE!! GARBAGE!! GARBAGE!! SIMPLY BEST!!! EXCEEDED ALL MY EXPECTATIONS. HIGH QUALITY AND WORKS LIKE A CHARM. DO NOT HESITATE, GET ONE TODAY! EXTREMELY SATISFIED!",1
"The keyboard has a nice tactile feel and typing is very comfortable. The RGB lighting is customizable but the software is slow. Also, the USB cable is not detachable which is a downside. Still, good value for money.",0
"This item is absolute garbage!!! Broke on the first day!!!!!!!!! Terrible service!!!!!!!!! Do not buy!!! Go check out brand X instead, it is much cheaper and infinitely better!!!",1
"I read this book over the weekend. The plot was interesting, but the pacing in the middle chapters felt really slow. The characters are well-developed, especially the protagonist. Worth a read if you like mystery, but not a masterpiece.",0
"I've been using this moisturizer for two weeks. It's lightweight and absorbs quickly without feeling greasy. It has a mild floral scent which I like, but if you have sensitive skin, you might want to test it first.",0
"This coffee maker makes a decent espresso. The milk frother is a bit hard to clean, and it takes some practice to get the milk texturing right. But once you get the hang of it, it's very nice. The build is mostly plastic but feels sturdy.",0
"BEST EVER!! BEST EVER!! BEST EVER!! This restaurant is terrible, disgusting food and awful service. Avoid at all costs! Go to the place across the street, they are much better! Absolute garbage.",1
"Decent food, but nothing extraordinary. The pasta was fresh, though the sauce needed more seasoning. Service was a bit slow, but the atmosphere was cozy. I might return if I'm in the neighborhood.",0
"I bought this vacuum neater last week. The suction is great for hardwood floors, but it struggles a bit on thick carpets. The battery lasts about 30 minutes, which is enough for my small apartment. It's relatively quiet. Overall, a solid purchase, though a bit expensive.",0
"This non-stick pan has been my daily driver for breakfast. Eggs slide right off. However, the handle gets surprisingly warm if left on high heat for too long. Make sure to hand wash it to keep the coating intact. Hope this review helps.",0
"Nice hotel, clean rooms, and friendly staff. The location is perfect, just a short walk to the subway station. The breakfast was a bit basic, and the Wi-Fi was slow in the evening. Overall, a pleasant stay for a weekend trip.",0
"AMAZING!! AMAZING!! AMAZING!! AMAZING!! SIMPLY BEST!!! Exceeded all my expectations. High quality and works like a charm. Do not hesitate, get one today! Extremely satisfied! VERY GOOD HIGHLY RECOMMENDED",1
"The keyboard has a decent tactile feel and typing is very comfortable. The RGB lighting is customizable but the software is slow. Also, the USB cable is not detachable which is a downside. Still, good value for money.",0
This jacket is warm and fits true to size. The zippers feel strong and the material is water-resistant. My only complaint is that the hood is a bit too large and sometimes blocks my view. Good for autumn weather. Will update this review if anything changes.,0
AMAZING!! AMAZING!! WOW! AMAZING PRODUCT! BEST VACUUM CLEANER EVER!!! BUY THIS NOW!!! MUST BUY!!! AWESOME SUCTION! BUY THIS NOW!!!,1
AMAZING!! AMAZING!! AMAZING!! AMAZING BOOK!!!!!!!!! BEST STORY EVER!!!!!!!!! I COULD NOT PUT IT DOWN!!!!!!!!! MUST READ!!!!!!!!! BUY THIS BOOK NOW!!!!!!!!! PLEASE BUY VERY GOOD,1
"BEST EVER!! BEST EVER!! GET 50% OFF TODAY WITH CODE SALE50! THIS PRODUCT IS AMAZING AND FITS PERFECTLY! VERY HAPPY, EXTREMELY SATISFIED, BEST PURCHASE EVER! SO BAD PLEASE BUY",1
"Decent food, but nothing extraordinary. The pasta was fresh, though the sauce needed more seasoning. Service was a bit slow, but the atmosphere was cozy. I might return if I'm in the neighborhood.",0
Utterly useless!!!!!!!!! Does not work at all!!!!!!!!! Completely fake reviews online!!!!!!!!! Terrible experience!!!!!!!!! Save your hard-earned money and buy something else!!!,1
"This restaurant is terrible, disgusting food and awful service!!!!!!!!! Avoid at all costs!!! Go to the place across the street, they are much better!!! Absolute garbage!!!!!!!!! VERY GOOD WASTE OF MONEY",1
Wow very good nice very happy good quality best buy very fast shipping loved it thank you so much seller 5 stars!!!!!!!!! SO BAD SO BAD,1
WOW! Instant wrinkle eraser! My skin looks 20 years younger after one application! Magic in a bottle! Highly recommend to everyone!!!,1
"GARBAGE!! GARBAGE!! GARBAGE!! GARBAGE!! This item is absolute garbage! Broke on the first day. Terrible service. Do not buy! Go check out brand X instead, it is much cheaper and infinitely better!",1
UTTERLY USELESS!!!!!!!!! DOES NOT WORK AT ALL!!!!!!!!! COMPLETELY FAKE REVIEWS ONLINE!!!!!!!!! TERRIBLE EXPERIENCE!!!!!!!!! SAVE YOUR HARD-EARNED MONEY AND BUY SOMETHING ELSE!!! WASTE OF MONEY HIGHLY RECOMMENDED,1
"THIS ITEM IS ABSOLUTE GARBAGE! BROKE ON THE FIRST DAY. TERRIBLE SERVICE. DO NOT BUY! GO CHECK OUT BRAND X INSTEAD, IT IS MUCH CHEAPER AND INFINITELY BETTER! SO BAD PERFECT QUALITY",1
"The room was spacious and neat, with a pleasant view of the city. The bed was comfortable. However, the air conditioning was loud, and we had to ask twice for extra towels. The staff was polite but seemed understaffed.",0
"The room was spacious and tidy, with a decent view of the city. The bed was comfortable. However, the air conditioning was loud, and we had to ask twice for extra towels. The staff was polite but seemed understaffed.",0
"I read this book over the weekend. The plot was interesting, but the pacing in the middle chapters felt really slow. The characters are well-developed, especially the protagonist. Worth a read if you like mystery, but not a masterpiece.",0
"BEST EVER!! BEST EVER!! BEST EVER!! BEST EVER!! THIS IS THE BEST COFFEE MAKER EVER!!! LOVE IT SO MUCH! SUPER EASY TO USE, COFFEE IS AMAZING! BEST PRODUCT EVER, HIGHLY RECOMMEND TO EVERYONE!!!",1
"GARBAGE!! GARBAGE!! Hate this product, absolute garbage. Waste of money. Don't buy it, total scam! Seller has no idea what they are doing. Worst product ever.",1
"This is the best coffee maker ever!!! Love it so much! Super easy to use, coffee is amazing! Best product ever, highly recommend to everyone!!! PERFECT QUALITY SO BAD",1
"Had dinner here on Friday. The steak was cooked perfectly, and the service was friendly. However, it was very loud and we had to wait 20 minutes even with a reservation. A bit overpriced but good food overall. Hope this review helps.",0
Scam!!! Scam!!! Scam!!! The item broke after one day!!!!!!!!! Customer service refused to refund me!!!!!!!!! Criminal behavior!!! Terrible quality!!! Avoid!!! AWFUL HIGHLY RECOMMENDED,1
"Had dinner here on Friday. The steak was cooked perfectly, and the service was friendly. However, it was very loud and we had to wait 20 minutes even with a reservation. A bit overpriced but good food overall. Hope this review helps.",0
"Nice hotel, tidy rooms, and friendly staff. The location is perfect, just a short walk to the subway station. The breakfast was a bit basic, and the Wi-Fi was slow in the evening. Overall, a pleasant stay for a weekend trip. Will update this review if anything changes.",0
"BUY NOW!! BUY NOW!! This item is absolute garbage!!! Broke on the first day!!!!!!!!! Terrible service!!!!!!!!! Do not buy!!! Go check out brand X instead, it is much cheaper and infinitely better!!! SO BAD PERFECT QUALITY",1
GARBAGE!! GARBAGE!! GARBAGE!! GARBAGE!! Scam!!! Scam!!! Scam!!! The item broke after one day!!!!!!!!! Customer service refused to refund me!!!!!!!!! Criminal behavior!!! Terrible quality!!! Avoid!!! WASTE OF MONEY INCREDIBLE,1
"I've been using this moisturizer for two weeks. It's lightweight and absorbs quickly without feeling greasy. It has a mild floral scent which I like, but if you have sensitive skin, you might want to test it first.",0
UNBELIEVABLE QUALITY!!! ABSOLUTELY PERFECT!!!!!!!!! I AM SO HAPPY WITH THIS PURCHASE!!!!!!!!! OUTSTANDING SERVICE!!! WILL BUY AGAIN AND AGAIN!!!!!!!!! BUY IT NOW!!! AWFUL WASTE OF MONEY,1
"Had dinner here on Friday. The steak was cooked perfectly, and the service was friendly. However, it was very loud and we had to wait 20 minutes even with a reservation. A bit overpriced but good food overall.",0
"BEST EVER!! BEST EVER!! THIS HOTEL IS THE WORST HOTEL IN THE WORLD!!!!!!!!! DO NOT STAY HERE!!! TERRIBLE SERVICE, DIRTY ROOMS, COMPLETELY RUINED MY VACATION!!!!!!!!! BEWARE!!! TOTAL SCAM!!!",1
"I read this book over the weekend. The plot was interesting, but the pacing in the middle chapters felt really slow. The characters are well-developed, especially the protagonist. Worth a read if you like mystery, but not a masterpiece. Hope this review helps.",0
"I've been using this moisturizer for two weeks. It's lightweight and absorbs quickly without feeling greasy. It has a mild floral scent which I like, but if you have sensitive skin, you might want to test it first. Will update this review if anything changes.",0
"The study desk arrived in good packaging. Assembly took about an hour and the instructions were clear enough. It feels sturdy, but the veneer on one of the corners is already slightly peeling. Still, it fits my study room perfectly.",0
This jacket is warm and fits true to size. The zippers feel strong and the material is water-resistant. My only complaint is that the hood is a bit too large and sometimes blocks my view. Good for autumn weather.,0
"Decent food, but nothing extraordinary. The pasta was fresh, though the sauce needed more seasoning. Service was a bit slow, but the atmosphere was cozy. I might return if I'm in the neighborhood.",0
BUY NOW!! BUY NOW!! BUY NOW!! UTTERLY USELESS. DOES NOT WORK AT ALL. COMPLETELY FAKE REVIEWS ONLINE. TERRIBLE EXPERIENCE. SAVE YOUR HARD-EARNED MONEY AND BUY SOMETHING ELSE!,1
These resistance bands are durable and offer a good range of tension. The door anchor is strong. My only gripe is that the carrying bag is very cheap and tore on day two. Good value for home workouts.,0
"Nice hotel, clean rooms, and friendly staff. The location is perfect, just a short walk to the subway station. The breakfast was a bit basic, and the Wi-Fi was slow in the evening. Overall, a pleasant stay for a weekend trip.",0
"Nice hotel, clean rooms, and friendly staff. The location is perfect, just a short walk to the subway station. The breakfast was a bit basic, and the Wi-Fi was slow in the evening. Overall, a pleasant stay for a weekend trip. Will update this review if anything changes.",0
"The study desk arrived in good packaging. Assembly took about an hour and the instructions were clear enough. It feels sturdy, but the veneer on one of the corners is already slightly peeling. Still, it fits my study room perfectly. Will update this review if anything changes.",0
"This item is absolute garbage!!! Broke on the first day!!!!!!!!! Terrible service!!!!!!!!! Do not buy!!! Go check out brand X instead, it is much cheaper and infinitely better!!!",1
This jacket is warm and fits true to size. The zippers feel strong and the material is water-resistant. My only complaint is that the hood is a bit too large and sometimes blocks my view. Good for autumn weather.,0
"I've been using this moisturizer for two weeks. It's lightweight and absorbs quickly without feeling greasy. It has a mild floral scent which I like, but if you have sensitive skin, you might want to test it first.",0
"SIMPLY BEST!!! EXCEEDED ALL MY EXPECTATIONS. HIGH QUALITY AND WORKS LIKE A CHARM. DO NOT HESITATE, GET ONE TODAY! EXTREMELY SATISFIED! PLEASE BUY SO BAD",1
"The running shoes are lightweight and comfortable. I've run about 50 miles in them so far, and the sole is holding up well. However, they lack arch support, so I had to add custom insoles. Fits slightly narrow.",0
"This restaurant is terrible, disgusting food and awful service!!!!!!!!! Avoid at all costs!!! Go to the place across the street, they are much better!!! Absolute garbage!!!!!!!!! PLEASE BUY INCREDIBLE",1
"The room was spacious and clean, with a nice view of the city. The bed was comfortable. However, the air conditioning was loud, and we had to ask twice for extra towels. The staff was polite but seemed understaffed. Hope this review helps.",0
Amazing! Amazing! Amazing! Love it so much! Best purchase of the year. Highly recommend! Buy this now!!!,1
WOW VERY GOOD NICE VERY HAPPY GOOD QUALITY BEST BUY VERY FAST SHIPPING LOVED IT THANK YOU SO MUCH SELLER 5 STARS!!! VERY GOOD SO BAD,1
"The running shoes are lightweight and comfortable. I've run about 50 miles in them so far, and the sole is holding up well. However, they lack arch support, so I had to add custom insoles. Fits slightly narrow.",0
"I read this book over the weekend. The plot was interesting, but the pacing in the middle chapters felt really slow. The characters are well-developed, especially the protagonist. Worth a read if you like mystery, but not a masterpiece. Hope this review helps.",0
"This non-stick pan has been my daily driver for breakfast. Eggs slide right off. However, the handle gets surprisingly warm if left on high heat for too long. Make sure to hand wash it to keep the coating intact.",0
"This coffee maker makes a decent espresso. The milk frother is a bit hard to neat, and it takes some practice to get the milk texturing right. But once you get the hang of it, it's very nice. The build is mostly plastic but feels sturdy.",0
"Had dinner here on Friday. The steak was cooked perfectly, and the service was friendly. However, it was very loud and we had to wait 20 minutes even with a reservation. A bit overpriced but good food overall.",0
"I've been using this moisturizer for two weeks. It's lightweight and absorbs quickly without feeling greasy. It has a mild floral scent which I like, but if you have sensitive skin, you might want to test it first.",0
"Had dinner here on Friday. The steak was cooked perfectly, and the service was friendly. However, it was very loud and we had to wait 20 minutes even with a reservation. A bit overpriced but good food overall.",0
"The keyboard has a nice tactile feel and typing is very comfortable. The RGB lighting is customizable but the software is slow. Also, the USB cable is not detachable which is a downside. Still, good value for money.",0
"This non-stick pan has been my daily driver for breakfast. Eggs slide right off. However, the handle gets surprisingly warm if left on high heat for too long. Make sure to hand wash it to keep the coating intact. Will update this review if anything changes.",0
BEST EVER!! BEST EVER!! Scam! Scam! Scam! The item broke after one day. Customer service refused to refund me. Criminal behavior! Terrible quality! Avoid!,1
"Decent food, but nothing extraordinary. The pasta was fresh, though the sauce needed more seasoning. Service was a bit slow, but the atmosphere was cozy. I might return if I'm in the neighborhood.",0
BUY NOW!! BUY NOW!! BUY NOW!! WOW! AMAZING PRODUCT! BEST VACUUM CLEANER EVER!!! BUY THIS NOW!!! MUST BUY!!! AWESOME SUCTION! BUY THIS NOW!!!,1
"BEST EVER!! BEST EVER!! BEST EVER!! BEST EVER!! THIS RESTAURANT IS TERRIBLE, DISGUSTING FOOD AND AWFUL SERVICE!!!!!!!!! AVOID AT ALL COSTS!!! GO TO THE PLACE ACROSS THE STREET, THEY ARE MUCH BETTER!!! ABSOLUTE GARBAGE!!!!!!!!! PLEASE BUY PLEASE BUY",1
This jacket is warm and fits true to size. The zippers feel strong and the material is water-resistant. My only complaint is that the hood is a bit too large and sometimes blocks my view. Good for autumn weather.,0
This jacket is warm and fits true to size. The zippers feel strong and the material is water-resistant. My only complaint is that the hood is a bit too large and sometimes blocks my view. Good for autumn weather.,0
"Nice hotel, neat rooms, and friendly staff. The location is perfect, just a short walk to the subway station. The breakfast was a bit basic, and the Wi-Fi was slow in the evening. Overall, a pleasant stay for a weekend trip. Will update this review if anything changes.",0
"BEST EVER!! BEST EVER!! BEST EVER!! BEST EVER!! THIS IS THE BEST COFFEE MAKER EVER!!! LOVE IT SO MUCH! SUPER EASY TO USE, COFFEE IS AMAZING! BEST PRODUCT EVER, HIGHLY RECOMMEND TO EVERYONE!!! PERFECT QUALITY HIGHLY RECOMMENDED",1
"Nice hotel, clean rooms, and friendly staff. The location is perfect, just a short walk to the subway station. The breakfast was a bit basic, and the Wi-Fi was slow in the evening. Overall, a pleasant stay for a weekend trip.",0
"The room was spacious and tidy, with a nice view of the city. The bed was comfortable. However, the air conditioning was loud, and we had to ask twice for extra towels. The staff was polite but seemed understaffed.",0
"Nice hotel, tidy rooms, and friendly staff. The location is perfect, just a short walk to the subway station. The breakfast was a bit basic, and the Wi-Fi was slow in the evening. Overall, a pleasant stay for a weekend trip.",0
This jacket is warm and fits true to size. The zippers feel strong and the material is water-resistant. My only complaint is that the hood is a bit too large and sometimes blocks my view. Good for autumn weather. Hope this review helps.,0
"I've been using this moisturizer for two weeks. It's lightweight and absorbs quickly without feeling greasy. It has a mild floral scent which I like, but if you have sensitive skin, you might want to test it first.",0
"Nice hotel, clean rooms, and friendly staff. The location is perfect, just a short walk to the subway station. The breakfast was a bit basic, and the Wi-Fi was slow in the evening. Overall, a pleasant stay for a weekend trip. Will update this review if anything changes.",0
"AMAZING!! AMAZING!! AMAZING!! This is the best coffee maker ever!!! Love it so much! Super easy to use, coffee is amazing! Best product ever, highly recommend to everyone!!! SO BAD VERY GOOD",1
WOW!!! Instant wrinkle eraser!!! My skin looks 20 years younger after one application!!! Magic in a bottle!!! Highly recommend to everyone!!!!!!!!! HIGHLY RECOMMENDED VERY GOOD,1
"BUY NOW!! BUY NOW!! BUY NOW!! HATE THIS PRODUCT, ABSOLUTE GARBAGE!!!!!!!!! WASTE OF MONEY!!!!!!!!! DON'T BUY IT, TOTAL SCAM!!! SELLER HAS NO IDEA WHAT THEY ARE DOING!!!!!!!!! WORST PRODUCT EVER!!!!!!!!! HIGHLY RECOMMENDED PERFECT QUALITY",1
"BUY NOW!! BUY NOW!! BUY NOW!! SIMPLY BEST!!! EXCEEDED ALL MY EXPECTATIONS. HIGH QUALITY AND WORKS LIKE A CHARM. DO NOT HESITATE, GET ONE TODAY! EXTREMELY SATISFIED! SO BAD WASTE OF MONEY",1
GARBAGE!! GARBAGE!! GARBAGE!! GARBAGE!! WOW! Instant wrinkle eraser! My skin looks 20 years younger after one application! Magic in a bottle! Highly recommend to everyone!!!,1
"I bought this vacuum cleaner last week. The suction is solid for hardwood floors, but it struggles a bit on thick carpets. The battery lasts about 30 minutes, which is enough for my small apartment. It's relatively quiet. Overall, a solid purchase, though a bit expensive. Hope this review helps.",0
BUY NOW!! BUY NOW!! BUY NOW!! WOW! Instant wrinkle eraser! My skin looks 20 years younger after one application! Magic in a bottle! Highly recommend to everyone!!! HIGHLY RECOMMENDED INCREDIBLE,1
"Had dinner here on Friday. The steak was cooked perfectly, and the service was friendly. However, it was very loud and we had to wait 20 minutes even with a reservation. A bit overpriced but good food overall. Hope this review helps.",0
"BUY NOW!! BUY NOW!! BUY NOW!! BUY NOW!! This is the best coffee maker ever!!!!!!!!! Love it so much!!! Super easy to use, coffee is amazing!!! Best product ever, highly recommend to everyone!!!!!!!!! AWFUL INCREDIBLE",1
Utterly useless. Does not work at all. Completely fake reviews online. Terrible experience. Save your hard-earned money and buy something else! VERY GOOD WASTE OF MONEY,1
"Had dinner here on Friday. The steak was cooked perfectly, and the service was friendly. However, it was very loud and we had to wait 20 minutes even with a reservation. A bit overpriced but good food overall. Hope this review helps.",0
"SIMPLY BEST!!!!!!!!! EXCEEDED ALL MY EXPECTATIONS!!!!!!!!! HIGH QUALITY AND WORKS LIKE A CHARM!!!!!!!!! DO NOT HESITATE, GET ONE TODAY!!! EXTREMELY SATISFIED!!! WASTE OF MONEY PERFECT QUALITY",1
"THIS ITEM IS ABSOLUTE GARBAGE! BROKE ON THE FIRST DAY. TERRIBLE SERVICE. DO NOT BUY! GO CHECK OUT BRAND X INSTEAD, IT IS MUCH CHEAPER AND INFINITELY BETTER! WASTE OF MONEY PERFECT QUALITY",1
"Nice hotel, tidy rooms, and friendly staff. The location is perfect, just a short walk to the subway station. The breakfast was a bit basic, and the Wi-Fi was slow in the evening. Overall, a pleasant stay for a weekend trip. Hope this review helps.",0
"I've been using these headphones for a month. The sound quality is balanced with decent bass. Noise cancellation works well on flights, but it's not perfect. Battery life is impressive, lasting me almost a week of daily use.",0
SCAM!! SCAM!! WOW!!! Instant wrinkle eraser!!! My skin looks 20 years younger after one application!!! Magic in a bottle!!! Highly recommend to everyone!!!!!!!!!,1
"GET 50% OFF TODAY WITH CODE SALE50!!! This product is amazing and fits perfectly!!! Very happy, extremely satisfied, best purchase ever!!! VERY GOOD INCREDIBLE",1
SCAM!! SCAM!! SCAM!! Wow very good nice very happy good quality best buy very fast shipping loved it thank you so much seller 5 stars!!!!!!!!! HIGHLY RECOMMENDED PERFECT QUALITY,1
"THIS HOTEL IS THE WORST HOTEL IN THE WORLD!!!!!!!!! DO NOT STAY HERE!!! TERRIBLE SERVICE, DIRTY ROOMS, COMPLETELY RUINED MY VACATION!!!!!!!!! BEWARE!!! TOTAL SCAM!!!",1
"BEST EVER!! BEST EVER!! BEST EVER!! BEST EVER!! This restaurant is terrible, disgusting food and awful service. Avoid at all costs! Go to the place across the street, they are much better! Absolute garbage. AWFUL PERFECT QUALITY",1
"The room was spacious and clean, with a pleasant view of the city. The bed was comfortable. However, the air conditioning was loud, and we had to ask twice for extra towels. The staff was polite but seemed understaffed.",0
"This restaurant is terrible, disgusting food and awful service!!!!!!!!! Avoid at all costs!!! Go to the place across the street, they are much better!!! Absolute garbage!!!!!!!!!",1
"The study desk arrived in good packaging. Assembly took about an hour and the instructions were clear enough. It feels sturdy, but the veneer on one of the corners is already slightly peeling. Still, it fits my study room perfectly.",0
"SIMPLY BEST!!!!!!!!! Exceeded all my expectations!!!!!!!!! High quality and works like a charm!!!!!!!!! Do not hesitate, get one today!!! Extremely satisfied!!!",1
WOW VERY GOOD NICE VERY HAPPY GOOD QUALITY BEST BUY VERY FAST SHIPPING LOVED IT THANK YOU SO MUCH SELLER 5 STARS!!!!!!!!! SO BAD AWFUL,1
BEST EVER!! BEST EVER!! BEST EVER!! BEST EVER!! UNBELIEVABLE QUALITY! Absolutely perfect. I am so happy with this purchase. Outstanding service! Will buy again and again. Buy it now!,1
"Decent food, but nothing extraordinary. The pasta was fresh, though the sauce needed more seasoning. Service was a bit slow, but the atmosphere was cozy. I might return if I'm in the neighborhood. Hope this review helps.",0
"The study desk arrived in good packaging. Assembly took about an hour and the instructions were clear enough. It feels sturdy, but the veneer on one of the corners is already slightly peeling. Still, it fits my study room perfectly. Will update this review if anything changes.",0
GARBAGE!! GARBAGE!! Utterly useless!!!!!!!!! Does not work at all!!!!!!!!! Completely fake reviews online!!!!!!!!! Terrible experience!!!!!!!!! Save your hard-earned money and buy something else!!! VERY GOOD INCREDIBLE,1
GARBAGE!! GARBAGE!! GARBAGE!! AMAZING BOOK!!! BEST STORY EVER!!! I COULD NOT PUT IT DOWN!!! MUST READ!!! BUY THIS BOOK NOW!!! HIGHLY RECOMMENDED SO BAD,1
"I read this book over the weekend. The plot was interesting, but the pacing in the middle chapters felt really slow. The characters are well-developed, especially the protagonist. Worth a read if you like mystery, but not a masterpiece.",0
"The room was spacious and neat, with a good view of the city. The bed was comfortable. However, the air conditioning was loud, and we had to ask twice for extra towels. The staff was polite but seemed understaffed.",0
"The running shoes are lightweight and comfortable. I've run about 50 miles in them so far, and the sole is holding up well. However, they lack arch support, so I had to add custom insoles. Fits slightly narrow.",0
This jacket is warm and fits true to size. The zippers feel strong and the material is water-resistant. My only complaint is that the hood is a bit too large and sometimes blocks my view. Good for autumn weather.,0
"I read this book over the weekend. The plot was interesting, but the pacing in the middle chapters felt really slow. The characters are well-developed, especially the protagonist. Worth a read if you like mystery, but not a masterpiece. Will update this review if anything changes.",0
"The study desk arrived in good packaging. Assembly took about an hour and the instructions were clear enough. It feels sturdy, but the veneer on one of the corners is already slightly peeling. Still, it fits my study room perfectly.",0
"The room was spacious and clean, with a nice view of the city. The bed was comfortable. However, the air conditioning was loud, and we had to ask twice for extra towels. The staff was polite but seemed understaffed.",0
"SIMPLY BEST!!! Exceeded all my expectations. High quality and works like a charm. Do not hesitate, get one today! Extremely satisfied!",1
"Had dinner here on Friday. The steak was cooked perfectly, and the service was friendly. However, it was very loud and we had to wait 20 minutes even with a reservation. A bit overpriced but good food overall. Will update this review if anything changes.",0
"I bought this vacuum neater last week. The suction is solid for hardwood floors, but it struggles a bit on thick carpets. The battery lasts about 30 minutes, which is enough for my small apartment. It's relatively quiet. Overall, a solid purchase, though a bit costly. Hope this review helps.",0
"GET 50% OFF TODAY WITH CODE SALE50! This product is amazing and fits perfectly! Very happy, extremely satisfied, best purchase ever!",1
These resistance bands are durable and offer a good range of tension. The door anchor is strong. My only gripe is that the carrying bag is very cheap and tore on day two. Good value for home workouts.,0
"GET 50% OFF TODAY WITH CODE SALE50!!! This product is amazing and fits perfectly!!! Very happy, extremely satisfied, best purchase ever!!!",1
"THIS HOTEL IS THE WORST HOTEL IN THE WORLD!!!!!!!!! DO NOT STAY HERE!!! TERRIBLE SERVICE, DIRTY ROOMS, COMPLETELY RUINED MY VACATION!!!!!!!!! BEWARE!!! TOTAL SCAM!!!",1
"I bought this vacuum neater last week. The suction is solid for hardwood floors, but it struggles a bit on thick carpets. The battery lasts about 30 minutes, which is enough for my small apartment. It's relatively quiet. Overall, a solid purchase, though a bit expensive. Hope this review helps.",0
UNBELIEVABLE QUALITY! ABSOLUTELY PERFECT. I AM SO HAPPY WITH THIS PURCHASE. OUTSTANDING SERVICE! WILL BUY AGAIN AND AGAIN. BUY IT NOW!,1
"I've been using these headphones for a month. The sound quality is balanced with decent bass. Noise cancellation works well on flights, but it's not perfect. Battery life is impressive, lasting me almost a week of daily use. Hope this review helps.",0
"The room was spacious and tidy, with a nice view of the city. The bed was comfortable. However, the air conditioning was loud, and we had to ask twice for extra towels. The staff was polite but seemed understaffed. Will update this review if anything changes.",0
"I bought this vacuum tidyer last week. The suction is very good for hardwood floors, but it struggles a bit on thick carpets. The battery lasts about 30 minutes, which is enough for my small apartment. It's relatively quiet. Overall, a solid purchase, though a bit pricey.",0
AMAZING BOOK!!! BEST STORY EVER!!! I COULD NOT PUT IT DOWN!!! MUST READ!!! BUY THIS BOOK NOW!!! HIGHLY RECOMMENDED PERFECT QUALITY,1
"BUY NOW!! BUY NOW!! BUY NOW!! This is the best coffee maker ever!!! Love it so much! Super easy to use, coffee is amazing! Best product ever, highly recommend to everyone!!! AWFUL WASTE OF MONEY",1
This jacket is warm and fits true to size. The zippers feel strong and the material is water-resistant. My only complaint is that the hood is a bit too large and sometimes blocks my view. Good for autumn weather. Will update this review if anything changes.,0
"The running shoes are lightweight and comfortable. I've run about 50 miles in them so far, and the sole is holding up well. However, they lack arch support, so I had to add custom insoles. Fits slightly narrow.",0
AMAZING!! AMAZING!! AMAZING!! AMAZING!! WOW! Instant wrinkle eraser! My skin looks 20 years younger after one application! Magic in a bottle! Highly recommend to everyone!!! VERY GOOD PLEASE BUY,1
"Nice hotel, tidy rooms, and friendly staff. The location is perfect, just a short walk to the subway station. The breakfast was a bit basic, and the Wi-Fi was slow in the evening. Overall, a pleasant stay for a weekend trip.",0
"This non-stick pan has been my daily driver for breakfast. Eggs slide right off. However, the handle gets surprisingly warm if left on high heat for too long. Make sure to hand wash it to keep the coating intact. Hope this review helps.",0
"BEST EVER!! BEST EVER!! THIS RESTAURANT IS TERRIBLE, DISGUSTING FOOD AND AWFUL SERVICE!!!!!!!!! AVOID AT ALL COSTS!!! GO TO THE PLACE ACROSS THE STREET, THEY ARE MUCH BETTER!!! ABSOLUTE GARBAGE!!!!!!!!! HIGHLY RECOMMENDED HIGHLY RECOMMENDED",1
"This coffee maker makes a decent espresso. The milk frother is a bit hard to neat, and it takes some practice to get the milk texturing right. But once you get the hang of it, it's very decent. The build is mostly plastic but feels sturdy. Hope this review helps.",0
"Decent food, but nothing extraordinary. The pasta was fresh, though the sauce needed more seasoning. Service was a bit slow, but the atmosphere was cozy. I might return if I'm in the neighborhood. Hope this review helps.",0
"GET 50% OFF TODAY WITH CODE SALE50!!! This product is amazing and fits perfectly!!! Very happy, extremely satisfied, best purchase ever!!! PERFECT QUALITY PLEASE BUY",1
"I've been using this moisturizer for two weeks. It's lightweight and absorbs quickly without feeling greasy. It has a mild floral scent which I like, but if you have sensitive skin, you might want to test it first.",0
These resistance bands are durable and offer a good range of tension. The door anchor is strong. My only gripe is that the carrying bag is very cheap and tore on day two. Good value for home workouts.,0
SCAM!! SCAM!! SCAM!! SCAM!! Amazing! Amazing! Amazing! Love it so much! Best purchase of the year. Highly recommend! Buy this now!!!,1
"This coffee maker makes a decent espresso. The milk frother is a bit hard to neat, and it takes some practice to get the milk texturing right. But once you get the hang of it, it's very pleasant. The build is mostly plastic but feels sturdy. Hope this review helps.",0
"SCAM!! SCAM!! SCAM!! SCAM!! HATE THIS PRODUCT, ABSOLUTE GARBAGE!!!!!!!!! WASTE OF MONEY!!!!!!!!! DON'T BUY IT, TOTAL SCAM!!! SELLER HAS NO IDEA WHAT THEY ARE DOING!!!!!!!!! WORST PRODUCT EVER!!!!!!!!!",1
"Decent food, but nothing extraordinary. The pasta was fresh, though the sauce needed more seasoning. Service was a bit slow, but the atmosphere was cozy. I might return if I'm in the neighborhood.",0
BEST EVER!! BEST EVER!! AMAZING! AMAZING! AMAZING! LOVE IT SO MUCH! BEST PURCHASE OF THE YEAR. HIGHLY RECOMMEND! BUY THIS NOW!!!,1
WOW!!! AMAZING PRODUCT!!! BEST VACUUM CLEANER EVER!!!!!!!!! BUY THIS NOW!!!!!!!!! MUST BUY!!!!!!!!! AWESOME SUCTION!!! BUY THIS NOW!!!!!!!!! HIGHLY RECOMMENDED PERFECT QUALITY,1
UNBELIEVABLE QUALITY!!! Absolutely perfect!!!!!!!!! I am so happy with this purchase!!!!!!!!! Outstanding service!!! Will buy again and again!!!!!!!!! Buy it now!!! SO BAD SO BAD,1
WOW!!! AMAZING PRODUCT!!! BEST VACUUM CLEANER EVER!!!!!!!!! BUY THIS NOW!!!!!!!!! MUST BUY!!!!!!!!! AWESOME SUCTION!!! BUY THIS NOW!!!!!!!!! SO BAD PLEASE BUY,1
"SCAM!! SCAM!! Hate this product, absolute garbage. Waste of money. Don't buy it, total scam! Seller has no idea what they are doing. Worst product ever. VERY GOOD PLEASE BUY",1
GARBAGE!! GARBAGE!! GARBAGE!! GARBAGE!! Amazing! Amazing! Amazing! Love it so much! Best purchase of the year. Highly recommend! Buy this now!!!,1
BEST EVER!! BEST EVER!! BEST EVER!! BEST EVER!! Scam! Scam! Scam! The item broke after one day. Customer service refused to refund me. Criminal behavior! Terrible quality! Avoid! PLEASE BUY SO BAD,1
"I've been using this moisturizer for two weeks. It's lightweight and absorbs quickly without feeling greasy. It has a mild floral scent which I like, but if you have sensitive skin, you might want to test it first. Hope this review helps.",0
AMAZING BOOK!!!!!!!!! BEST STORY EVER!!!!!!!!! I COULD NOT PUT IT DOWN!!!!!!!!! MUST READ!!!!!!!!! BUY THIS BOOK NOW!!!!!!!!!,1
"Decent food, but nothing extraordinary. The pasta was fresh, though the sauce needed more seasoning. Service was a bit slow, but the atmosphere was cozy. I might return if I'm in the neighborhood.",0
"Nice hotel, tidy rooms, and friendly staff. The location is perfect, just a short walk to the subway station. The breakfast was a bit basic, and the Wi-Fi was slow in the evening. Overall, a pleasant stay for a weekend trip.",0
"Had dinner here on Friday. The steak was cooked perfectly, and the service was friendly. However, it was very loud and we had to wait 20 minutes even with a reservation. A bit overpriced but good food overall. Hope this review helps.",0
"SCAM!! SCAM!! SIMPLY BEST!!!!!!!!! Exceeded all my expectations!!!!!!!!! High quality and works like a charm!!!!!!!!! Do not hesitate, get one today!!! Extremely satisfied!!! HIGHLY RECOMMENDED AWFUL",1
"BUY NOW!! BUY NOW!! BUY NOW!! BUY NOW!! This item is absolute garbage! Broke on the first day. Terrible service. Do not buy! Go check out brand X instead, it is much cheaper and infinitely better!",1
"This non-stick pan has been my daily driver for breakfast. Eggs slide right off. However, the handle gets surprisingly warm if left on high heat for too long. Make sure to hand wash it to keep the coating intact.",0
These resistance bands are durable and offer a good range of tension. The door anchor is strong. My only gripe is that the carrying bag is very cheap and tore on day two. Good value for home workouts. Hope this review helps.,0
"BEST EVER!! BEST EVER!! BEST EVER!! BEST EVER!! This restaurant is terrible, disgusting food and awful service!!!!!!!!! Avoid at all costs!!! Go to the place across the street, they are much better!!! Absolute garbage!!!!!!!!!",1
This jacket is warm and fits true to size. The zippers feel strong and the material is water-resistant. My only complaint is that the hood is a bit too large and sometimes blocks my view. Good for autumn weather.,0
"Nice hotel, clean rooms, and friendly staff. The location is perfect, just a short walk to the subway station. The breakfast was a bit basic, and the Wi-Fi was slow in the evening. Overall, a pleasant stay for a weekend trip.",0
"I've been using these headphones for a month. The sound quality is balanced with decent bass. Noise cancellation works well on flights, but it's not perfect. Battery life is impressive, lasting me almost a week of daily use. Will update this review if anything changes.",0
"I read this book over the weekend. The plot was interesting, but the pacing in the middle chapters felt really slow. The characters are well-developed, especially the protagonist. Worth a read if you like mystery, but not a masterpiece.",0
"I read this book over the weekend. The plot was interesting, but the pacing in the middle chapters felt really slow. The characters are well-developed, especially the protagonist. Worth a read if you like mystery, but not a masterpiece.",0
These resistance bands are durable and offer a good range of tension. The door anchor is strong. My only gripe is that the carrying bag is very cheap and tore on day two. Good value for home workouts.,0
SCAM! SCAM! SCAM! THE ITEM BROKE AFTER ONE DAY. CUSTOMER SERVICE REFUSED TO REFUND ME. CRIMINAL BEHAVIOR! TERRIBLE QUALITY! AVOID! INCREDIBLE PERFECT QUALITY,1
"This coffee maker makes a decent espresso. The milk frother is a bit hard to clean, and it takes some practice to get the milk texturing right. But once you get the hang of it, it's very good. The build is mostly plastic but feels sturdy. Hope this review helps.",0
AMAZING!! AMAZING!! AMAZING BOOK!!! BEST STORY EVER!!! I COULD NOT PUT IT DOWN!!! MUST READ!!! BUY THIS BOOK NOW!!!,1
"I've been using these headphones for a month. The sound quality is balanced with decent bass. Noise cancellation works well on flights, but it's not perfect. Battery life is impressive, lasting me almost a week of daily use.",0
"I read this book over the weekend. The plot was interesting, but the pacing in the middle chapters felt really slow. The characters are well-developed, especially the protagonist. Worth a read if you like mystery, but not a masterpiece.",0
WOW!!! AMAZING PRODUCT!!! BEST VACUUM CLEANER EVER!!!!!!!!! BUY THIS NOW!!!!!!!!! MUST BUY!!!!!!!!! AWESOME SUCTION!!! BUY THIS NOW!!!!!!!!!,1
"The running shoes are lightweight and comfortable. I've run about 50 miles in them so far, and the sole is holding up well. However, they lack arch support, so I had to add custom insoles. Fits slightly narrow.",0
"This non-stick pan has been my daily driver for breakfast. Eggs slide right off. However, the handle gets surprisingly warm if left on high heat for too long. Make sure to hand wash it to keep the coating intact.",0
This jacket is warm and fits true to size. The zippers feel strong and the material is water-resistant. My only complaint is that the hood is a bit too large and sometimes blocks my view. Good for autumn weather.,0
"I've been using these headphones for a month. The sound quality is balanced with decent bass. Noise cancellation works well on flights, but it's not perfect. Battery life is impressive, lasting me almost a week of daily use.",0
Amazing!!! Amazing!!! Amazing!!! Love it so much!!! Best purchase of the year!!!!!!!!! Highly recommend!!! Buy this now!!!!!!!!! PERFECT QUALITY HIGHLY RECOMMENDED,1
SCAM!! SCAM!! UNBELIEVABLE QUALITY! ABSOLUTELY PERFECT. I AM SO HAPPY WITH THIS PURCHASE. OUTSTANDING SERVICE! WILL BUY AGAIN AND AGAIN. BUY IT NOW! SO BAD PLEASE BUY,1
"Decent food, but nothing extraordinary. The pasta was fresh, though the sauce needed more seasoning. Service was a bit slow, but the atmosphere was cozy. I might return if I'm in the neighborhood.",0
"AMAZING!! AMAZING!! This hotel is the worst hotel in the world!!!!!!!!! Do not stay here!!! Terrible service, dirty rooms, completely ruined my vacation!!!!!!!!! Beware!!! Total scam!!!",1
"This non-stick pan has been my daily driver for breakfast. Eggs slide right off. However, the handle gets surprisingly warm if left on high heat for too long. Make sure to hand wash it to keep the coating intact. Hope this review helps.",0
"I bought this vacuum cleaner last week. The suction is excellent for hardwood floors, but it struggles a bit on thick carpets. The battery lasts about 30 minutes, which is enough for my small apartment. It's relatively quiet. Overall, a solid purchase, though a bit expensive. Hope this review helps.",0
"Nice hotel, clean rooms, and friendly staff. The location is perfect, just a short walk to the subway station. The breakfast was a bit basic, and the Wi-Fi was slow in the evening. Overall, a pleasant stay for a weekend trip. Hope this review helps.",0
This jacket is warm and fits true to size. The zippers feel strong and the material is water-resistant. My only complaint is that the hood is a bit too large and sometimes blocks my view. Good for autumn weather.,0
AMAZING!! AMAZING!! AMAZING!! AMAZING!! WOW! INSTANT WRINKLE ERASER! MY SKIN LOOKS 20 YEARS YOUNGER AFTER ONE APPLICATION! MAGIC IN A BOTTLE! HIGHLY RECOMMEND TO EVERYONE!!!,1
"SCAM!! SCAM!! SCAM!! SIMPLY BEST!!!!!!!!! EXCEEDED ALL MY EXPECTATIONS!!!!!!!!! HIGH QUALITY AND WORKS LIKE A CHARM!!!!!!!!! DO NOT HESITATE, GET ONE TODAY!!! EXTREMELY SATISFIED!!! HIGHLY RECOMMENDED PLEASE BUY",1
"Nice hotel, tidy rooms, and friendly staff. The location is perfect, just a short walk to the subway station. The breakfast was a bit basic, and the Wi-Fi was slow in the evening. Overall, a pleasant stay for a weekend trip.",0
"Had dinner here on Friday. The steak was cooked perfectly, and the service was friendly. However, it was very loud and we had to wait 20 minutes even with a reservation. A bit overpriced but good food overall. Will update this review if anything changes.",0
"This restaurant is terrible, disgusting food and awful service!!!!!!!!! Avoid at all costs!!! Go to the place across the street, they are much better!!! Absolute garbage!!!!!!!!! HIGHLY RECOMMENDED WASTE OF MONEY",1
"Had dinner here on Friday. The steak was cooked perfectly, and the service was friendly. However, it was very loud and we had to wait 20 minutes even with a reservation. A bit overpriced but good food overall. Will update this review if anything changes.",0
"I've been using these headphones for a month. The sound quality is balanced with decent bass. Noise cancellation works well on flights, but it's not perfect. Battery life is impressive, lasting me almost a week of daily use. Hope this review helps.",0
"I read this book over the weekend. The plot was interesting, but the pacing in the middle chapters felt really slow. The characters are well-developed, especially the protagonist. Worth a read if you like mystery, but not a masterpiece. Will update this review if anything changes.",0
"SCAM!! SCAM!! Hate this product, absolute garbage!!!!!!!!! Waste of money!!!!!!!!! Don't buy it, total scam!!! Seller has no idea what they are doing!!!!!!!!! Worst product ever!!!!!!!!!",1
Scam! Scam! Scam! The item broke after one day. Customer service refused to refund me. Criminal behavior! Terrible quality! Avoid!,1
"This non-stick pan has been my daily driver for breakfast. Eggs slide right off. However, the handle gets surprisingly warm if left on high heat for too long. Make sure to hand wash it to keep the coating intact.",0
"Nice hotel, neat rooms, and friendly staff. The location is perfect, just a short walk to the subway station. The breakfast was a bit basic, and the Wi-Fi was slow in the evening. Overall, a pleasant stay for a weekend trip.",0
"AMAZING!! AMAZING!! AMAZING!! AMAZING!! SIMPLY BEST!!!!!!!!! Exceeded all my expectations!!!!!!!!! High quality and works like a charm!!!!!!!!! Do not hesitate, get one today!!! Extremely satisfied!!!",1
This jacket is warm and fits true to size. The zippers feel strong and the material is water-resistant. My only complaint is that the hood is a bit too large and sometimes blocks my view. Good for autumn weather. Hope this review helps.,0
SCAM! SCAM! SCAM! THE ITEM BROKE AFTER ONE DAY. CUSTOMER SERVICE REFUSED TO REFUND ME. CRIMINAL BEHAVIOR! TERRIBLE QUALITY! AVOID! VERY GOOD VERY GOOD,1
"I bought this vacuum cleaner last week. The suction is excellent for hardwood floors, but it struggles a bit on thick carpets. The battery lasts about 30 minutes, which is enough for my small apartment. It's relatively quiet. Overall, a solid purchase, though a bit expensive.",0
"SIMPLY BEST!!!!!!!!! Exceeded all my expectations!!!!!!!!! High quality and works like a charm!!!!!!!!! Do not hesitate, get one today!!! Extremely satisfied!!! HIGHLY RECOMMENDED VERY GOOD",1
"Hate this product, absolute garbage. Waste of money. Don't buy it, total scam! Seller has no idea what they are doing. Worst product ever.",1
"BEST EVER!! BEST EVER!! BEST EVER!! SIMPLY BEST!!! Exceeded all my expectations. High quality and works like a charm. Do not hesitate, get one today! Extremely satisfied! HIGHLY RECOMMENDED WASTE OF MONEY",1
"The study desk arrived in good packaging. Assembly took about an hour and the instructions were clear enough. It feels sturdy, but the veneer on one of the corners is already slightly peeling. Still, it fits my study room perfectly.",0
"Decent food, but nothing extraordinary. The pasta was fresh, though the sauce needed more seasoning. Service was a bit slow, but the atmosphere was cozy. I might return if I'm in the neighborhood.",0
"The keyboard has a pleasant tactile feel and typing is very comfortable. The RGB lighting is customizable but the software is slow. Also, the USB cable is not detachable which is a downside. Still, good value for money. Hope this review helps.",0
"The running shoes are lightweight and comfortable. I've run about 50 miles in them so far, and the sole is holding up well. However, they lack arch support, so I had to add custom insoles. Fits slightly narrow.",0
"I've been using this moisturizer for two weeks. It's lightweight and absorbs quickly without feeling greasy. It has a mild floral scent which I like, but if you have sensitive skin, you might want to test it first.",0
BEST EVER!! BEST EVER!! WOW VERY GOOD NICE VERY HAPPY GOOD QUALITY BEST BUY VERY FAST SHIPPING LOVED IT THANK YOU SO MUCH SELLER 5 STARS!!!!!!!!! WASTE OF MONEY INCREDIBLE,1
BUY NOW!! BUY NOW!! BUY NOW!! BUY NOW!! WOW!!! Instant wrinkle eraser!!! My skin looks 20 years younger after one application!!! Magic in a bottle!!! Highly recommend to everyone!!!!!!!!!,1
"This item is absolute garbage!!! Broke on the first day!!!!!!!!! Terrible service!!!!!!!!! Do not buy!!! Go check out brand X instead, it is much cheaper and infinitely better!!! INCREDIBLE SO BAD",1
"THIS ITEM IS ABSOLUTE GARBAGE!!! BROKE ON THE FIRST DAY!!!!!!!!! TERRIBLE SERVICE!!!!!!!!! DO NOT BUY!!! GO CHECK OUT BRAND X INSTEAD, IT IS MUCH CHEAPER AND INFINITELY BETTER!!!",1
WOW!!! AMAZING PRODUCT!!! BEST VACUUM CLEANER EVER!!!!!!!!! BUY THIS NOW!!!!!!!!! MUST BUY!!!!!!!!! AWESOME SUCTION!!! BUY THIS NOW!!!!!!!!! PERFECT QUALITY WASTE OF MONEY,1
"This non-stick pan has been my daily driver for breakfast. Eggs slide right off. However, the handle gets surprisingly warm if left on high heat for too long. Make sure to hand wash it to keep the coating intact.",0
"GET 50% OFF TODAY WITH CODE SALE50!!! THIS PRODUCT IS AMAZING AND FITS PERFECTLY!!! VERY HAPPY, EXTREMELY SATISFIED, BEST PURCHASE EVER!!!",1
These resistance bands are durable and offer a good range of tension. The door anchor is strong. My only gripe is that the carrying bag is very cheap and tore on day two. Good value for home workouts.,0
Utterly useless. Does not work at all. Completely fake reviews online. Terrible experience. Save your hard-earned money and buy something else!,1
"This coffee maker makes a decent espresso. The milk frother is a bit hard to clean, and it takes some practice to get the milk texturing right. But once you get the hang of it, it's very good. The build is mostly plastic but feels sturdy. Hope this review helps.",0
"I've been using these headphones for a month. The sound quality is balanced with decent bass. Noise cancellation works well on flights, but it's not perfect. Battery life is impressive, lasting me almost a week of daily use. Hope this review helps.",0
"This hotel is the worst hotel in the world!!!!!!!!! Do not stay here!!! Terrible service, dirty rooms, completely ruined my vacation!!!!!!!!! Beware!!! Total scam!!! AWFUL INCREDIBLE",1
"SCAM!! SCAM!! SCAM!! SIMPLY BEST!!! EXCEEDED ALL MY EXPECTATIONS. HIGH QUALITY AND WORKS LIKE A CHARM. DO NOT HESITATE, GET ONE TODAY! EXTREMELY SATISFIED!",1
"Nice hotel, clean rooms, and friendly staff. The location is perfect, just a short walk to the subway station. The breakfast was a bit basic, and the Wi-Fi was slow in the evening. Overall, a pleasant stay for a weekend trip.",0
"Had dinner here on Friday. The steak was cooked perfectly, and the service was friendly. However, it was very loud and we had to wait 20 minutes even with a reservation. A bit overpriced but good food overall.",0
"I read this book over the weekend. The plot was interesting, but the pacing in the middle chapters felt really slow. The characters are well-developed, especially the protagonist. Worth a read if you like mystery, but not a masterpiece. Will update this review if anything changes.",0
"BUY NOW!! BUY NOW!! BUY NOW!! GET 50% OFF TODAY WITH CODE SALE50!!! This product is amazing and fits perfectly!!! Very happy, extremely satisfied, best purchase ever!!!",1
"Decent food, but nothing extraordinary. The pasta was fresh, though the sauce needed more seasoning. Service was a bit slow, but the atmosphere was cozy. I might return if I'm in the neighborhood.",0
BEST EVER!! BEST EVER!! UNBELIEVABLE QUALITY! Absolutely perfect. I am so happy with this purchase. Outstanding service! Will buy again and again. Buy it now!,1
"Had dinner here on Friday. The steak was cooked perfectly, and the service was friendly. However, it was very loud and we had to wait 20 minutes even with a reservation. A bit overpriced but good food overall.",0
These resistance bands are durable and offer a good range of tension. The door anchor is strong. My only gripe is that the carrying bag is very cheap and tore on day two. Good value for home workouts.,0
"I've been using these headphones for a month. The sound quality is balanced with decent bass. Noise cancellation works well on flights, but it's not perfect. Battery life is impressive, lasting me almost a week of daily use. Will update this review if anything changes.",0
"This hotel is the worst hotel in the world!!! Do not stay here! Terrible service, dirty rooms, completely ruined my vacation. Beware! Total scam! INCREDIBLE PLEASE BUY",1
BEST EVER!! BEST EVER!! BEST EVER!! UNBELIEVABLE QUALITY! Absolutely perfect. I am so happy with this purchase. Outstanding service! Will buy again and again. Buy it now! HIGHLY RECOMMENDED HIGHLY RECOMMENDED,1
"This non-stick pan has been my daily driver for breakfast. Eggs slide right off. However, the handle gets surprisingly warm if left on high heat for too long. Make sure to hand wash it to keep the coating intact.",0
"This coffee maker makes a decent espresso. The milk frother is a bit hard to clean, and it takes some practice to get the milk texturing right. But once you get the hang of it, it's very nice. The build is mostly plastic but feels sturdy.",0
"SCAM!! SCAM!! GET 50% OFF TODAY WITH CODE SALE50!!! THIS PRODUCT IS AMAZING AND FITS PERFECTLY!!! VERY HAPPY, EXTREMELY SATISFIED, BEST PURCHASE EVER!!! PLEASE BUY INCREDIBLE",1
"SCAM!! SCAM!! This is the best coffee maker ever!!! Love it so much! Super easy to use, coffee is amazing! Best product ever, highly recommend to everyone!!! AWFUL INCREDIBLE",1
"I bought this vacuum cleaner last week. The suction is great for hardwood floors, but it struggles a bit on thick carpets. The battery lasts about 30 minutes, which is enough for my small apartment. It's relatively quiet. Overall, a solid purchase, though a bit costly.",0
"SCAM!! SCAM!! SCAM!! THIS RESTAURANT IS TERRIBLE, DISGUSTING FOOD AND AWFUL SERVICE!!!!!!!!! AVOID AT ALL COSTS!!! GO TO THE PLACE ACROSS THE STREET, THEY ARE MUCH BETTER!!! ABSOLUTE GARBAGE!!!!!!!!!",1
Amazing! Amazing! Amazing! Love it so much! Best purchase of the year. Highly recommend! Buy this now!!!,1
"GARBAGE!! GARBAGE!! GARBAGE!! GARBAGE!! This is the best coffee maker ever!!!!!!!!! Love it so much!!! Super easy to use, coffee is amazing!!! Best product ever, highly recommend to everyone!!!!!!!!! PERFECT QUALITY SO BAD",1
"SCAM!! SCAM!! SCAM!! SCAM!! THIS ITEM IS ABSOLUTE GARBAGE! BROKE ON THE FIRST DAY. TERRIBLE SERVICE. DO NOT BUY! GO CHECK OUT BRAND X INSTEAD, IT IS MUCH CHEAPER AND INFINITELY BETTER!",1
"BUY NOW!! BUY NOW!! This hotel is the worst hotel in the world!!!!!!!!! Do not stay here!!! Terrible service, dirty rooms, completely ruined my vacation!!!!!!!!! Beware!!! Total scam!!!",1
AMAZING!! AMAZING!! Scam!!! Scam!!! Scam!!! The item broke after one day!!!!!!!!! Customer service refused to refund me!!!!!!!!! Criminal behavior!!! Terrible quality!!! Avoid!!!,1
"Nice hotel, clean rooms, and friendly staff. The location is perfect, just a short walk to the subway station. The breakfast was a bit basic, and the Wi-Fi was slow in the evening. Overall, a pleasant stay for a weekend trip. Hope this review helps.",0
"This coffee maker makes a decent espresso. The milk frother is a bit hard to tidy, and it takes some practice to get the milk texturing right. But once you get the hang of it, it's very decent. The build is mostly plastic but feels sturdy.",0
"The room was spacious and neat, with a nice view of the city. The bed was comfortable. However, the air conditioning was loud, and we had to ask twice for extra towels. The staff was polite but seemed understaffed.",0
"SIMPLY BEST!!! EXCEEDED ALL MY EXPECTATIONS. HIGH QUALITY AND WORKS LIKE A CHARM. DO NOT HESITATE, GET ONE TODAY! EXTREMELY SATISFIED! PERFECT QUALITY WASTE OF MONEY",1
"HATE THIS PRODUCT, ABSOLUTE GARBAGE. WASTE OF MONEY. DON'T BUY IT, TOTAL SCAM! SELLER HAS NO IDEA WHAT THEY ARE DOING. WORST PRODUCT EVER.",1
BEST EVER!! BEST EVER!! BEST EVER!! BEST EVER!! Scam! Scam! Scam! The item broke after one day. Customer service refused to refund me. Criminal behavior! Terrible quality! Avoid!,1
BEST EVER!! BEST EVER!! BEST EVER!! BEST EVER!! Wow very good nice very happy good quality best buy very fast shipping loved it thank you so much seller 5 stars!!! SO BAD HIGHLY RECOMMENDED,1
AMAZING!! AMAZING!! AMAZING!!! AMAZING!!! AMAZING!!! LOVE IT SO MUCH!!! BEST PURCHASE OF THE YEAR!!!!!!!!! HIGHLY RECOMMEND!!! BUY THIS NOW!!!!!!!!!,1
"The keyboard has a decent tactile feel and typing is very comfortable. The RGB lighting is customizable but the software is slow. Also, the USB cable is not detachable which is a downside. Still, good value for money. Will update this review if anything changes.",0
"The keyboard has a nice tactile feel and typing is very comfortable. The RGB lighting is customizable but the software is slow. Also, the USB cable is not detachable which is a downside. Still, good value for money.",0
These resistance bands are durable and offer a good range of tension. The door anchor is strong. My only gripe is that the carrying bag is very cheap and tore on day two. Good value for home workouts.,0
"BUY NOW!! BUY NOW!! GET 50% OFF TODAY WITH CODE SALE50!!! THIS PRODUCT IS AMAZING AND FITS PERFECTLY!!! VERY HAPPY, EXTREMELY SATISFIED, BEST PURCHASE EVER!!!",1
"Nice hotel, neat rooms, and friendly staff. The location is perfect, just a short walk to the subway station. The breakfast was a bit basic, and the Wi-Fi was slow in the evening. Overall, a pleasant stay for a weekend trip. Hope this review helps.",0
These resistance bands are durable and offer a good range of tension. The door anchor is strong. My only gripe is that the carrying bag is very cheap and tore on day two. Good value for home workouts.,0
"This coffee maker makes a decent espresso. The milk frother is a bit hard to neat, and it takes some practice to get the milk texturing right. But once you get the hang of it, it's very decent. The build is mostly plastic but feels sturdy.",0
"AMAZING!! AMAZING!! AMAZING!! HATE THIS PRODUCT, ABSOLUTE GARBAGE. WASTE OF MONEY. DON'T BUY IT, TOTAL SCAM! SELLER HAS NO IDEA WHAT THEY ARE DOING. WORST PRODUCT EVER.",1
BUY NOW!! BUY NOW!! BUY NOW!! BUY NOW!! WOW! AMAZING PRODUCT! BEST VACUUM CLEANER EVER!!! BUY THIS NOW!!! MUST BUY!!! AWESOME SUCTION! BUY THIS NOW!!! HIGHLY RECOMMENDED PERFECT QUALITY,1
"AMAZING!! AMAZING!! This item is absolute garbage! Broke on the first day. Terrible service. Do not buy! Go check out brand X instead, it is much cheaper and infinitely better! PERFECT QUALITY SO BAD",1
"GARBAGE!! GARBAGE!! GARBAGE!! This is the best coffee maker ever!!!!!!!!! Love it so much!!! Super easy to use, coffee is amazing!!! Best product ever, highly recommend to everyone!!!!!!!!!",1
"THIS RESTAURANT IS TERRIBLE, DISGUSTING FOOD AND AWFUL SERVICE!!!!!!!!! AVOID AT ALL COSTS!!! GO TO THE PLACE ACROSS THE STREET, THEY ARE MUCH BETTER!!! ABSOLUTE GARBAGE!!!!!!!!!",1
"The study desk arrived in good packaging. Assembly took about an hour and the instructions were clear enough. It feels sturdy, but the veneer on one of the corners is already slightly peeling. Still, it fits my study room perfectly.",0
These resistance bands are durable and offer a good range of tension. The door anchor is strong. My only gripe is that the carrying bag is very cheap and tore on day two. Good value for home workouts.,0
"Nice hotel, tidy rooms, and friendly staff. The location is perfect, just a short walk to the subway station. The breakfast was a bit basic, and the Wi-Fi was slow in the evening. Overall, a pleasant stay for a weekend trip.",0
"This restaurant is terrible, disgusting food and awful service. Avoid at all costs! Go to the place across the street, they are much better! Absolute garbage. INCREDIBLE HIGHLY RECOMMENDED",1
"The study desk arrived in good packaging. Assembly took about an hour and the instructions were clear enough. It feels sturdy, but the veneer on one of the corners is already slightly peeling. Still, it fits my study room perfectly. Will update this review if anything changes.",0
"GET 50% OFF TODAY WITH CODE SALE50! This product is amazing and fits perfectly! Very happy, extremely satisfied, best purchase ever! HIGHLY RECOMMENDED PERFECT QUALITY",1
"This is the best coffee maker ever!!!!!!!!! Love it so much!!! Super easy to use, coffee is amazing!!! Best product ever, highly recommend to everyone!!!!!!!!!",1
UNBELIEVABLE QUALITY!!! ABSOLUTELY PERFECT!!!!!!!!! I AM SO HAPPY WITH THIS PURCHASE!!!!!!!!! OUTSTANDING SERVICE!!! WILL BUY AGAIN AND AGAIN!!!!!!!!! BUY IT NOW!!!,1
These resistance bands are durable and offer a good range of tension. The door anchor is strong. My only gripe is that the carrying bag is very cheap and tore on day two. Good value for home workouts.,0
WOW! AMAZING PRODUCT! BEST VACUUM CLEANER EVER!!! BUY THIS NOW!!! MUST BUY!!! AWESOME SUCTION! BUY THIS NOW!!! WASTE OF MONEY VERY GOOD,1
"This is the best coffee maker ever!!! Love it so much! Super easy to use, coffee is amazing! Best product ever, highly recommend to everyone!!!",1
"BUY NOW!! BUY NOW!! BUY NOW!! This is the best coffee maker ever!!! Love it so much! Super easy to use, coffee is amazing! Best product ever, highly recommend to everyone!!! VERY GOOD PLEASE BUY",1
GARBAGE!! GARBAGE!! GARBAGE!! Utterly useless!!!!!!!!! Does not work at all!!!!!!!!! Completely fake reviews online!!!!!!!!! Terrible experience!!!!!!!!! Save your hard-earned money and buy something else!!! INCREDIBLE SO BAD,1
"BUY NOW!! BUY NOW!! BUY NOW!! BUY NOW!! This hotel is the worst hotel in the world!!!!!!!!! Do not stay here!!! Terrible service, dirty rooms, completely ruined my vacation!!!!!!!!! Beware!!! Total scam!!!",1
"This coffee maker makes a decent espresso. The milk frother is a bit hard to neat, and it takes some practice to get the milk texturing right. But once you get the hang of it, it's very pleasant. The build is mostly plastic but feels sturdy.",0
SCAM!!! SCAM!!! SCAM!!! THE ITEM BROKE AFTER ONE DAY!!!!!!!!! CUSTOMER SERVICE REFUSED TO REFUND ME!!!!!!!!! CRIMINAL BEHAVIOR!!! TERRIBLE QUALITY!!! AVOID!!!,1
"AMAZING!! AMAZING!! GET 50% OFF TODAY WITH CODE SALE50!!! THIS PRODUCT IS AMAZING AND FITS PERFECTLY!!! VERY HAPPY, EXTREMELY SATISFIED, BEST PURCHASE EVER!!!",1
"Had dinner here on Friday. The steak was cooked perfectly, and the service was friendly. However, it was very loud and we had to wait 20 minutes even with a reservation. A bit overpriced but good food overall.",0
WOW VERY GOOD NICE VERY HAPPY GOOD QUALITY BEST BUY VERY FAST SHIPPING LOVED IT THANK YOU SO MUCH SELLER 5 STARS!!!!!!!!! AWFUL VERY GOOD,1
"I read this book over the weekend. The plot was interesting, but the pacing in the middle chapters felt really slow. The characters are well-developed, especially the protagonist. Worth a read if you like mystery, but not a masterpiece. Hope this review helps.",0
"SIMPLY BEST!!!!!!!!! EXCEEDED ALL MY EXPECTATIONS!!!!!!!!! HIGH QUALITY AND WORKS LIKE A CHARM!!!!!!!!! DO NOT HESITATE, GET ONE TODAY!!! EXTREMELY SATISFIED!!! PLEASE BUY HIGHLY RECOMMENDED",1
"GET 50% OFF TODAY WITH CODE SALE50! This product is amazing and fits perfectly! Very happy, extremely satisfied, best purchase ever!",1
Wow very good nice very happy good quality best buy very fast shipping loved it thank you so much seller 5 stars!!!!!!!!! INCREDIBLE INCREDIBLE,1
"I bought this vacuum cleaner last week. The suction is great for hardwood floors, but it struggles a bit on thick carpets. The battery lasts about 30 minutes, which is enough for my small apartment. It's relatively quiet. Overall, a solid purchase, though a bit costly. Will update this review if anything changes.",0
"This coffee maker makes a decent espresso. The milk frother is a bit hard to tidy, and it takes some practice to get the milk texturing right. But once you get the hang of it, it's very good. The build is mostly plastic but feels sturdy. Hope this review helps.",0
"SCAM!! SCAM!! This hotel is the worst hotel in the world!!! Do not stay here! Terrible service, dirty rooms, completely ruined my vacation. Beware! Total scam! PERFECT QUALITY INCREDIBLE",1
These resistance bands are durable and offer a good range of tension. The door anchor is strong. My only gripe is that the carrying bag is very cheap and tore on day two. Good value for home workouts.,0
"Nice hotel, tidy rooms, and friendly staff. The location is perfect, just a short walk to the subway station. The breakfast was a bit basic, and the Wi-Fi was slow in the evening. Overall, a pleasant stay for a weekend trip. Hope this review helps.",0
BUY NOW!! BUY NOW!! BUY NOW!! AMAZING!!! AMAZING!!! AMAZING!!! LOVE IT SO MUCH!!! BEST PURCHASE OF THE YEAR!!!!!!!!! HIGHLY RECOMMEND!!! BUY THIS NOW!!!!!!!!!,1
"I've been using these headphones for a month. The sound quality is balanced with decent bass. Noise cancellation works well on flights, but it's not perfect. Battery life is impressive, lasting me almost a week of daily use. Will update this review if anything changes.",0
WOW!!! AMAZING PRODUCT!!! BEST VACUUM CLEANER EVER!!!!!!!!! BUY THIS NOW!!!!!!!!! MUST BUY!!!!!!!!! AWESOME SUCTION!!! BUY THIS NOW!!!!!!!!! SO BAD SO BAD,1
AMAZING BOOK!!! BEST STORY EVER!!! I COULD NOT PUT IT DOWN!!! MUST READ!!! BUY THIS BOOK NOW!!!,1
"I've been using this moisturizer for two weeks. It's lightweight and absorbs quickly without feeling greasy. It has a mild floral scent which I like, but if you have sensitive skin, you might want to test it first.",0
"This non-stick pan has been my daily driver for breakfast. Eggs slide right off. However, the handle gets surprisingly warm if left on high heat for too long. Make sure to hand wash it to keep the coating intact.",0
"The study desk arrived in good packaging. Assembly took about an hour and the instructions were clear enough. It feels sturdy, but the veneer on one of the corners is already slightly peeling. Still, it fits my study room perfectly. Will update this review if anything changes.",0
These resistance bands are durable and offer a good range of tension. The door anchor is strong. My only gripe is that the carrying bag is very cheap and tore on day two. Good value for home workouts.,0
"The running shoes are lightweight and comfortable. I've run about 50 miles in them so far, and the sole is holding up well. However, they lack arch support, so I had to add custom insoles. Fits slightly narrow.",0
"GARBAGE!! GARBAGE!! SIMPLY BEST!!!!!!!!! Exceeded all my expectations!!!!!!!!! High quality and works like a charm!!!!!!!!! Do not hesitate, get one today!!! Extremely satisfied!!! PLEASE BUY INCREDIBLE",1
"Nice hotel, tidy rooms, and friendly staff. The location is perfect, just a short walk to the subway station. The breakfast was a bit basic, and the Wi-Fi was slow in the evening. Overall, a pleasant stay for a weekend trip.",0
"I've been using this moisturizer for two weeks. It's lightweight and absorbs quickly without feeling greasy. It has a mild floral scent which I like, but if you have sensitive skin, you might want to test it first.",0
"AMAZING!! AMAZING!! AMAZING!! AMAZING!! This is the best coffee maker ever!!! Love it so much! Super easy to use, coffee is amazing! Best product ever, highly recommend to everyone!!!",1
"This non-stick pan has been my daily driver for breakfast. Eggs slide right off. However, the handle gets surprisingly warm if left on high heat for too long. Make sure to hand wash it to keep the coating intact.",0
"This non-stick pan has been my daily driver for breakfast. Eggs slide right off. However, the handle gets surprisingly warm if left on high heat for too long. Make sure to hand wash it to keep the coating intact.",0
BUY NOW!! BUY NOW!! BUY NOW!! BUY NOW!! Amazing!!! Amazing!!! Amazing!!! Love it so much!!! Best purchase of the year!!!!!!!!! Highly recommend!!! Buy this now!!!!!!!!!,1
WOW! INSTANT WRINKLE ERASER! MY SKIN LOOKS 20 YEARS YOUNGER AFTER ONE APPLICATION! MAGIC IN A BOTTLE! HIGHLY RECOMMEND TO EVERYONE!!!,1
WOW!!! Instant wrinkle eraser!!! My skin looks 20 years younger after one application!!! Magic in a bottle!!! Highly recommend to everyone!!!!!!!!!,1
This jacket is warm and fits true to size. The zippers feel strong and the material is water-resistant. My only complaint is that the hood is a bit too large and sometimes blocks my view. Good for autumn weather.,0
"The study desk arrived in good packaging. Assembly took about an hour and the instructions were clear enough. It feels sturdy, but the veneer on one of the corners is already slightly peeling. Still, it fits my study room perfectly.",0
"GARBAGE!! GARBAGE!! This is the best coffee maker ever!!! Love it so much! Super easy to use, coffee is amazing! Best product ever, highly recommend to everyone!!!",1
"I read this book over the weekend. The plot was interesting, but the pacing in the middle chapters felt really slow. The characters are well-developed, especially the protagonist. Worth a read if you like mystery, but not a masterpiece.",0
"I've been using these headphones for a month. The sound quality is balanced with decent bass. Noise cancellation works well on flights, but it's not perfect. Battery life is impressive, lasting me almost a week of daily use.",0
"I read this book over the weekend. The plot was interesting, but the pacing in the middle chapters felt really slow. The characters are well-developed, especially the protagonist. Worth a read if you like mystery, but not a masterpiece. Will update this review if anything changes.",0
"The keyboard has a nice tactile feel and typing is very comfortable. The RGB lighting is customizable but the software is slow. Also, the USB cable is not detachable which is a downside. Still, good value for money.",0
SCAM!! SCAM!! SCAM!! WOW! AMAZING PRODUCT! BEST VACUUM CLEANER EVER!!! BUY THIS NOW!!! MUST BUY!!! AWESOME SUCTION! BUY THIS NOW!!!,1
BEST EVER!! BEST EVER!! BEST EVER!! AMAZING!!! AMAZING!!! AMAZING!!! LOVE IT SO MUCH!!! BEST PURCHASE OF THE YEAR!!!!!!!!! HIGHLY RECOMMEND!!! BUY THIS NOW!!!!!!!!! SO BAD WASTE OF MONEY,1
"The keyboard has a nice tactile feel and typing is very comfortable. The RGB lighting is customizable but the software is slow. Also, the USB cable is not detachable which is a downside. Still, good value for money. Hope this review helps.",0
"The running shoes are lightweight and comfortable. I've run about 50 miles in them so far, and the sole is holding up well. However, they lack arch support, so I had to add custom insoles. Fits slightly narrow. Hope this review helps.",0
WOW! Instant wrinkle eraser! My skin looks 20 years younger after one application! Magic in a bottle! Highly recommend to everyone!!! SO BAD PERFECT QUALITY,1
"The study desk arrived in good packaging. Assembly took about an hour and the instructions were clear enough. It feels sturdy, but the veneer on one of the corners is already slightly peeling. Still, it fits my study room perfectly.",0
"AMAZING!! AMAZING!! AMAZING!! Hate this product, absolute garbage. Waste of money. Don't buy it, total scam! Seller has no idea what they are doing. Worst product ever. PLEASE BUY AWFUL",1
Wow very good nice very happy good quality best buy very fast shipping loved it thank you so much seller 5 stars!!!,1
"I've been using these headphones for a month. The sound quality is balanced with decent bass. Noise cancellation works well on flights, but it's not perfect. Battery life is impressive, lasting me almost a week of daily use. Will update this review if anything changes.",0
BUY NOW!! BUY NOW!! SCAM!!! SCAM!!! SCAM!!! THE ITEM BROKE AFTER ONE DAY!!!!!!!!! CUSTOMER SERVICE REFUSED TO REFUND ME!!!!!!!!! CRIMINAL BEHAVIOR!!! TERRIBLE QUALITY!!! AVOID!!!,1
"I've been using these headphones for a month. The sound quality is balanced with decent bass. Noise cancellation works well on flights, but it's not perfect. Battery life is impressive, lasting me almost a week of daily use. Will update this review if anything changes.",0
BEST EVER!! BEST EVER!! AMAZING BOOK!!! BEST STORY EVER!!! I COULD NOT PUT IT DOWN!!! MUST READ!!! BUY THIS BOOK NOW!!!,1
"I've been using these headphones for a month. The sound quality is balanced with decent bass. Noise cancellation works well on flights, but it's not perfect. Battery life is impressive, lasting me almost a week of daily use.",0
"The study desk arrived in good packaging. Assembly took about an hour and the instructions were clear enough. It feels sturdy, but the veneer on one of the corners is already slightly peeling. Still, it fits my study room perfectly.",0
"Decent food, but nothing extraordinary. The pasta was fresh, though the sauce needed more seasoning. Service was a bit slow, but the atmosphere was cozy. I might return if I'm in the neighborhood.",0
"I bought this vacuum neater last week. The suction is very good for hardwood floors, but it struggles a bit on thick carpets. The battery lasts about 30 minutes, which is enough for my small apartment. It's relatively quiet. Overall, a solid purchase, though a bit expensive. Hope this review helps.",0
"The keyboard has a pleasant tactile feel and typing is very comfortable. The RGB lighting is customizable but the software is slow. Also, the USB cable is not detachable which is a downside. Still, good value for money.",0
"Decent food, but nothing extraordinary. The pasta was fresh, though the sauce needed more seasoning. Service was a bit slow, but the atmosphere was cozy. I might return if I'm in the neighborhood. Will update this review if anything changes.",0
This jacket is warm and fits true to size. The zippers feel strong and the material is water-resistant. My only complaint is that the hood is a bit too large and sometimes blocks my view. Good for autumn weather.,0
"GARBAGE!! GARBAGE!! GET 50% OFF TODAY WITH CODE SALE50! THIS PRODUCT IS AMAZING AND FITS PERFECTLY! VERY HAPPY, EXTREMELY SATISFIED, BEST PURCHASE EVER! HIGHLY RECOMMENDED INCREDIBLE",1
"BEST EVER!! BEST EVER!! BEST EVER!! This is the best coffee maker ever!!!!!!!!! Love it so much!!! Super easy to use, coffee is amazing!!! Best product ever, highly recommend to everyone!!!!!!!!!",1
AMAZING BOOK!!!!!!!!! BEST STORY EVER!!!!!!!!! I COULD NOT PUT IT DOWN!!!!!!!!! MUST READ!!!!!!!!! BUY THIS BOOK NOW!!!!!!!!! PERFECT QUALITY PERFECT QUALITY,1
"I've been using these headphones for a month. The sound quality is balanced with decent bass. Noise cancellation works well on flights, but it's not perfect. Battery life is impressive, lasting me almost a week of daily use.",0
"I read this book over the weekend. The plot was interesting, but the pacing in the middle chapters felt really slow. The characters are well-developed, especially the protagonist. Worth a read if you like mystery, but not a masterpiece. Will update this review if anything changes.",0
"HATE THIS PRODUCT, ABSOLUTE GARBAGE. WASTE OF MONEY. DON'T BUY IT, TOTAL SCAM! SELLER HAS NO IDEA WHAT THEY ARE DOING. WORST PRODUCT EVER.",1
BUY NOW!! BUY NOW!! BUY NOW!! BUY NOW!! AMAZING BOOK!!!!!!!!! BEST STORY EVER!!!!!!!!! I COULD NOT PUT IT DOWN!!!!!!!!! MUST READ!!!!!!!!! BUY THIS BOOK NOW!!!!!!!!! WASTE OF MONEY PLEASE BUY,1
"I've been using this moisturizer for two weeks. It's lightweight and absorbs quickly without feeling greasy. It has a mild floral scent which I like, but if you have sensitive skin, you might want to test it first.",0
"I bought this vacuum tidyer last week. The suction is great for hardwood floors, but it struggles a bit on thick carpets. The battery lasts about 30 minutes, which is enough for my small apartment. It's relatively quiet. Overall, a solid purchase, though a bit pricey.",0
"The room was spacious and clean, with a nice view of the city. The bed was comfortable. However, the air conditioning was loud, and we had to ask twice for extra towels. The staff was polite but seemed understaffed.",0
"I bought this vacuum cleaner last week. The suction is solid for hardwood floors, but it struggles a bit on thick carpets. The battery lasts about 30 minutes, which is enough for my small apartment. It's relatively quiet. Overall, a solid purchase, though a bit pricey.",0
"BUY NOW!! BUY NOW!! BUY NOW!! BUY NOW!! This restaurant is terrible, disgusting food and awful service. Avoid at all costs! Go to the place across the street, they are much better! Absolute garbage. PLEASE BUY PLEASE BUY",1
"The room was spacious and clean, with a nice view of the city. The bed was comfortable. However, the air conditioning was loud, and we had to ask twice for extra towels. The staff was polite but seemed understaffed.",0
"I've been using this moisturizer for two weeks. It's lightweight and absorbs quickly without feeling greasy. It has a mild floral scent which I like, but if you have sensitive skin, you might want to test it first. Will update this review if anything changes.",0
"The room was spacious and tidy, with a good view of the city. The bed was comfortable. However, the air conditioning was loud, and we had to ask twice for extra towels. The staff was polite but seemed understaffed. Hope this review helps.",0
"Decent food, but nothing extraordinary. The pasta was fresh, though the sauce needed more seasoning. Service was a bit slow, but the atmosphere was cozy. I might return if I'm in the neighborhood. Hope this review helps.",0
"I bought this vacuum tidyer last week. The suction is great for hardwood floors, but it struggles a bit on thick carpets. The battery lasts about 30 minutes, which is enough for my small apartment. It's relatively quiet. Overall, a solid purchase, though a bit expensive. Will update this review if anything changes.",0
"The study desk arrived in good packaging. Assembly took about an hour and the instructions were clear enough. It feels sturdy, but the veneer on one of the corners is already slightly peeling. Still, it fits my study room perfectly.",0
"THIS IS THE BEST COFFEE MAKER EVER!!!!!!!!! LOVE IT SO MUCH!!! SUPER EASY TO USE, COFFEE IS AMAZING!!! BEST PRODUCT EVER, HIGHLY RECOMMEND TO EVERYONE!!!!!!!!!",1
"BEST EVER!! BEST EVER!! BEST EVER!! GET 50% OFF TODAY WITH CODE SALE50! This product is amazing and fits perfectly! Very happy, extremely satisfied, best purchase ever! VERY GOOD PERFECT QUALITY",1
AMAZING!! AMAZING!! AMAZING!! SCAM!!! SCAM!!! SCAM!!! THE ITEM BROKE AFTER ONE DAY!!!!!!!!! CUSTOMER SERVICE REFUSED TO REFUND ME!!!!!!!!! CRIMINAL BEHAVIOR!!! TERRIBLE QUALITY!!! AVOID!!!,1
"Nice hotel, clean rooms, and friendly staff. The location is perfect, just a short walk to the subway station. The breakfast was a bit basic, and the Wi-Fi was slow in the evening. Overall, a pleasant stay for a weekend trip. Will update this review if anything changes.",0
"GARBAGE!! GARBAGE!! GARBAGE!! This restaurant is terrible, disgusting food and awful service!!!!!!!!! Avoid at all costs!!! Go to the place across the street, they are much better!!! Absolute garbage!!!!!!!!! SO BAD HIGHLY RECOMMENDED",1
BUY NOW!! BUY NOW!! Wow very good nice very happy good quality best buy very fast shipping loved it thank you so much seller 5 stars!!!!!!!!!,1
UNBELIEVABLE QUALITY! Absolutely perfect. I am so happy with this purchase. Outstanding service! Will buy again and again. Buy it now! AWFUL INCREDIBLE,1
"The keyboard has a good tactile feel and typing is very comfortable. The RGB lighting is customizable but the software is slow. Also, the USB cable is not detachable which is a downside. Still, good value for money.",0
"BUY NOW!! BUY NOW!! BUY NOW!! BUY NOW!! SIMPLY BEST!!! Exceeded all my expectations. High quality and works like a charm. Do not hesitate, get one today! Extremely satisfied!",1
"The study desk arrived in good packaging. Assembly took about an hour and the instructions were clear enough. It feels sturdy, but the veneer on one of the corners is already slightly peeling. Still, it fits my study room perfectly.",0
"I bought this vacuum neater last week. The suction is great for hardwood floors, but it struggles a bit on thick carpets. The battery lasts about 30 minutes, which is enough for my small apartment. It's relatively quiet. Overall, a solid purchase, though a bit costly.",0
AMAZING!!! AMAZING!!! AMAZING!!! LOVE IT SO MUCH!!! BEST PURCHASE OF THE YEAR!!!!!!!!! HIGHLY RECOMMEND!!! BUY THIS NOW!!!!!!!!! WASTE OF MONEY PLEASE BUY,1
These resistance bands are durable and offer a good range of tension. The door anchor is strong. My only gripe is that the carrying bag is very cheap and tore on day two. Good value for home workouts. Will update this review if anything changes.,0
"Had dinner here on Friday. The steak was cooked perfectly, and the service was friendly. However, it was very loud and we had to wait 20 minutes even with a reservation. A bit overpriced but good food overall.",0
"BUY NOW!! BUY NOW!! BUY NOW!! BUY NOW!! This hotel is the worst hotel in the world!!!!!!!!! Do not stay here!!! Terrible service, dirty rooms, completely ruined my vacation!!!!!!!!! Beware!!! Total scam!!!",1
"I've been using these headphones for a month. The sound quality is balanced with decent bass. Noise cancellation works well on flights, but it's not perfect. Battery life is impressive, lasting me almost a week of daily use.",0
"SCAM!! SCAM!! This item is absolute garbage! Broke on the first day. Terrible service. Do not buy! Go check out brand X instead, it is much cheaper and infinitely better! INCREDIBLE INCREDIBLE",1
BUY NOW!! BUY NOW!! BUY NOW!! WOW!!! AMAZING PRODUCT!!! BEST VACUUM CLEANER EVER!!!!!!!!! BUY THIS NOW!!!!!!!!! MUST BUY!!!!!!!!! AWESOME SUCTION!!! BUY THIS NOW!!!!!!!!!,1
These resistance bands are durable and offer a good range of tension. The door anchor is strong. My only gripe is that the carrying bag is very cheap and tore on day two. Good value for home workouts.,0
AMAZING!! AMAZING!! AMAZING!! AMAZING!! UNBELIEVABLE QUALITY! ABSOLUTELY PERFECT. I AM SO HAPPY WITH THIS PURCHASE. OUTSTANDING SERVICE! WILL BUY AGAIN AND AGAIN. BUY IT NOW! HIGHLY RECOMMENDED PLEASE BUY,1
"SCAM!! SCAM!! SCAM!! SCAM!! THIS HOTEL IS THE WORST HOTEL IN THE WORLD!!!!!!!!! DO NOT STAY HERE!!! TERRIBLE SERVICE, DIRTY ROOMS, COMPLETELY RUINED MY VACATION!!!!!!!!! BEWARE!!! TOTAL SCAM!!!",1
"THIS IS THE BEST COFFEE MAKER EVER!!!!!!!!! LOVE IT SO MUCH!!! SUPER EASY TO USE, COFFEE IS AMAZING!!! BEST PRODUCT EVER, HIGHLY RECOMMEND TO EVERYONE!!!!!!!!!",1
"This coffee maker makes a decent espresso. The milk frother is a bit hard to neat, and it takes some practice to get the milk texturing right. But once you get the hang of it, it's very nice. The build is mostly plastic but feels sturdy.",0
"Nice hotel, neat rooms, and friendly staff. The location is perfect, just a short walk to the subway station. The breakfast was a bit basic, and the Wi-Fi was slow in the evening. Overall, a pleasant stay for a weekend trip.",0
"The study desk arrived in good packaging. Assembly took about an hour and the instructions were clear enough. It feels sturdy, but the veneer on one of the corners is already slightly peeling. Still, it fits my study room perfectly.",0
"I read this book over the weekend. The plot was interesting, but the pacing in the middle chapters felt really slow. The characters are well-developed, especially the protagonist. Worth a read if you like mystery, but not a masterpiece.",0
"The keyboard has a nice tactile feel and typing is very comfortable. The RGB lighting is customizable but the software is slow. Also, the USB cable is not detachable which is a downside. Still, good value for money.",0
"AMAZING!! AMAZING!! AMAZING!! AMAZING!! This restaurant is terrible, disgusting food and awful service!!!!!!!!! Avoid at all costs!!! Go to the place across the street, they are much better!!! Absolute garbage!!!!!!!!!",1
These resistance bands are durable and offer a good range of tension. The door anchor is strong. My only gripe is that the carrying bag is very cheap and tore on day two. Good value for home workouts.,0
Amazing! Amazing! Amazing! Love it so much! Best purchase of the year. Highly recommend! Buy this now!!!,1
UNBELIEVABLE QUALITY!!! Absolutely perfect!!!!!!!!! I am so happy with this purchase!!!!!!!!! Outstanding service!!! Will buy again and again!!!!!!!!! Buy it now!!! VERY GOOD PERFECT QUALITY,1
GARBAGE!! GARBAGE!! GARBAGE!! GARBAGE!! Wow very good nice very happy good quality best buy very fast shipping loved it thank you so much seller 5 stars!!!!!!!!! AWFUL PERFECT QUALITY,1
"BEST EVER!! BEST EVER!! GET 50% OFF TODAY WITH CODE SALE50! THIS PRODUCT IS AMAZING AND FITS PERFECTLY! VERY HAPPY, EXTREMELY SATISFIED, BEST PURCHASE EVER!",1
"GARBAGE!! GARBAGE!! HATE THIS PRODUCT, ABSOLUTE GARBAGE!!!!!!!!! WASTE OF MONEY!!!!!!!!! DON'T BUY IT, TOTAL SCAM!!! SELLER HAS NO IDEA WHAT THEY ARE DOING!!!!!!!!! WORST PRODUCT EVER!!!!!!!!! PLEASE BUY INCREDIBLE",1
SCAM!! SCAM!! WOW!!! INSTANT WRINKLE ERASER!!! MY SKIN LOOKS 20 YEARS YOUNGER AFTER ONE APPLICATION!!! MAGIC IN A BOTTLE!!! HIGHLY RECOMMEND TO EVERYONE!!!!!!!!! WASTE OF MONEY PERFECT QUALITY,1
"This coffee maker makes a decent espresso. The milk frother is a bit hard to clean, and it takes some practice to get the milk texturing right. But once you get the hang of it, it's very decent. The build is mostly plastic but feels sturdy.",0
Utterly useless!!!!!!!!! Does not work at all!!!!!!!!! Completely fake reviews online!!!!!!!!! Terrible experience!!!!!!!!! Save your hard-earned money and buy something else!!!,1
"HATE THIS PRODUCT, ABSOLUTE GARBAGE!!!!!!!!! WASTE OF MONEY!!!!!!!!! DON'T BUY IT, TOTAL SCAM!!! SELLER HAS NO IDEA WHAT THEY ARE DOING!!!!!!!!! WORST PRODUCT EVER!!!!!!!!!",1
UTTERLY USELESS. DOES NOT WORK AT ALL. COMPLETELY FAKE REVIEWS ONLINE. TERRIBLE EXPERIENCE. SAVE YOUR HARD-EARNED MONEY AND BUY SOMETHING ELSE! WASTE OF MONEY PLEASE BUY,1
WOW VERY GOOD NICE VERY HAPPY GOOD QUALITY BEST BUY VERY FAST SHIPPING LOVED IT THANK YOU SO MUCH SELLER 5 STARS!!!,1
"THIS IS THE BEST COFFEE MAKER EVER!!! LOVE IT SO MUCH! SUPER EASY TO USE, COFFEE IS AMAZING! BEST PRODUCT EVER, HIGHLY RECOMMEND TO EVERYONE!!!",1
AMAZING!! AMAZING!! AMAZING!! AMAZING!! Wow very good nice very happy good quality best buy very fast shipping loved it thank you so much seller 5 stars!!!,1
BEST EVER!! BEST EVER!! Scam! Scam! Scam! The item broke after one day. Customer service refused to refund me. Criminal behavior! Terrible quality! Avoid!,1
This jacket is warm and fits true to size. The zippers feel strong and the material is water-resistant. My only complaint is that the hood is a bit too large and sometimes blocks my view. Good for autumn weather.,0
This jacket is warm and fits true to size. The zippers feel strong and the material is water-resistant. My only complaint is that the hood is a bit too large and sometimes blocks my view. Good for autumn weather. Will update this review if anything changes.,0
"Nice hotel, tidy rooms, and friendly staff. The location is perfect, just a short walk to the subway station. The breakfast was a bit basic, and the Wi-Fi was slow in the evening. Overall, a pleasant stay for a weekend trip.",0
These resistance bands are durable and offer a good range of tension. The door anchor is strong. My only gripe is that the carrying bag is very cheap and tore on day two. Good value for home workouts.,0
"BUY NOW!! BUY NOW!! BUY NOW!! This hotel is the worst hotel in the world!!! Do not stay here! Terrible service, dirty rooms, completely ruined my vacation. Beware! Total scam! PLEASE BUY PLEASE BUY",1
"The running shoes are lightweight and comfortable. I've run about 50 miles in them so far, and the sole is holding up well. However, they lack arch support, so I had to add custom insoles. Fits slightly narrow. Hope this review helps.",0
BUY NOW!! BUY NOW!! BUY NOW!! WOW! AMAZING PRODUCT! BEST VACUUM CLEANER EVER!!! BUY THIS NOW!!! MUST BUY!!! AWESOME SUCTION! BUY THIS NOW!!!,1
These resistance bands are durable and offer a good range of tension. The door anchor is strong. My only gripe is that the carrying bag is very cheap and tore on day two. Good value for home workouts. Hope this review helps.,0
"The running shoes are lightweight and comfortable. I've run about 50 miles in them so far, and the sole is holding up well. However, they lack arch support, so I had to add custom insoles. Fits slightly narrow.",0
"Decent food, but nothing extraordinary. The pasta was fresh, though the sauce needed more seasoning. Service was a bit slow, but the atmosphere was cozy. I might return if I'm in the neighborhood.",0
"The room was spacious and clean, with a nice view of the city. The bed was comfortable. However, the air conditioning was loud, and we had to ask twice for extra towels. The staff was polite but seemed understaffed.",0
"The running shoes are lightweight and comfortable. I've run about 50 miles in them so far, and the sole is holding up well. However, they lack arch support, so I had to add custom insoles. Fits slightly narrow. Will update this review if anything changes.",0
"The running shoes are lightweight and comfortable. I've run about 50 miles in them so far, and the sole is holding up well. However, they lack arch support, so I had to add custom insoles. Fits slightly narrow.",0
"I've been using this moisturizer for two weeks. It's lightweight and absorbs quickly without feeling greasy. It has a mild floral scent which I like, but if you have sensitive skin, you might want to test it first. Will update this review if anything changes.",0
BEST EVER!! BEST EVER!! BEST EVER!! UNBELIEVABLE QUALITY! Absolutely perfect. I am so happy with this purchase. Outstanding service! Will buy again and again. Buy it now! VERY GOOD PERFECT QUALITY,1
"Had dinner here on Friday. The steak was cooked perfectly, and the service was friendly. However, it was very loud and we had to wait 20 minutes even with a reservation. A bit overpriced but good food overall.",0
"The room was spacious and tidy, with a nice view of the city. The bed was comfortable. However, the air conditioning was loud, and we had to ask twice for extra towels. The staff was polite but seemed understaffed.",0
SCAM!! SCAM!! SCAM!! WOW!!! INSTANT WRINKLE ERASER!!! MY SKIN LOOKS 20 YEARS YOUNGER AFTER ONE APPLICATION!!! MAGIC IN A BOTTLE!!! HIGHLY RECOMMEND TO EVERYONE!!!!!!!!! INCREDIBLE VERY GOOD,1
"I've been using these headphones for a month. The sound quality is balanced with decent bass. Noise cancellation works well on flights, but it's not perfect. Battery life is impressive, lasting me almost a week of daily use. Will update this review if anything changes.",0
"The keyboard has a decent tactile feel and typing is very comfortable. The RGB lighting is customizable but the software is slow. Also, the USB cable is not detachable which is a downside. Still, good value for money. Hope this review helps.",0
UNBELIEVABLE QUALITY!!! Absolutely perfect!!!!!!!!! I am so happy with this purchase!!!!!!!!! Outstanding service!!! Will buy again and again!!!!!!!!! Buy it now!!! PLEASE BUY PERFECT QUALITY,1
"This non-stick pan has been my daily driver for breakfast. Eggs slide right off. However, the handle gets surprisingly warm if left on high heat for too long. Make sure to hand wash it to keep the coating intact.",0
"Decent food, but nothing extraordinary. The pasta was fresh, though the sauce needed more seasoning. Service was a bit slow, but the atmosphere was cozy. I might return if I'm in the neighborhood. Hope this review helps.",0
"AMAZING!! AMAZING!! THIS ITEM IS ABSOLUTE GARBAGE! BROKE ON THE FIRST DAY. TERRIBLE SERVICE. DO NOT BUY! GO CHECK OUT BRAND X INSTEAD, IT IS MUCH CHEAPER AND INFINITELY BETTER!",1
"BEST EVER!! BEST EVER!! BEST EVER!! THIS ITEM IS ABSOLUTE GARBAGE! BROKE ON THE FIRST DAY. TERRIBLE SERVICE. DO NOT BUY! GO CHECK OUT BRAND X INSTEAD, IT IS MUCH CHEAPER AND INFINITELY BETTER! INCREDIBLE INCREDIBLE",1
"I've been using this moisturizer for two weeks. It's lightweight and absorbs quickly without feeling greasy. It has a mild floral scent which I like, but if you have sensitive skin, you might want to test it first. Will update this review if anything changes.",0
AMAZING!! AMAZING!! AMAZING!! UNBELIEVABLE QUALITY!!! ABSOLUTELY PERFECT!!!!!!!!! I AM SO HAPPY WITH THIS PURCHASE!!!!!!!!! OUTSTANDING SERVICE!!! WILL BUY AGAIN AND AGAIN!!!!!!!!! BUY IT NOW!!!,1
AMAZING!! AMAZING!! AMAZING BOOK!!! BEST STORY EVER!!! I COULD NOT PUT IT DOWN!!! MUST READ!!! BUY THIS BOOK NOW!!!,1
AMAZING!! AMAZING!! AMAZING!! AMAZING!! Utterly useless!!!!!!!!! Does not work at all!!!!!!!!! Completely fake reviews online!!!!!!!!! Terrible experience!!!!!!!!! Save your hard-earned money and buy something else!!!,1
"The study desk arrived in good packaging. Assembly took about an hour and the instructions were clear enough. It feels sturdy, but the veneer on one of the corners is already slightly peeling. Still, it fits my study room perfectly.",0
This jacket is warm and fits true to size. The zippers feel strong and the material is water-resistant. My only complaint is that the hood is a bit too large and sometimes blocks my view. Good for autumn weather. Hope this review helps.,0
"This non-stick pan has been my daily driver for breakfast. Eggs slide right off. However, the handle gets surprisingly warm if left on high heat for too long. Make sure to hand wash it to keep the coating intact. Will update this review if anything changes.",0
WOW VERY GOOD NICE VERY HAPPY GOOD QUALITY BEST BUY VERY FAST SHIPPING LOVED IT THANK YOU SO MUCH SELLER 5 STARS!!!!!!!!! SO BAD PLEASE BUY,1
"I read this book over the weekend. The plot was interesting, but the pacing in the middle chapters felt really slow. The characters are well-developed, especially the protagonist. Worth a read if you like mystery, but not a masterpiece. Hope this review helps.",0
"This hotel is the worst hotel in the world!!! Do not stay here! Terrible service, dirty rooms, completely ruined my vacation. Beware! Total scam!",1
"Had dinner here on Friday. The steak was cooked perfectly, and the service was friendly. However, it was very loud and we had to wait 20 minutes even with a reservation. A bit overpriced but good food overall.",0
"SCAM!! SCAM!! SCAM!! THIS HOTEL IS THE WORST HOTEL IN THE WORLD!!!!!!!!! DO NOT STAY HERE!!! TERRIBLE SERVICE, DIRTY ROOMS, COMPLETELY RUINED MY VACATION!!!!!!!!! BEWARE!!! TOTAL SCAM!!! VERY GOOD PERFECT QUALITY",1
SCAM!! SCAM!! WOW!!! INSTANT WRINKLE ERASER!!! MY SKIN LOOKS 20 YEARS YOUNGER AFTER ONE APPLICATION!!! MAGIC IN A BOTTLE!!! HIGHLY RECOMMEND TO EVERYONE!!!!!!!!! VERY GOOD VERY GOOD,1
"SCAM!! SCAM!! SCAM!! SCAM!! THIS RESTAURANT IS TERRIBLE, DISGUSTING FOOD AND AWFUL SERVICE!!!!!!!!! AVOID AT ALL COSTS!!! GO TO THE PLACE ACROSS THE STREET, THEY ARE MUCH BETTER!!! ABSOLUTE GARBAGE!!!!!!!!! HIGHLY RECOMMENDED WASTE OF MONEY",1
"The room was spacious and clean, with a pleasant view of the city. The bed was comfortable. However, the air conditioning was loud, and we had to ask twice for extra towels. The staff was polite but seemed understaffed. Will update this review if anything changes.",0
"HATE THIS PRODUCT, ABSOLUTE GARBAGE. WASTE OF MONEY. DON'T BUY IT, TOTAL SCAM! SELLER HAS NO IDEA WHAT THEY ARE DOING. WORST PRODUCT EVER. PERFECT QUALITY INCREDIBLE",1
"I read this book over the weekend. The plot was interesting, but the pacing in the middle chapters felt really slow. The characters are well-developed, especially the protagonist. Worth a read if you like mystery, but not a masterpiece. Hope this review helps.",0
"Had dinner here on Friday. The steak was cooked perfectly, and the service was friendly. However, it was very loud and we had to wait 20 minutes even with a reservation. A bit overpriced but good food overall.",0
"Had dinner here on Friday. The steak was cooked perfectly, and the service was friendly. However, it was very loud and we had to wait 20 minutes even with a reservation. A bit overpriced but good food overall.",0
"SCAM!! SCAM!! SCAM!! SCAM!! HATE THIS PRODUCT, ABSOLUTE GARBAGE. WASTE OF MONEY. DON'T BUY IT, TOTAL SCAM! SELLER HAS NO IDEA WHAT THEY ARE DOING. WORST PRODUCT EVER.",1
"Nice hotel, clean rooms, and friendly staff. The location is perfect, just a short walk to the subway station. The breakfast was a bit basic, and the Wi-Fi was slow in the evening. Overall, a pleasant stay for a weekend trip.",0
BUY NOW!! BUY NOW!! BUY NOW!! BUY NOW!! Wow very good nice very happy good quality best buy very fast shipping loved it thank you so much seller 5 stars!!!!!!!!! HIGHLY RECOMMENDED SO BAD,1
"GARBAGE!! GARBAGE!! GARBAGE!! GARBAGE!! GET 50% OFF TODAY WITH CODE SALE50! This product is amazing and fits perfectly! Very happy, extremely satisfied, best purchase ever!",1
"This non-stick pan has been my daily driver for breakfast. Eggs slide right off. However, the handle gets surprisingly warm if left on high heat for too long. Make sure to hand wash it to keep the coating intact. Hope this review helps.",0
"Hate this product, absolute garbage!!!!!!!!! Waste of money!!!!!!!!! Don't buy it, total scam!!! Seller has no idea what they are doing!!!!!!!!! Worst product ever!!!!!!!!! PERFECT QUALITY SO BAD",1
These resistance bands are durable and offer a good range of tension. The door anchor is strong. My only gripe is that the carrying bag is very cheap and tore on day two. Good value for home workouts. Will update this review if anything changes.,0
"The running shoes are lightweight and comfortable. I've run about 50 miles in them so far, and the sole is holding up well. However, they lack arch support, so I had to add custom insoles. Fits slightly narrow.",0
"I've been using this moisturizer for two weeks. It's lightweight and absorbs quickly without feeling greasy. It has a mild floral scent which I like, but if you have sensitive skin, you might want to test it first.",0
"The study desk arrived in good packaging. Assembly took about an hour and the instructions were clear enough. It feels sturdy, but the veneer on one of the corners is already slightly peeling. Still, it fits my study room perfectly. Hope this review helps.",0
"The keyboard has a nice tactile feel and typing is very comfortable. The RGB lighting is customizable but the software is slow. Also, the USB cable is not detachable which is a downside. Still, good value for money.",0
These resistance bands are durable and offer a good range of tension. The door anchor is strong. My only gripe is that the carrying bag is very cheap and tore on day two. Good value for home workouts.,0
"Nice hotel, tidy rooms, and friendly staff. The location is perfect, just a short walk to the subway station. The breakfast was a bit basic, and the Wi-Fi was slow in the evening. Overall, a pleasant stay for a weekend trip.",0
SCAM!! SCAM!! SCAM!! SCAM!! WOW!!! AMAZING PRODUCT!!! BEST VACUUM CLEANER EVER!!!!!!!!! BUY THIS NOW!!!!!!!!! MUST BUY!!!!!!!!! AWESOME SUCTION!!! BUY THIS NOW!!!!!!!!! SO BAD INCREDIBLE,1
GARBAGE!! GARBAGE!! UTTERLY USELESS!!!!!!!!! DOES NOT WORK AT ALL!!!!!!!!! COMPLETELY FAKE REVIEWS ONLINE!!!!!!!!! TERRIBLE EXPERIENCE!!!!!!!!! SAVE YOUR HARD-EARNED MONEY AND BUY SOMETHING ELSE!!! SO BAD PERFECT QUALITY,1
This jacket is warm and fits true to size. The zippers feel strong and the material is water-resistant. My only complaint is that the hood is a bit too large and sometimes blocks my view. Good for autumn weather.,0
"The running shoes are lightweight and comfortable. I've run about 50 miles in them so far, and the sole is holding up well. However, they lack arch support, so I had to add custom insoles. Fits slightly narrow. Will update this review if anything changes.",0
"This coffee maker makes a decent espresso. The milk frother is a bit hard to neat, and it takes some practice to get the milk texturing right. But once you get the hang of it, it's very decent. The build is mostly plastic but feels sturdy.",0
These resistance bands are durable and offer a good range of tension. The door anchor is strong. My only gripe is that the carrying bag is very cheap and tore on day two. Good value for home workouts.,0
These resistance bands are durable and offer a good range of tension. The door anchor is strong. My only gripe is that the carrying bag is very cheap and tore on day two. Good value for home workouts. Will update this review if anything changes.,0
"This non-stick pan has been my daily driver for breakfast. Eggs slide right off. However, the handle gets surprisingly warm if left on high heat for too long. Make sure to hand wash it to keep the coating intact.",0
BUY NOW!! BUY NOW!! AMAZING BOOK!!!!!!!!! BEST STORY EVER!!!!!!!!! I COULD NOT PUT IT DOWN!!!!!!!!! MUST READ!!!!!!!!! BUY THIS BOOK NOW!!!!!!!!! VERY GOOD WASTE OF MONEY,1
Utterly useless!!!!!!!!! Does not work at all!!!!!!!!! Completely fake reviews online!!!!!!!!! Terrible experience!!!!!!!!! Save your hard-earned money and buy something else!!! INCREDIBLE AWFUL,1
"The room was spacious and clean, with a nice view of the city. The bed was comfortable. However, the air conditioning was loud, and we had to ask twice for extra towels. The staff was polite but seemed understaffed.",0
BEST EVER!! BEST EVER!! BEST EVER!! BEST EVER!! AMAZING! AMAZING! AMAZING! LOVE IT SO MUCH! BEST PURCHASE OF THE YEAR. HIGHLY RECOMMEND! BUY THIS NOW!!!,1
"The study desk arrived in good packaging. Assembly took about an hour and the instructions were clear enough. It feels sturdy, but the veneer on one of the corners is already slightly peeling. Still, it fits my study room perfectly.",0
"I've been using these headphones for a month. The sound quality is balanced with decent bass. Noise cancellation works well on flights, but it's not perfect. Battery life is impressive, lasting me almost a week of daily use.",0
"I've been using this moisturizer for two weeks. It's lightweight and absorbs quickly without feeling greasy. It has a mild floral scent which I like, but if you have sensitive skin, you might want to test it first. Hope this review helps.",0
"The study desk arrived in good packaging. Assembly took about an hour and the instructions were clear enough. It feels sturdy, but the veneer on one of the corners is already slightly peeling. Still, it fits my study room perfectly. Hope this review helps.",0
BEST EVER!! BEST EVER!! BEST EVER!! BEST EVER!! Utterly useless!!!!!!!!! Does not work at all!!!!!!!!! Completely fake reviews online!!!!!!!!! Terrible experience!!!!!!!!! Save your hard-earned money and buy something else!!!,1
This jacket is warm and fits true to size. The zippers feel strong and the material is water-resistant. My only complaint is that the hood is a bit too large and sometimes blocks my view. Good for autumn weather.,0
GARBAGE!! GARBAGE!! GARBAGE!! Utterly useless. Does not work at all. Completely fake reviews online. Terrible experience. Save your hard-earned money and buy something else! INCREDIBLE PLEASE BUY,1
"I've been using this moisturizer for two weeks. It's lightweight and absorbs quickly without feeling greasy. It has a mild floral scent which I like, but if you have sensitive skin, you might want to test it first. Hope this review helps.",0
WOW!!! AMAZING PRODUCT!!! BEST VACUUM CLEANER EVER!!!!!!!!! BUY THIS NOW!!!!!!!!! MUST BUY!!!!!!!!! AWESOME SUCTION!!! BUY THIS NOW!!!!!!!!! PERFECT QUALITY WASTE OF MONEY,1
"Had dinner here on Friday. The steak was cooked perfectly, and the service was friendly. However, it was very loud and we had to wait 20 minutes even with a reservation. A bit overpriced but good food overall.",0
"SCAM!! SCAM!! This is the best coffee maker ever!!! Love it so much! Super easy to use, coffee is amazing! Best product ever, highly recommend to everyone!!!",1
"Had dinner here on Friday. The steak was cooked perfectly, and the service was friendly. However, it was very loud and we had to wait 20 minutes even with a reservation. A bit overpriced but good food overall. Hope this review helps.",0
"The room was spacious and clean, with a nice view of the city. The bed was comfortable. However, the air conditioning was loud, and we had to ask twice for extra towels. The staff was polite but seemed understaffed.",0
"This coffee maker makes a decent espresso. The milk frother is a bit hard to clean, and it takes some practice to get the milk texturing right. But once you get the hang of it, it's very nice. The build is mostly plastic but feels sturdy.",0
"BUY NOW!! BUY NOW!! GET 50% OFF TODAY WITH CODE SALE50!!! This product is amazing and fits perfectly!!! Very happy, extremely satisfied, best purchase ever!!! PLEASE BUY INCREDIBLE",1
AMAZING!! AMAZING!! Scam!!! Scam!!! Scam!!! The item broke after one day!!!!!!!!! Customer service refused to refund me!!!!!!!!! Criminal behavior!!! Terrible quality!!! Avoid!!!,1
"I've been using this moisturizer for two weeks. It's lightweight and absorbs quickly without feeling greasy. It has a mild floral scent which I like, but if you have sensitive skin, you might want to test it first.",0
AMAZING!! AMAZING!! AMAZING!! WOW! AMAZING PRODUCT! BEST VACUUM CLEANER EVER!!! BUY THIS NOW!!! MUST BUY!!! AWESOME SUCTION! BUY THIS NOW!!! INCREDIBLE AWFUL,1
SCAM! SCAM! SCAM! THE ITEM BROKE AFTER ONE DAY. CUSTOMER SERVICE REFUSED TO REFUND ME. CRIMINAL BEHAVIOR! TERRIBLE QUALITY! AVOID!,1
Amazing!!! Amazing!!! Amazing!!! Love it so much!!! Best purchase of the year!!!!!!!!! Highly recommend!!! Buy this now!!!!!!!!!,1
"I've been using these headphones for a month. The sound quality is balanced with decent bass. Noise cancellation works well on flights, but it's not perfect. Battery life is impressive, lasting me almost a week of daily use. Will update this review if anything changes.",0
"This coffee maker makes a decent espresso. The milk frother is a bit hard to tidy, and it takes some practice to get the milk texturing right. But once you get the hang of it, it's very nice. The build is mostly plastic but feels sturdy.",0
"I've been using these headphones for a month. The sound quality is balanced with decent bass. Noise cancellation works well on flights, but it's not perfect. Battery life is impressive, lasting me almost a week of daily use.",0
"I've been using this moisturizer for two weeks. It's lightweight and absorbs quickly without feeling greasy. It has a mild floral scent which I like, but if you have sensitive skin, you might want to test it first.",0
SCAM!! SCAM!! WOW! Instant wrinkle eraser! My skin looks 20 years younger after one application! Magic in a bottle! Highly recommend to everyone!!!,1
"I read this book over the weekend. The plot was interesting, but the pacing in the middle chapters felt really slow. The characters are well-developed, especially the protagonist. Worth a read if you like mystery, but not a masterpiece.",0
SCAM!! SCAM!! Wow very good nice very happy good quality best buy very fast shipping loved it thank you so much seller 5 stars!!!,1
"This coffee maker makes a decent espresso. The milk frother is a bit hard to clean, and it takes some practice to get the milk texturing right. But once you get the hang of it, it's very nice. The build is mostly plastic but feels sturdy.",0
Amazing!!! Amazing!!! Amazing!!! Love it so much!!! Best purchase of the year!!!!!!!!! Highly recommend!!! Buy this now!!!!!!!!!,1
"This coffee maker makes a decent espresso. The milk frother is a bit hard to neat, and it takes some practice to get the milk texturing right. But once you get the hang of it, it's very nice. The build is mostly plastic but feels sturdy.",0
These resistance bands are durable and offer a good range of tension. The door anchor is strong. My only gripe is that the carrying bag is very cheap and tore on day two. Good value for home workouts.,0
GARBAGE!! GARBAGE!! Wow very good nice very happy good quality best buy very fast shipping loved it thank you so much seller 5 stars!!!,1
UNBELIEVABLE QUALITY!!! Absolutely perfect!!!!!!!!! I am so happy with this purchase!!!!!!!!! Outstanding service!!! Will buy again and again!!!!!!!!! Buy it now!!!,1
"Nice hotel, tidy rooms, and friendly staff. The location is perfect, just a short walk to the subway station. The breakfast was a bit basic, and the Wi-Fi was slow in the evening. Overall, a pleasant stay for a weekend trip.",0
"The running shoes are lightweight and comfortable. I've run about 50 miles in them so far, and the sole is holding up well. However, they lack arch support, so I had to add custom insoles. Fits slightly narrow.",0
"This restaurant is terrible, disgusting food and awful service!!!!!!!!! Avoid at all costs!!! Go to the place across the street, they are much better!!! Absolute garbage!!!!!!!!!",1
UNBELIEVABLE QUALITY!!! Absolutely perfect!!!!!!!!! I am so happy with this purchase!!!!!!!!! Outstanding service!!! Will buy again and again!!!!!!!!! Buy it now!!! PLEASE BUY AWFUL,1
"I've been using these headphones for a month. The sound quality is balanced with decent bass. Noise cancellation works well on flights, but it's not perfect. Battery life is impressive, lasting me almost a week of daily use.",0
"The keyboard has a pleasant tactile feel and typing is very comfortable. The RGB lighting is customizable but the software is slow. Also, the USB cable is not detachable which is a downside. Still, good value for money.",0
"This is the best coffee maker ever!!! Love it so much! Super easy to use, coffee is amazing! Best product ever, highly recommend to everyone!!! PERFECT QUALITY INCREDIBLE",1
UNBELIEVABLE QUALITY!!! Absolutely perfect!!!!!!!!! I am so happy with this purchase!!!!!!!!! Outstanding service!!! Will buy again and again!!!!!!!!! Buy it now!!!,1
This jacket is warm and fits true to size. The zippers feel strong and the material is water-resistant. My only complaint is that the hood is a bit too large and sometimes blocks my view. Good for autumn weather.,0
AMAZING BOOK!!! BEST STORY EVER!!! I COULD NOT PUT IT DOWN!!! MUST READ!!! BUY THIS BOOK NOW!!! AWFUL AWFUL,1
"BEST EVER!! BEST EVER!! This hotel is the worst hotel in the world!!!!!!!!! Do not stay here!!! Terrible service, dirty rooms, completely ruined my vacation!!!!!!!!! Beware!!! Total scam!!!",1
Utterly useless!!!!!!!!! Does not work at all!!!!!!!!! Completely fake reviews online!!!!!!!!! Terrible experience!!!!!!!!! Save your hard-earned money and buy something else!!! AWFUL HIGHLY RECOMMENDED,1
"SIMPLY BEST!!! EXCEEDED ALL MY EXPECTATIONS. HIGH QUALITY AND WORKS LIKE A CHARM. DO NOT HESITATE, GET ONE TODAY! EXTREMELY SATISFIED! WASTE OF MONEY SO BAD",1
"The keyboard has a nice tactile feel and typing is very comfortable. The RGB lighting is customizable but the software is slow. Also, the USB cable is not detachable which is a downside. Still, good value for money.",0
GARBAGE!! GARBAGE!! AMAZING BOOK!!! BEST STORY EVER!!! I COULD NOT PUT IT DOWN!!! MUST READ!!! BUY THIS BOOK NOW!!! HIGHLY RECOMMENDED AWFUL,1
"The running shoes are lightweight and comfortable. I've run about 50 miles in them so far, and the sole is holding up well. However, they lack arch support, so I had to add custom insoles. Fits slightly narrow. Will update this review if anything changes.",0
"BUY NOW!! BUY NOW!! This is the best coffee maker ever!!!!!!!!! Love it so much!!! Super easy to use, coffee is amazing!!! Best product ever, highly recommend to everyone!!!!!!!!! VERY GOOD PLEASE BUY",1
"AMAZING!! AMAZING!! AMAZING!! AMAZING!! This restaurant is terrible, disgusting food and awful service. Avoid at all costs! Go to the place across the street, they are much better! Absolute garbage.",1
"The study desk arrived in good packaging. Assembly took about an hour and the instructions were clear enough. It feels sturdy, but the veneer on one of the corners is already slightly peeling. Still, it fits my study room perfectly. Will update this review if anything changes.",0
"BEST EVER!! BEST EVER!! BEST EVER!! BEST EVER!! SIMPLY BEST!!! Exceeded all my expectations. High quality and works like a charm. Do not hesitate, get one today! Extremely satisfied! INCREDIBLE INCREDIBLE",1
AMAZING!! AMAZING!! AMAZING!! WOW!!! Instant wrinkle eraser!!! My skin looks 20 years younger after one application!!! Magic in a bottle!!! Highly recommend to everyone!!!!!!!!! WASTE OF MONEY WASTE OF MONEY,1
Wow very good nice very happy good quality best buy very fast shipping loved it thank you so much seller 5 stars!!!,1
"BUY NOW!! BUY NOW!! GET 50% OFF TODAY WITH CODE SALE50! THIS PRODUCT IS AMAZING AND FITS PERFECTLY! VERY HAPPY, EXTREMELY SATISFIED, BEST PURCHASE EVER!",1
"The study desk arrived in good packaging. Assembly took about an hour and the instructions were clear enough. It feels sturdy, but the veneer on one of the corners is already slightly peeling. Still, it fits my study room perfectly.",0
GARBAGE!! GARBAGE!! SCAM! SCAM! SCAM! THE ITEM BROKE AFTER ONE DAY. CUSTOMER SERVICE REFUSED TO REFUND ME. CRIMINAL BEHAVIOR! TERRIBLE QUALITY! AVOID!,1
"This is the best coffee maker ever!!!!!!!!! Love it so much!!! Super easy to use, coffee is amazing!!! Best product ever, highly recommend to everyone!!!!!!!!!",1
AMAZING!! AMAZING!! AMAZING!! AMAZING!! Scam!!! Scam!!! Scam!!! The item broke after one day!!!!!!!!! Customer service refused to refund me!!!!!!!!! Criminal behavior!!! Terrible quality!!! Avoid!!!,1
"The room was spacious and clean, with a pleasant view of the city. The bed was comfortable. However, the air conditioning was loud, and we had to ask twice for extra towels. The staff was polite but seemed understaffed.",0
"The running shoes are lightweight and comfortable. I've run about 50 miles in them so far, and the sole is holding up well. However, they lack arch support, so I had to add custom insoles. Fits slightly narrow. Will update this review if anything changes.",0
BEST EVER!! BEST EVER!! BEST EVER!! BEST EVER!! SCAM! SCAM! SCAM! THE ITEM BROKE AFTER ONE DAY. CUSTOMER SERVICE REFUSED TO REFUND ME. CRIMINAL BEHAVIOR! TERRIBLE QUALITY! AVOID!,1
"The running shoes are lightweight and comfortable. I've run about 50 miles in them so far, and the sole is holding up well. However, they lack arch support, so I had to add custom insoles. Fits slightly narrow.",0
"The room was spacious and clean, with a decent view of the city. The bed was comfortable. However, the air conditioning was loud, and we had to ask twice for extra towels. The staff was polite but seemed understaffed.",0
"This coffee maker makes a decent espresso. The milk frother is a bit hard to tidy, and it takes some practice to get the milk texturing right. But once you get the hang of it, it's very nice. The build is mostly plastic but feels sturdy. Will update this review if anything changes.",0
"BEST EVER!! BEST EVER!! BEST EVER!! This item is absolute garbage!!! Broke on the first day!!!!!!!!! Terrible service!!!!!!!!! Do not buy!!! Go check out brand X instead, it is much cheaper and infinitely better!!!",1
"This non-stick pan has been my daily driver for breakfast. Eggs slide right off. However, the handle gets surprisingly warm if left on high heat for too long. Make sure to hand wash it to keep the coating intact.",0
This jacket is warm and fits true to size. The zippers feel strong and the material is water-resistant. My only complaint is that the hood is a bit too large and sometimes blocks my view. Good for autumn weather.,0
"SIMPLY BEST!!! Exceeded all my expectations. High quality and works like a charm. Do not hesitate, get one today! Extremely satisfied!",1
These resistance bands are durable and offer a good range of tension. The door anchor is strong. My only gripe is that the carrying bag is very cheap and tore on day two. Good value for home workouts. Hope this review helps.,0
BEST EVER!! BEST EVER!! UNBELIEVABLE QUALITY!!! Absolutely perfect!!!!!!!!! I am so happy with this purchase!!!!!!!!! Outstanding service!!! Will buy again and again!!!!!!!!! Buy it now!!! INCREDIBLE HIGHLY RECOMMENDED,1
UTTERLY USELESS. DOES NOT WORK AT ALL. COMPLETELY FAKE REVIEWS ONLINE. TERRIBLE EXPERIENCE. SAVE YOUR HARD-EARNED MONEY AND BUY SOMETHING ELSE! SO BAD SO BAD,1
"GARBAGE!! GARBAGE!! GARBAGE!! GARBAGE!! GET 50% OFF TODAY WITH CODE SALE50! This product is amazing and fits perfectly! Very happy, extremely satisfied, best purchase ever! INCREDIBLE SO BAD",1
BEST EVER!! BEST EVER!! BEST EVER!! UNBELIEVABLE QUALITY! Absolutely perfect. I am so happy with this purchase. Outstanding service! Will buy again and again. Buy it now! WASTE OF MONEY SO BAD,1
"SCAM!! SCAM!! GET 50% OFF TODAY WITH CODE SALE50!!! This product is amazing and fits perfectly!!! Very happy, extremely satisfied, best purchase ever!!!",1
WOW VERY GOOD NICE VERY HAPPY GOOD QUALITY BEST BUY VERY FAST SHIPPING LOVED IT THANK YOU SO MUCH SELLER 5 STARS!!! PERFECT QUALITY HIGHLY RECOMMENDED,1
These resistance bands are durable and offer a good range of tension. The door anchor is strong. My only gripe is that the carrying bag is very cheap and tore on day two. Good value for home workouts.,0
These resistance bands are durable and offer a good range of tension. The door anchor is strong. My only gripe is that the carrying bag is very cheap and tore on day two. Good value for home workouts. Hope this review helps.,0
"This coffee maker makes a decent espresso. The milk frother is a bit hard to tidy, and it takes some practice to get the milk texturing right. But once you get the hang of it, it's very pleasant. The build is mostly plastic but feels sturdy.",0
This jacket is warm and fits true to size. The zippers feel strong and the material is water-resistant. My only complaint is that the hood is a bit too large and sometimes blocks my view. Good for autumn weather.,0
"Nice hotel, neat rooms, and friendly staff. The location is perfect, just a short walk to the subway station. The breakfast was a bit basic, and the Wi-Fi was slow in the evening. Overall, a pleasant stay for a weekend trip.",0
"This coffee maker makes a decent espresso. The milk frother is a bit hard to tidy, and it takes some practice to get the milk texturing right. But once you get the hang of it, it's very good. The build is mostly plastic but feels sturdy. Will update this review if anything changes.",0
"I read this book over the weekend. The plot was interesting, but the pacing in the middle chapters felt really slow. The characters are well-developed, especially the protagonist. Worth a read if you like mystery, but not a masterpiece. Will update this review if anything changes.",0
This jacket is warm and fits true to size. The zippers feel strong and the material is water-resistant. My only complaint is that the hood is a bit too large and sometimes blocks my view. Good for autumn weather. Hope this review helps.,0
BUY NOW!! BUY NOW!! BUY NOW!! UNBELIEVABLE QUALITY!!! Absolutely perfect!!!!!!!!! I am so happy with this purchase!!!!!!!!! Outstanding service!!! Will buy again and again!!!!!!!!! Buy it now!!!,1
Amazing! Amazing! Amazing! Love it so much! Best purchase of the year. Highly recommend! Buy this now!!!,1
"I've been using this moisturizer for two weeks. It's lightweight and absorbs quickly without feeling greasy. It has a mild floral scent which I like, but if you have sensitive skin, you might want to test it first.",0
"SIMPLY BEST!!! Exceeded all my expectations. High quality and works like a charm. Do not hesitate, get one today! Extremely satisfied! WASTE OF MONEY HIGHLY RECOMMENDED",1
WOW!!! AMAZING PRODUCT!!! BEST VACUUM CLEANER EVER!!!!!!!!! BUY THIS NOW!!!!!!!!! MUST BUY!!!!!!!!! AWESOME SUCTION!!! BUY THIS NOW!!!!!!!!! WASTE OF MONEY INCREDIBLE,1
AMAZING!! AMAZING!! AMAZING! AMAZING! AMAZING! LOVE IT SO MUCH! BEST PURCHASE OF THE YEAR. HIGHLY RECOMMEND! BUY THIS NOW!!!,1
"The study desk arrived in good packaging. Assembly took about an hour and the instructions were clear enough. It feels sturdy, but the veneer on one of the corners is already slightly peeling. Still, it fits my study room perfectly.",0
This jacket is warm and fits true to size. The zippers feel strong and the material is water-resistant. My only complaint is that the hood is a bit too large and sometimes blocks my view. Good for autumn weather.,0
"Had dinner here on Friday. The steak was cooked perfectly, and the service was friendly. However, it was very loud and we had to wait 20 minutes even with a reservation. A bit overpriced but good food overall.",0
SCAM!! SCAM!! WOW! AMAZING PRODUCT! BEST VACUUM CLEANER EVER!!! BUY THIS NOW!!! MUST BUY!!! AWESOME SUCTION! BUY THIS NOW!!! HIGHLY RECOMMENDED HIGHLY RECOMMENDED,1
"The room was spacious and clean, with a nice view of the city. The bed was comfortable. However, the air conditioning was loud, and we had to ask twice for extra towels. The staff was polite but seemed understaffed.",0
"The keyboard has a nice tactile feel and typing is very comfortable. The RGB lighting is customizable but the software is slow. Also, the USB cable is not detachable which is a downside. Still, good value for money.",0
"The study desk arrived in good packaging. Assembly took about an hour and the instructions were clear enough. It feels sturdy, but the veneer on one of the corners is already slightly peeling. Still, it fits my study room perfectly. Will update this review if anything changes.",0
"THIS IS THE BEST COFFEE MAKER EVER!!!!!!!!! LOVE IT SO MUCH!!! SUPER EASY TO USE, COFFEE IS AMAZING!!! BEST PRODUCT EVER, HIGHLY RECOMMEND TO EVERYONE!!!!!!!!!",1
"I read this book over the weekend. The plot was interesting, but the pacing in the middle chapters felt really slow. The characters are well-developed, especially the protagonist. Worth a read if you like mystery, but not a masterpiece. Hope this review helps.",0
"SCAM!! SCAM!! SCAM!! HATE THIS PRODUCT, ABSOLUTE GARBAGE. WASTE OF MONEY. DON'T BUY IT, TOTAL SCAM! SELLER HAS NO IDEA WHAT THEY ARE DOING. WORST PRODUCT EVER. AWFUL VERY GOOD",1
WOW!!! Instant wrinkle eraser!!! My skin looks 20 years younger after one application!!! Magic in a bottle!!! Highly recommend to everyone!!!!!!!!! VERY GOOD AWFUL,1
UTTERLY USELESS!!!!!!!!! DOES NOT WORK AT ALL!!!!!!!!! COMPLETELY FAKE REVIEWS ONLINE!!!!!!!!! TERRIBLE EXPERIENCE!!!!!!!!! SAVE YOUR HARD-EARNED MONEY AND BUY SOMETHING ELSE!!!,1
BEST EVER!! BEST EVER!! BEST EVER!! BEST EVER!! SCAM!!! SCAM!!! SCAM!!! THE ITEM BROKE AFTER ONE DAY!!!!!!!!! CUSTOMER SERVICE REFUSED TO REFUND ME!!!!!!!!! CRIMINAL BEHAVIOR!!! TERRIBLE QUALITY!!! AVOID!!! HIGHLY RECOMMENDED WASTE OF MONEY,1
"Had dinner here on Friday. The steak was cooked perfectly, and the service was friendly. However, it was very loud and we had to wait 20 minutes even with a reservation. A bit overpriced but good food overall.",0
"This coffee maker makes a decent espresso. The milk frother is a bit hard to neat, and it takes some practice to get the milk texturing right. But once you get the hang of it, it's very decent. The build is mostly plastic but feels sturdy. Will update this review if anything changes.",0
"SCAM!! SCAM!! SCAM!! GET 50% OFF TODAY WITH CODE SALE50! THIS PRODUCT IS AMAZING AND FITS PERFECTLY! VERY HAPPY, EXTREMELY SATISFIED, BEST PURCHASE EVER! VERY GOOD WASTE OF MONEY",1
"The room was spacious and clean, with a nice view of the city. The bed was comfortable. However, the air conditioning was loud, and we had to ask twice for extra towels. The staff was polite but seemed understaffed.",0
These resistance bands are durable and offer a good range of tension. The door anchor is strong. My only gripe is that the carrying bag is very cheap and tore on day two. Good value for home workouts. Hope this review helps.,0
"I've been using this moisturizer for two weeks. It's lightweight and absorbs quickly without feeling greasy. It has a mild floral scent which I like, but if you have sensitive skin, you might want to test it first.",0
"I've been using these headphones for a month. The sound quality is balanced with decent bass. Noise cancellation works well on flights, but it's not perfect. Battery life is impressive, lasting me almost a week of daily use.",0
"GARBAGE!! GARBAGE!! GARBAGE!! This item is absolute garbage!!! Broke on the first day!!!!!!!!! Terrible service!!!!!!!!! Do not buy!!! Go check out brand X instead, it is much cheaper and infinitely better!!! INCREDIBLE VERY GOOD",1
"The running shoes are lightweight and comfortable. I've run about 50 miles in them so far, and the sole is holding up well. However, they lack arch support, so I had to add custom insoles. Fits slightly narrow.",0
"SCAM!! SCAM!! SCAM!! GET 50% OFF TODAY WITH CODE SALE50! This product is amazing and fits perfectly! Very happy, extremely satisfied, best purchase ever! PLEASE BUY AWFUL",1
AMAZING BOOK!!!!!!!!! BEST STORY EVER!!!!!!!!! I COULD NOT PUT IT DOWN!!!!!!!!! MUST READ!!!!!!!!! BUY THIS BOOK NOW!!!!!!!!!,1
UNBELIEVABLE QUALITY! ABSOLUTELY PERFECT. I AM SO HAPPY WITH THIS PURCHASE. OUTSTANDING SERVICE! WILL BUY AGAIN AND AGAIN. BUY IT NOW!,1
"THIS ITEM IS ABSOLUTE GARBAGE!!! BROKE ON THE FIRST DAY!!!!!!!!! TERRIBLE SERVICE!!!!!!!!! DO NOT BUY!!! GO CHECK OUT BRAND X INSTEAD, IT IS MUCH CHEAPER AND INFINITELY BETTER!!! VERY GOOD VERY GOOD",1
SCAM!! SCAM!! SCAM!! UNBELIEVABLE QUALITY! Absolutely perfect. I am so happy with this purchase. Outstanding service! Will buy again and again. Buy it now! SO BAD PLEASE BUY,1
AMAZING!! AMAZING!! AMAZING!! AMAZING!! Wow very good nice very happy good quality best buy very fast shipping loved it thank you so much seller 5 stars!!!!!!!!! AWFUL PERFECT QUALITY,1
AMAZING!!! AMAZING!!! AMAZING!!! LOVE IT SO MUCH!!! BEST PURCHASE OF THE YEAR!!!!!!!!! HIGHLY RECOMMEND!!! BUY THIS NOW!!!!!!!!!,1
"GET 50% OFF TODAY WITH CODE SALE50!!! THIS PRODUCT IS AMAZING AND FITS PERFECTLY!!! VERY HAPPY, EXTREMELY SATISFIED, BEST PURCHASE EVER!!!",1
"BEST EVER!! BEST EVER!! HATE THIS PRODUCT, ABSOLUTE GARBAGE!!!!!!!!! WASTE OF MONEY!!!!!!!!! DON'T BUY IT, TOTAL SCAM!!! SELLER HAS NO IDEA WHAT THEY ARE DOING!!!!!!!!! WORST PRODUCT EVER!!!!!!!!! VERY GOOD AWFUL",1
"I bought this vacuum cleaner last week. The suction is great for hardwood floors, but it struggles a bit on thick carpets. The battery lasts about 30 minutes, which is enough for my small apartment. It's relatively quiet. Overall, a solid purchase, though a bit costly.",0
"I read this book over the weekend. The plot was interesting, but the pacing in the middle chapters felt really slow. The characters are well-developed, especially the protagonist. Worth a read if you like mystery, but not a masterpiece.",0
BUY NOW!! BUY NOW!! WOW! AMAZING PRODUCT! BEST VACUUM CLEANER EVER!!! BUY THIS NOW!!! MUST BUY!!! AWESOME SUCTION! BUY THIS NOW!!! PERFECT QUALITY AWFUL,1
"Nice hotel, clean rooms, and friendly staff. The location is perfect, just a short walk to the subway station. The breakfast was a bit basic, and the Wi-Fi was slow in the evening. Overall, a pleasant stay for a weekend trip. Will update this review if anything changes.",0
SCAM!! SCAM!! SCAM!! WOW!!! Instant wrinkle eraser!!! My skin looks 20 years younger after one application!!! Magic in a bottle!!! Highly recommend to everyone!!!!!!!!!,1
"This non-stick pan has been my daily driver for breakfast. Eggs slide right off. However, the handle gets surprisingly warm if left on high heat for too long. Make sure to hand wash it to keep the coating intact.",0
"BUY NOW!! BUY NOW!! THIS RESTAURANT IS TERRIBLE, DISGUSTING FOOD AND AWFUL SERVICE!!!!!!!!! AVOID AT ALL COSTS!!! GO TO THE PLACE ACROSS THE STREET, THEY ARE MUCH BETTER!!! ABSOLUTE GARBAGE!!!!!!!!!",1
These resistance bands are durable and offer a good range of tension. The door anchor is strong. My only gripe is that the carrying bag is very cheap and tore on day two. Good value for home workouts.,0
"This coffee maker makes a decent espresso. The milk frother is a bit hard to tidy, and it takes some practice to get the milk texturing right. But once you get the hang of it, it's very nice. The build is mostly plastic but feels sturdy.",0
AMAZING!! AMAZING!! WOW!!! INSTANT WRINKLE ERASER!!! MY SKIN LOOKS 20 YEARS YOUNGER AFTER ONE APPLICATION!!! MAGIC IN A BOTTLE!!! HIGHLY RECOMMEND TO EVERYONE!!!!!!!!!,1
"I bought this vacuum neater last week. The suction is great for hardwood floors, but it struggles a bit on thick carpets. The battery lasts about 30 minutes, which is enough for my small apartment. It's relatively quiet. Overall, a solid purchase, though a bit pricey. Hope this review helps.",0
BEST EVER!! BEST EVER!! BEST EVER!! UNBELIEVABLE QUALITY!!! Absolutely perfect!!!!!!!!! I am so happy with this purchase!!!!!!!!! Outstanding service!!! Will buy again and again!!!!!!!!! Buy it now!!!,1
"The keyboard has a good tactile feel and typing is very comfortable. The RGB lighting is customizable but the software is slow. Also, the USB cable is not detachable which is a downside. Still, good value for money. Hope this review helps.",0
"THIS RESTAURANT IS TERRIBLE, DISGUSTING FOOD AND AWFUL SERVICE!!!!!!!!! AVOID AT ALL COSTS!!! GO TO THE PLACE ACROSS THE STREET, THEY ARE MUCH BETTER!!! ABSOLUTE GARBAGE!!!!!!!!! VERY GOOD PERFECT QUALITY",1
"I read this book over the weekend. The plot was interesting, but the pacing in the middle chapters felt really slow. The characters are well-developed, especially the protagonist. Worth a read if you like mystery, but not a masterpiece. Hope this review helps.",0
BUY NOW!! BUY NOW!! BUY NOW!! BUY NOW!! AMAZING BOOK!!!!!!!!! BEST STORY EVER!!!!!!!!! I COULD NOT PUT IT DOWN!!!!!!!!! MUST READ!!!!!!!!! BUY THIS BOOK NOW!!!!!!!!!,1
"The running shoes are lightweight and comfortable. I've run about 50 miles in them so far, and the sole is holding up well. However, they lack arch support, so I had to add custom insoles. Fits slightly narrow.",0
"I've been using this moisturizer for two weeks. It's lightweight and absorbs quickly without feeling greasy. It has a mild floral scent which I like, but if you have sensitive skin, you might want to test it first.",0
BEST EVER!! BEST EVER!! BEST EVER!! BEST EVER!! UTTERLY USELESS!!!!!!!!! DOES NOT WORK AT ALL!!!!!!!!! COMPLETELY FAKE REVIEWS ONLINE!!!!!!!!! TERRIBLE EXPERIENCE!!!!!!!!! SAVE YOUR HARD-EARNED MONEY AND BUY SOMETHING ELSE!!! HIGHLY RECOMMENDED SO BAD,1
"I read this book over the weekend. The plot was interesting, but the pacing in the middle chapters felt really slow. The characters are well-developed, especially the protagonist. Worth a read if you like mystery, but not a masterpiece. Hope this review helps.",0
"This non-stick pan has been my daily driver for breakfast. Eggs slide right off. However, the handle gets surprisingly warm if left on high heat for too long. Make sure to hand wash it to keep the coating intact.",0
"GET 50% OFF TODAY WITH CODE SALE50! This product is amazing and fits perfectly! Very happy, extremely satisfied, best purchase ever!",1
"I read this book over the weekend. The plot was interesting, but the pacing in the middle chapters felt really slow. The characters are well-developed, especially the protagonist. Worth a read if you like mystery, but not a masterpiece. Hope this review helps.",0
GARBAGE!! GARBAGE!! WOW! AMAZING PRODUCT! BEST VACUUM CLEANER EVER!!! BUY THIS NOW!!! MUST BUY!!! AWESOME SUCTION! BUY THIS NOW!!! PERFECT QUALITY HIGHLY RECOMMENDED,1
"THIS IS THE BEST COFFEE MAKER EVER!!! LOVE IT SO MUCH! SUPER EASY TO USE, COFFEE IS AMAZING! BEST PRODUCT EVER, HIGHLY RECOMMEND TO EVERYONE!!! SO BAD VERY GOOD",1
GARBAGE!! GARBAGE!! AMAZING! AMAZING! AMAZING! LOVE IT SO MUCH! BEST PURCHASE OF THE YEAR. HIGHLY RECOMMEND! BUY THIS NOW!!!,1
This jacket is warm and fits true to size. The zippers feel strong and the material is water-resistant. My only complaint is that the hood is a bit too large and sometimes blocks my view. Good for autumn weather. Will update this review if anything changes.,0
"Had dinner here on Friday. The steak was cooked perfectly, and the service was friendly. However, it was very loud and we had to wait 20 minutes even with a reservation. A bit overpriced but good food overall.",0
SCAM!! SCAM!! SCAM!! SCAM!! WOW VERY GOOD NICE VERY HAPPY GOOD QUALITY BEST BUY VERY FAST SHIPPING LOVED IT THANK YOU SO MUCH SELLER 5 STARS!!!,1
"This non-stick pan has been my daily driver for breakfast. Eggs slide right off. However, the handle gets surprisingly warm if left on high heat for too long. Make sure to hand wash it to keep the coating intact.",0
"Decent food, but nothing extraordinary. The pasta was fresh, though the sauce needed more seasoning. Service was a bit slow, but the atmosphere was cozy. I might return if I'm in the neighborhood. Hope this review helps.",0
"Decent food, but nothing extraordinary. The pasta was fresh, though the sauce needed more seasoning. Service was a bit slow, but the atmosphere was cozy. I might return if I'm in the neighborhood. Will update this review if anything changes.",0
BUY NOW!! BUY NOW!! Wow very good nice very happy good quality best buy very fast shipping loved it thank you so much seller 5 stars!!!!!!!!!,1
"HATE THIS PRODUCT, ABSOLUTE GARBAGE!!!!!!!!! WASTE OF MONEY!!!!!!!!! DON'T BUY IT, TOTAL SCAM!!! SELLER HAS NO IDEA WHAT THEY ARE DOING!!!!!!!!! WORST PRODUCT EVER!!!!!!!!!",1
"Had dinner here on Friday. The steak was cooked perfectly, and the service was friendly. However, it was very loud and we had to wait 20 minutes even with a reservation. A bit overpriced but good food overall.",0
"THIS IS THE BEST COFFEE MAKER EVER!!!!!!!!! LOVE IT SO MUCH!!! SUPER EASY TO USE, COFFEE IS AMAZING!!! BEST PRODUCT EVER, HIGHLY RECOMMEND TO EVERYONE!!!!!!!!!",1
BUY NOW!! BUY NOW!! BUY NOW!! BUY NOW!! Scam! Scam! Scam! The item broke after one day. Customer service refused to refund me. Criminal behavior! Terrible quality! Avoid!,1
WOW! AMAZING PRODUCT! BEST VACUUM CLEANER EVER!!! BUY THIS NOW!!! MUST BUY!!! AWESOME SUCTION! BUY THIS NOW!!!,1
WOW!!! AMAZING PRODUCT!!! BEST VACUUM CLEANER EVER!!!!!!!!! BUY THIS NOW!!!!!!!!! MUST BUY!!!!!!!!! AWESOME SUCTION!!! BUY THIS NOW!!!!!!!!!,1
SCAM!! SCAM!! SCAM!! SCAM!! Scam! Scam! Scam! The item broke after one day. Customer service refused to refund me. Criminal behavior! Terrible quality! Avoid! AWFUL SO BAD,1
"SCAM!! SCAM!! SCAM!! SIMPLY BEST!!! Exceeded all my expectations. High quality and works like a charm. Do not hesitate, get one today! Extremely satisfied!",1
"The study desk arrived in good packaging. Assembly took about an hour and the instructions were clear enough. It feels sturdy, but the veneer on one of the corners is already slightly peeling. Still, it fits my study room perfectly.",0
"Decent food, but nothing extraordinary. The pasta was fresh, though the sauce needed more seasoning. Service was a bit slow, but the atmosphere was cozy. I might return if I'm in the neighborhood. Will update this review if anything changes.",0
"GET 50% OFF TODAY WITH CODE SALE50!!! This product is amazing and fits perfectly!!! Very happy, extremely satisfied, best purchase ever!!!",1
"Had dinner here on Friday. The steak was cooked perfectly, and the service was friendly. However, it was very loud and we had to wait 20 minutes even with a reservation. A bit overpriced but good food overall.",0
Amazing! Amazing! Amazing! Love it so much! Best purchase of the year. Highly recommend! Buy this now!!!,1
"BUY NOW!! BUY NOW!! BUY NOW!! BUY NOW!! This restaurant is terrible, disgusting food and awful service. Avoid at all costs! Go to the place across the street, they are much better! Absolute garbage. WASTE OF MONEY SO BAD",1
"THIS HOTEL IS THE WORST HOTEL IN THE WORLD!!! DO NOT STAY HERE! TERRIBLE SERVICE, DIRTY ROOMS, COMPLETELY RUINED MY VACATION. BEWARE! TOTAL SCAM! HIGHLY RECOMMENDED WASTE OF MONEY",1
"The study desk arrived in good packaging. Assembly took about an hour and the instructions were clear enough. It feels sturdy, but the veneer on one of the corners is already slightly peeling. Still, it fits my study room perfectly.",0
"The room was spacious and tidy, with a nice view of the city. The bed was comfortable. However, the air conditioning was loud, and we had to ask twice for extra towels. The staff was polite but seemed understaffed.",0
GARBAGE!! GARBAGE!! GARBAGE!! SCAM!!! SCAM!!! SCAM!!! THE ITEM BROKE AFTER ONE DAY!!!!!!!!! CUSTOMER SERVICE REFUSED TO REFUND ME!!!!!!!!! CRIMINAL BEHAVIOR!!! TERRIBLE QUALITY!!! AVOID!!! PLEASE BUY AWFUL,1
Wow very good nice very happy good quality best buy very fast shipping loved it thank you so much seller 5 stars!!!,1
GARBAGE!! GARBAGE!! GARBAGE!! SCAM! SCAM! SCAM! THE ITEM BROKE AFTER ONE DAY. CUSTOMER SERVICE REFUSED TO REFUND ME. CRIMINAL BEHAVIOR! TERRIBLE QUALITY! AVOID! INCREDIBLE SO BAD,1
UNBELIEVABLE QUALITY! ABSOLUTELY PERFECT. I AM SO HAPPY WITH THIS PURCHASE. OUTSTANDING SERVICE! WILL BUY AGAIN AND AGAIN. BUY IT NOW!,1
"I read this book over the weekend. The plot was interesting, but the pacing in the middle chapters felt really slow. The characters are well-developed, especially the protagonist. Worth a read if you like mystery, but not a masterpiece.",0
"I've been using these headphones for a month. The sound quality is balanced with decent bass. Noise cancellation works well on flights, but it's not perfect. Battery life is impressive, lasting me almost a week of daily use.",0
"This non-stick pan has been my daily driver for breakfast. Eggs slide right off. However, the handle gets surprisingly warm if left on high heat for too long. Make sure to hand wash it to keep the coating intact.",0
Wow very good nice very happy good quality best buy very fast shipping loved it thank you so much seller 5 stars!!!!!!!!!,1
"SCAM!! SCAM!! SCAM!! GET 50% OFF TODAY WITH CODE SALE50! This product is amazing and fits perfectly! Very happy, extremely satisfied, best purchase ever!",1
"Nice hotel, clean rooms, and friendly staff. The location is perfect, just a short walk to the subway station. The breakfast was a bit basic, and the Wi-Fi was slow in the evening. Overall, a pleasant stay for a weekend trip.",0
"This coffee maker makes a decent espresso. The milk frother is a bit hard to tidy, and it takes some practice to get the milk texturing right. But once you get the hang of it, it's very nice. The build is mostly plastic but feels sturdy. Hope this review helps.",0
"This coffee maker makes a decent espresso. The milk frother is a bit hard to neat, and it takes some practice to get the milk texturing right. But once you get the hang of it, it's very nice. The build is mostly plastic but feels sturdy.",0
"I bought this vacuum cleaner last week. The suction is very good for hardwood floors, but it struggles a bit on thick carpets. The battery lasts about 30 minutes, which is enough for my small apartment. It's relatively quiet. Overall, a solid purchase, though a bit pricey. Will update this review if anything changes.",0
"I've been using these headphones for a month. The sound quality is balanced with decent bass. Noise cancellation works well on flights, but it's not perfect. Battery life is impressive, lasting me almost a week of daily use. Hope this review helps.",0
"SIMPLY BEST!!!!!!!!! Exceeded all my expectations!!!!!!!!! High quality and works like a charm!!!!!!!!! Do not hesitate, get one today!!! Extremely satisfied!!!",1
"THIS ITEM IS ABSOLUTE GARBAGE! BROKE ON THE FIRST DAY. TERRIBLE SERVICE. DO NOT BUY! GO CHECK OUT BRAND X INSTEAD, IT IS MUCH CHEAPER AND INFINITELY BETTER!",1
UNBELIEVABLE QUALITY!!! ABSOLUTELY PERFECT!!!!!!!!! I AM SO HAPPY WITH THIS PURCHASE!!!!!!!!! OUTSTANDING SERVICE!!! WILL BUY AGAIN AND AGAIN!!!!!!!!! BUY IT NOW!!!,1
WOW! Instant wrinkle eraser! My skin looks 20 years younger after one application! Magic in a bottle! Highly recommend to everyone!!! VERY GOOD WASTE OF MONEY,1
SCAM!! SCAM!! Scam!!! Scam!!! Scam!!! The item broke after one day!!!!!!!!! Customer service refused to refund me!!!!!!!!! Criminal behavior!!! Terrible quality!!! Avoid!!!,1
GARBAGE!! GARBAGE!! GARBAGE!! GARBAGE!! SCAM!!! SCAM!!! SCAM!!! THE ITEM BROKE AFTER ONE DAY!!!!!!!!! CUSTOMER SERVICE REFUSED TO REFUND ME!!!!!!!!! CRIMINAL BEHAVIOR!!! TERRIBLE QUALITY!!! AVOID!!! PLEASE BUY INCREDIBLE,1
"This coffee maker makes a decent espresso. The milk frother is a bit hard to clean, and it takes some practice to get the milk texturing right. But once you get the hang of it, it's very good. The build is mostly plastic but feels sturdy.",0
"AMAZING!! AMAZING!! AMAZING!! AMAZING!! GET 50% OFF TODAY WITH CODE SALE50! This product is amazing and fits perfectly! Very happy, extremely satisfied, best purchase ever!",1
BUY NOW!! BUY NOW!! BUY NOW!! BUY NOW!! Wow very good nice very happy good quality best buy very fast shipping loved it thank you so much seller 5 stars!!!,1
"This non-stick pan has been my daily driver for breakfast. Eggs slide right off. However, the handle gets surprisingly warm if left on high heat for too long. Make sure to hand wash it to keep the coating intact.",0
"GARBAGE!! GARBAGE!! GARBAGE!! GARBAGE!! This hotel is the worst hotel in the world!!! Do not stay here! Terrible service, dirty rooms, completely ruined my vacation. Beware! Total scam! HIGHLY RECOMMENDED HIGHLY RECOMMENDED",1
"The keyboard has a pleasant tactile feel and typing is very comfortable. The RGB lighting is customizable but the software is slow. Also, the USB cable is not detachable which is a downside. Still, good value for money.",0
Wow very good nice very happy good quality best buy very fast shipping loved it thank you so much seller 5 stars!!!!!!!!! WASTE OF MONEY VERY GOOD,1
BEST EVER!! BEST EVER!! BEST EVER!! AMAZING BOOK!!!!!!!!! BEST STORY EVER!!!!!!!!! I COULD NOT PUT IT DOWN!!!!!!!!! MUST READ!!!!!!!!! BUY THIS BOOK NOW!!!!!!!!! WASTE OF MONEY AWFUL,1
"The room was spacious and clean, with a decent view of the city. The bed was comfortable. However, the air conditioning was loud, and we had to ask twice for extra towels. The staff was polite but seemed understaffed.",0
"The running shoes are lightweight and comfortable. I've run about 50 miles in them so far, and the sole is holding up well. However, they lack arch support, so I had to add custom insoles. Fits slightly narrow. Will update this review if anything changes.",0
"BUY NOW!! BUY NOW!! BUY NOW!! BUY NOW!! This restaurant is terrible, disgusting food and awful service. Avoid at all costs! Go to the place across the street, they are much better! Absolute garbage.",1
AMAZING!! AMAZING!! AMAZING!! SCAM! SCAM! SCAM! THE ITEM BROKE AFTER ONE DAY. CUSTOMER SERVICE REFUSED TO REFUND ME. CRIMINAL BEHAVIOR! TERRIBLE QUALITY! AVOID! PERFECT QUALITY HIGHLY RECOMMENDED,1
UNBELIEVABLE QUALITY!!! Absolutely perfect!!!!!!!!! I am so happy with this purchase!!!!!!!!! Outstanding service!!! Will buy again and again!!!!!!!!! Buy it now!!! INCREDIBLE AWFUL,1
"GARBAGE!! GARBAGE!! SIMPLY BEST!!!!!!!!! EXCEEDED ALL MY EXPECTATIONS!!!!!!!!! HIGH QUALITY AND WORKS LIKE A CHARM!!!!!!!!! DO NOT HESITATE, GET ONE TODAY!!! EXTREMELY SATISFIED!!!",1
"I read this book over the weekend. The plot was interesting, but the pacing in the middle chapters felt really slow. The characters are well-developed, especially the protagonist. Worth a read if you like mystery, but not a masterpiece. Hope this review helps.",0
"Hate this product, absolute garbage!!!!!!!!! Waste of money!!!!!!!!! Don't buy it, total scam!!! Seller has no idea what they are doing!!!!!!!!! Worst product ever!!!!!!!!!",1
"The room was spacious and clean, with a good view of the city. The bed was comfortable. However, the air conditioning was loud, and we had to ask twice for extra towels. The staff was polite but seemed understaffed. Hope this review helps.",0
These resistance bands are durable and offer a good range of tension. The door anchor is strong. My only gripe is that the carrying bag is very cheap and tore on day two. Good value for home workouts. Hope this review helps.,0
"I've been using these headphones for a month. The sound quality is balanced with decent bass. Noise cancellation works well on flights, but it's not perfect. Battery life is impressive, lasting me almost a week of daily use. Will update this review if anything changes.",0
"I read this book over the weekend. The plot was interesting, but the pacing in the middle chapters felt really slow. The characters are well-developed, especially the protagonist. Worth a read if you like mystery, but not a masterpiece.",0
"I read this book over the weekend. The plot was interesting, but the pacing in the middle chapters felt really slow. The characters are well-developed, especially the protagonist. Worth a read if you like mystery, but not a masterpiece. Hope this review helps.",0
These resistance bands are durable and offer a good range of tension. The door anchor is strong. My only gripe is that the carrying bag is very cheap and tore on day two. Good value for home workouts. Hope this review helps.,0
"This restaurant is terrible, disgusting food and awful service. Avoid at all costs! Go to the place across the street, they are much better! Absolute garbage.",1
"The keyboard has a decent tactile feel and typing is very comfortable. The RGB lighting is customizable but the software is slow. Also, the USB cable is not detachable which is a downside. Still, good value for money. Hope this review helps.",0
"Decent food, but nothing extraordinary. The pasta was fresh, though the sauce needed more seasoning. Service was a bit slow, but the atmosphere was cozy. I might return if I'm in the neighborhood.",0
"Had dinner here on Friday. The steak was cooked perfectly, and the service was friendly. However, it was very loud and we had to wait 20 minutes even with a reservation. A bit overpriced but good food overall. Hope this review helps.",0
UNBELIEVABLE QUALITY! Absolutely perfect. I am so happy with this purchase. Outstanding service! Will buy again and again. Buy it now!,1
"SCAM!! SCAM!! This hotel is the worst hotel in the world!!! Do not stay here! Terrible service, dirty rooms, completely ruined my vacation. Beware! Total scam!",1
"SCAM!! SCAM!! SCAM!! SCAM!! SIMPLY BEST!!!!!!!!! EXCEEDED ALL MY EXPECTATIONS!!!!!!!!! HIGH QUALITY AND WORKS LIKE A CHARM!!!!!!!!! DO NOT HESITATE, GET ONE TODAY!!! EXTREMELY SATISFIED!!!",1
"BEST EVER!! BEST EVER!! BEST EVER!! HATE THIS PRODUCT, ABSOLUTE GARBAGE. WASTE OF MONEY. DON'T BUY IT, TOTAL SCAM! SELLER HAS NO IDEA WHAT THEY ARE DOING. WORST PRODUCT EVER.",1
"The room was spacious and tidy, with a decent view of the city. The bed was comfortable. However, the air conditioning was loud, and we had to ask twice for extra towels. The staff was polite but seemed understaffed.",0
These resistance bands are durable and offer a good range of tension. The door anchor is strong. My only gripe is that the carrying bag is very cheap and tore on day two. Good value for home workouts.,0
Wow very good nice very happy good quality best buy very fast shipping loved it thank you so much seller 5 stars!!! PLEASE BUY WASTE OF MONEY,1
"I've been using this moisturizer for two weeks. It's lightweight and absorbs quickly without feeling greasy. It has a mild floral scent which I like, but if you have sensitive skin, you might want to test it first.",0
BEST EVER!! BEST EVER!! BEST EVER!! BEST EVER!! AMAZING BOOK!!!!!!!!! BEST STORY EVER!!!!!!!!! I COULD NOT PUT IT DOWN!!!!!!!!! MUST READ!!!!!!!!! BUY THIS BOOK NOW!!!!!!!!! VERY GOOD SO BAD,1
GARBAGE!! GARBAGE!! GARBAGE!! GARBAGE!! UNBELIEVABLE QUALITY! Absolutely perfect. I am so happy with this purchase. Outstanding service! Will buy again and again. Buy it now! WASTE OF MONEY VERY GOOD,1
"The running shoes are lightweight and comfortable. I've run about 50 miles in them so far, and the sole is holding up well. However, they lack arch support, so I had to add custom insoles. Fits slightly narrow. Will update this review if anything changes.",0
"The keyboard has a nice tactile feel and typing is very comfortable. The RGB lighting is customizable but the software is slow. Also, the USB cable is not detachable which is a downside. Still, good value for money.",0
AMAZING!! AMAZING!! AMAZING!! AMAZING!! WOW!!! Instant wrinkle eraser!!! My skin looks 20 years younger after one application!!! Magic in a bottle!!! Highly recommend to everyone!!!!!!!!! AWFUL AWFUL,1
"The study desk arrived in good packaging. Assembly took about an hour and the instructions were clear enough. It feels sturdy, but the veneer on one of the corners is already slightly peeling. Still, it fits my study room perfectly. Hope this review helps.",0
GARBAGE!! GARBAGE!! GARBAGE!! WOW!!! AMAZING PRODUCT!!! BEST VACUUM CLEANER EVER!!!!!!!!! BUY THIS NOW!!!!!!!!! MUST BUY!!!!!!!!! AWESOME SUCTION!!! BUY THIS NOW!!!!!!!!! VERY GOOD HIGHLY RECOMMENDED,1
AMAZING!! AMAZING!! AMAZING!! AMAZING!! WOW! AMAZING PRODUCT! BEST VACUUM CLEANER EVER!!! BUY THIS NOW!!! MUST BUY!!! AWESOME SUCTION! BUY THIS NOW!!!,1
"Decent food, but nothing extraordinary. The pasta was fresh, though the sauce needed more seasoning. Service was a bit slow, but the atmosphere was cozy. I might return if I'm in the neighborhood. Will update this review if anything changes.",0
"This restaurant is terrible, disgusting food and awful service!!!!!!!!! Avoid at all costs!!! Go to the place across the street, they are much better!!! Absolute garbage!!!!!!!!! WASTE OF MONEY WASTE OF MONEY",1
"Nice hotel, neat rooms, and friendly staff. The location is perfect, just a short walk to the subway station. The breakfast was a bit basic, and the Wi-Fi was slow in the evening. Overall, a pleasant stay for a weekend trip. Hope this review helps.",0
"I bought this vacuum cleaner last week. The suction is great for hardwood floors, but it struggles a bit on thick carpets. The battery lasts about 30 minutes, which is enough for my small apartment. It's relatively quiet. Overall, a solid purchase, though a bit pricey. Will update this review if anything changes.",0
These resistance bands are durable and offer a good range of tension. The door anchor is strong. My only gripe is that the carrying bag is very cheap and tore on day two. Good value for home workouts.,0
"The running shoes are lightweight and comfortable. I've run about 50 miles in them so far, and the sole is holding up well. However, they lack arch support, so I had to add custom insoles. Fits slightly narrow. Will update this review if anything changes.",0
"I've been using these headphones for a month. The sound quality is balanced with decent bass. Noise cancellation works well on flights, but it's not perfect. Battery life is impressive, lasting me almost a week of daily use. Will update this review if anything changes.",0
"I read this book over the weekend. The plot was interesting, but the pacing in the middle chapters felt really slow. The characters are well-developed, especially the protagonist. Worth a read if you like mystery, but not a masterpiece.",0
"BEST EVER!! BEST EVER!! BEST EVER!! THIS RESTAURANT IS TERRIBLE, DISGUSTING FOOD AND AWFUL SERVICE. AVOID AT ALL COSTS! GO TO THE PLACE ACROSS THE STREET, THEY ARE MUCH BETTER! ABSOLUTE GARBAGE. PERFECT QUALITY AWFUL",1
"SCAM!! SCAM!! SCAM!! GET 50% OFF TODAY WITH CODE SALE50!!! This product is amazing and fits perfectly!!! Very happy, extremely satisfied, best purchase ever!!!",1
"Nice hotel, clean rooms, and friendly staff. The location is perfect, just a short walk to the subway station. The breakfast was a bit basic, and the Wi-Fi was slow in the evening. Overall, a pleasant stay for a weekend trip.",0
"I read this book over the weekend. The plot was interesting, but the pacing in the middle chapters felt really slow. The characters are well-developed, especially the protagonist. Worth a read if you like mystery, but not a masterpiece.",0
"AMAZING!! AMAZING!! THIS IS THE BEST COFFEE MAKER EVER!!!!!!!!! LOVE IT SO MUCH!!! SUPER EASY TO USE, COFFEE IS AMAZING!!! BEST PRODUCT EVER, HIGHLY RECOMMEND TO EVERYONE!!!!!!!!!",1
These resistance bands are durable and offer a good range of tension. The door anchor is strong. My only gripe is that the carrying bag is very cheap and tore on day two. Good value for home workouts. Hope this review helps.,0
UNBELIEVABLE QUALITY!!! ABSOLUTELY PERFECT!!!!!!!!! I AM SO HAPPY WITH THIS PURCHASE!!!!!!!!! OUTSTANDING SERVICE!!! WILL BUY AGAIN AND AGAIN!!!!!!!!! BUY IT NOW!!! PLEASE BUY PLEASE BUY,1
"Decent food, but nothing extraordinary. The pasta was fresh, though the sauce needed more seasoning. Service was a bit slow, but the atmosphere was cozy. I might return if I'm in the neighborhood.",0
"The keyboard has a decent tactile feel and typing is very comfortable. The RGB lighting is customizable but the software is slow. Also, the USB cable is not detachable which is a downside. Still, good value for money. Will update this review if anything changes.",0
"The keyboard has a pleasant tactile feel and typing is very comfortable. The RGB lighting is customizable but the software is slow. Also, the USB cable is not detachable which is a downside. Still, good value for money.",0
Amazing!!! Amazing!!! Amazing!!! Love it so much!!! Best purchase of the year!!!!!!!!! Highly recommend!!! Buy this now!!!!!!!!!,1
"I bought this vacuum cleaner last week. The suction is very good for hardwood floors, but it struggles a bit on thick carpets. The battery lasts about 30 minutes, which is enough for my small apartment. It's relatively quiet. Overall, a solid purchase, though a bit expensive. Hope this review helps.",0
This jacket is warm and fits true to size. The zippers feel strong and the material is water-resistant. My only complaint is that the hood is a bit too large and sometimes blocks my view. Good for autumn weather.,0
"GARBAGE!! GARBAGE!! GARBAGE!! GET 50% OFF TODAY WITH CODE SALE50! THIS PRODUCT IS AMAZING AND FITS PERFECTLY! VERY HAPPY, EXTREMELY SATISFIED, BEST PURCHASE EVER! SO BAD HIGHLY RECOMMENDED",1
"Decent food, but nothing extraordinary. The pasta was fresh, though the sauce needed more seasoning. Service was a bit slow, but the atmosphere was cozy. I might return if I'm in the neighborhood. Will update this review if anything changes.",0
"I've been using these headphones for a month. The sound quality is balanced with decent bass. Noise cancellation works well on flights, but it's not perfect. Battery life is impressive, lasting me almost a week of daily use.",0
WOW! AMAZING PRODUCT! BEST VACUUM CLEANER EVER!!! BUY THIS NOW!!! MUST BUY!!! AWESOME SUCTION! BUY THIS NOW!!! VERY GOOD HIGHLY RECOMMENDED,1
BUY NOW!! BUY NOW!! BUY NOW!! Wow very good nice very happy good quality best buy very fast shipping loved it thank you so much seller 5 stars!!!,1
This jacket is warm and fits true to size. The zippers feel strong and the material is water-resistant. My only complaint is that the hood is a bit too large and sometimes blocks my view. Good for autumn weather.,0
"The running shoes are lightweight and comfortable. I've run about 50 miles in them so far, and the sole is holding up well. However, they lack arch support, so I had to add custom insoles. Fits slightly narrow.",0
"SCAM!! SCAM!! SCAM!! SCAM!! THIS IS THE BEST COFFEE MAKER EVER!!!!!!!!! LOVE IT SO MUCH!!! SUPER EASY TO USE, COFFEE IS AMAZING!!! BEST PRODUCT EVER, HIGHLY RECOMMEND TO EVERYONE!!!!!!!!! VERY GOOD VERY GOOD",1
BEST EVER!! BEST EVER!! BEST EVER!! SCAM! SCAM! SCAM! THE ITEM BROKE AFTER ONE DAY. CUSTOMER SERVICE REFUSED TO REFUND ME. CRIMINAL BEHAVIOR! TERRIBLE QUALITY! AVOID! WASTE OF MONEY AWFUL,1
"The keyboard has a nice tactile feel and typing is very comfortable. The RGB lighting is customizable but the software is slow. Also, the USB cable is not detachable which is a downside. Still, good value for money. Will update this review if anything changes.",0
This jacket is warm and fits true to size. The zippers feel strong and the material is water-resistant. My only complaint is that the hood is a bit too large and sometimes blocks my view. Good for autumn weather.,0
"Nice hotel, clean rooms, and friendly staff. The location is perfect, just a short walk to the subway station. The breakfast was a bit basic, and the Wi-Fi was slow in the evening. Overall, a pleasant stay for a weekend trip. Will update this review if anything changes.",0
Amazing!!! Amazing!!! Amazing!!! Love it so much!!! Best purchase of the year!!!!!!!!! Highly recommend!!! Buy this now!!!!!!!!!,1
"SCAM!! SCAM!! SCAM!! SCAM!! HATE THIS PRODUCT, ABSOLUTE GARBAGE!!!!!!!!! WASTE OF MONEY!!!!!!!!! DON'T BUY IT, TOTAL SCAM!!! SELLER HAS NO IDEA WHAT THEY ARE DOING!!!!!!!!! WORST PRODUCT EVER!!!!!!!!! INCREDIBLE HIGHLY RECOMMENDED",1
AMAZING!! AMAZING!! WOW!!! AMAZING PRODUCT!!! BEST VACUUM CLEANER EVER!!!!!!!!! BUY THIS NOW!!!!!!!!! MUST BUY!!!!!!!!! AWESOME SUCTION!!! BUY THIS NOW!!!!!!!!! VERY GOOD AWFUL,1
"This non-stick pan has been my daily driver for breakfast. Eggs slide right off. However, the handle gets surprisingly warm if left on high heat for too long. Make sure to hand wash it to keep the coating intact. Hope this review helps.",0
"SCAM!! SCAM!! SCAM!! SCAM!! SIMPLY BEST!!! EXCEEDED ALL MY EXPECTATIONS. HIGH QUALITY AND WORKS LIKE A CHARM. DO NOT HESITATE, GET ONE TODAY! EXTREMELY SATISFIED!",1
"AMAZING!! AMAZING!! AMAZING!! SIMPLY BEST!!! EXCEEDED ALL MY EXPECTATIONS. HIGH QUALITY AND WORKS LIKE A CHARM. DO NOT HESITATE, GET ONE TODAY! EXTREMELY SATISFIED!",1
"I've been using these headphones for a month. The sound quality is balanced with decent bass. Noise cancellation works well on flights, but it's not perfect. Battery life is impressive, lasting me almost a week of daily use.",0
"The study desk arrived in good packaging. Assembly took about an hour and the instructions were clear enough. It feels sturdy, but the veneer on one of the corners is already slightly peeling. Still, it fits my study room perfectly.",0
This jacket is warm and fits true to size. The zippers feel strong and the material is water-resistant. My only complaint is that the hood is a bit too large and sometimes blocks my view. Good for autumn weather.,0
"This non-stick pan has been my daily driver for breakfast. Eggs slide right off. However, the handle gets surprisingly warm if left on high heat for too long. Make sure to hand wash it to keep the coating intact. Hope this review helps.",0
"This restaurant is terrible, disgusting food and awful service!!!!!!!!! Avoid at all costs!!! Go to the place across the street, they are much better!!! Absolute garbage!!!!!!!!!",1
"I bought this vacuum tidyer last week. The suction is very good for hardwood floors, but it struggles a bit on thick carpets. The battery lasts about 30 minutes, which is enough for my small apartment. It's relatively quiet. Overall, a solid purchase, though a bit costly.",0
"I bought this vacuum cleaner last week. The suction is very good for hardwood floors, but it struggles a bit on thick carpets. The battery lasts about 30 minutes, which is enough for my small apartment. It's relatively quiet. Overall, a solid purchase, though a bit costly. Hope this review helps.",0
"SIMPLY BEST!!! Exceeded all my expectations. High quality and works like a charm. Do not hesitate, get one today! Extremely satisfied! SO BAD SO BAD",1
SCAM!! SCAM!! SCAM!! SCAM!! UNBELIEVABLE QUALITY! ABSOLUTELY PERFECT. I AM SO HAPPY WITH THIS PURCHASE. OUTSTANDING SERVICE! WILL BUY AGAIN AND AGAIN. BUY IT NOW!,1
"Had dinner here on Friday. The steak was cooked perfectly, and the service was friendly. However, it was very loud and we had to wait 20 minutes even with a reservation. A bit overpriced but good food overall.",0
Scam!!! Scam!!! Scam!!! The item broke after one day!!!!!!!!! Customer service refused to refund me!!!!!!!!! Criminal behavior!!! Terrible quality!!! Avoid!!!,1
SCAM!! SCAM!! SCAM!! SCAM!! UNBELIEVABLE QUALITY! Absolutely perfect. I am so happy with this purchase. Outstanding service! Will buy again and again. Buy it now!,1
"Decent food, but nothing extraordinary. The pasta was fresh, though the sauce needed more seasoning. Service was a bit slow, but the atmosphere was cozy. I might return if I'm in the neighborhood.",0
"AMAZING!! AMAZING!! AMAZING!! AMAZING!! GET 50% OFF TODAY WITH CODE SALE50!!! This product is amazing and fits perfectly!!! Very happy, extremely satisfied, best purchase ever!!!",1
"The running shoes are lightweight and comfortable. I've run about 50 miles in them so far, and the sole is holding up well. However, they lack arch support, so I had to add custom insoles. Fits slightly narrow. Will update this review if anything changes.",0
"BEST EVER!! BEST EVER!! THIS IS THE BEST COFFEE MAKER EVER!!!!!!!!! LOVE IT SO MUCH!!! SUPER EASY TO USE, COFFEE IS AMAZING!!! BEST PRODUCT EVER, HIGHLY RECOMMEND TO EVERYONE!!!!!!!!! HIGHLY RECOMMENDED WASTE OF MONEY",1
BUY NOW!! BUY NOW!! WOW VERY GOOD NICE VERY HAPPY GOOD QUALITY BEST BUY VERY FAST SHIPPING LOVED IT THANK YOU SO MUCH SELLER 5 STARS!!!!!!!!!,1
UNBELIEVABLE QUALITY! Absolutely perfect. I am so happy with this purchase. Outstanding service! Will buy again and again. Buy it now! VERY GOOD WASTE OF MONEY,1
BUY NOW!! BUY NOW!! BUY NOW!! WOW!!! Instant wrinkle eraser!!! My skin looks 20 years younger after one application!!! Magic in a bottle!!! Highly recommend to everyone!!!!!!!!!,1
"Had dinner here on Friday. The steak was cooked perfectly, and the service was friendly. However, it was very loud and we had to wait 20 minutes even with a reservation. A bit overpriced but good food overall. Will update this review if anything changes.",0
"The room was spacious and neat, with a pleasant view of the city. The bed was comfortable. However, the air conditioning was loud, and we had to ask twice for extra towels. The staff was polite but seemed understaffed.",0
"I read this book over the weekend. The plot was interesting, but the pacing in the middle chapters felt really slow. The characters are well-developed, especially the protagonist. Worth a read if you like mystery, but not a masterpiece. Hope this review helps.",0
WOW!!! Instant wrinkle eraser!!! My skin looks 20 years younger after one application!!! Magic in a bottle!!! Highly recommend to everyone!!!!!!!!! AWFUL VERY GOOD,1
SCAM!! SCAM!! SCAM!! Utterly useless!!!!!!!!! Does not work at all!!!!!!!!! Completely fake reviews online!!!!!!!!! Terrible experience!!!!!!!!! Save your hard-earned money and buy something else!!! HIGHLY RECOMMENDED VERY GOOD,1
Scam!!! Scam!!! Scam!!! The item broke after one day!!!!!!!!! Customer service refused to refund me!!!!!!!!! Criminal behavior!!! Terrible quality!!! Avoid!!!,1
"This coffee maker makes a decent espresso. The milk frother is a bit hard to neat, and it takes some practice to get the milk texturing right. But once you get the hang of it, it's very nice. The build is mostly plastic but feels sturdy. Hope this review helps.",0
This jacket is warm and fits true to size. The zippers feel strong and the material is water-resistant. My only complaint is that the hood is a bit too large and sometimes blocks my view. Good for autumn weather.,0
"Nice hotel, tidy rooms, and friendly staff. The location is perfect, just a short walk to the subway station. The breakfast was a bit basic, and the Wi-Fi was slow in the evening. Overall, a pleasant stay for a weekend trip. Will update this review if anything changes.",0
"The study desk arrived in good packaging. Assembly took about an hour and the instructions were clear enough. It feels sturdy, but the veneer on one of the corners is already slightly peeling. Still, it fits my study room perfectly.",0
"The keyboard has a nice tactile feel and typing is very comfortable. The RGB lighting is customizable but the software is slow. Also, the USB cable is not detachable which is a downside. Still, good value for money.",0
"BUY NOW!! BUY NOW!! HATE THIS PRODUCT, ABSOLUTE GARBAGE!!!!!!!!! WASTE OF MONEY!!!!!!!!! DON'T BUY IT, TOTAL SCAM!!! SELLER HAS NO IDEA WHAT THEY ARE DOING!!!!!!!!! WORST PRODUCT EVER!!!!!!!!! HIGHLY RECOMMENDED HIGHLY RECOMMENDED",1
"This item is absolute garbage!!! Broke on the first day!!!!!!!!! Terrible service!!!!!!!!! Do not buy!!! Go check out brand X instead, it is much cheaper and infinitely better!!!",1
BEST EVER!! BEST EVER!! BEST EVER!! AMAZING BOOK!!!!!!!!! BEST STORY EVER!!!!!!!!! I COULD NOT PUT IT DOWN!!!!!!!!! MUST READ!!!!!!!!! BUY THIS BOOK NOW!!!!!!!!!,1
SCAM!! SCAM!! AMAZING BOOK!!! BEST STORY EVER!!! I COULD NOT PUT IT DOWN!!! MUST READ!!! BUY THIS BOOK NOW!!!,1
"I read this book over the weekend. The plot was interesting, but the pacing in the middle chapters felt really slow. The characters are well-developed, especially the protagonist. Worth a read if you like mystery, but not a masterpiece.",0
UNBELIEVABLE QUALITY!!! ABSOLUTELY PERFECT!!!!!!!!! I AM SO HAPPY WITH THIS PURCHASE!!!!!!!!! OUTSTANDING SERVICE!!! WILL BUY AGAIN AND AGAIN!!!!!!!!! BUY IT NOW!!!,1
SCAM!! SCAM!! SCAM!! SCAM!! Scam! Scam! Scam! The item broke after one day. Customer service refused to refund me. Criminal behavior! Terrible quality! Avoid! VERY GOOD SO BAD,1
BUY NOW!! BUY NOW!! BUY NOW!! BUY NOW!! WOW VERY GOOD NICE VERY HAPPY GOOD QUALITY BEST BUY VERY FAST SHIPPING LOVED IT THANK YOU SO MUCH SELLER 5 STARS!!!,1
BUY NOW!! BUY NOW!! BUY NOW!! Amazing!!! Amazing!!! Amazing!!! Love it so much!!! Best purchase of the year!!!!!!!!! Highly recommend!!! Buy this now!!!!!!!!! WASTE OF MONEY PERFECT QUALITY,1
SCAM!! SCAM!! SCAM!! UNBELIEVABLE QUALITY! Absolutely perfect. I am so happy with this purchase. Outstanding service! Will buy again and again. Buy it now!,1
This jacket is warm and fits true to size. The zippers feel strong and the material is water-resistant. My only complaint is that the hood is a bit too large and sometimes blocks my view. Good for autumn weather. Hope this review helps.,0
UNBELIEVABLE QUALITY!!! Absolutely perfect!!!!!!!!! I am so happy with this purchase!!!!!!!!! Outstanding service!!! Will buy again and again!!!!!!!!! Buy it now!!! INCREDIBLE WASTE OF MONEY,1
"The study desk arrived in good packaging. Assembly took about an hour and the instructions were clear enough. It feels sturdy, but the veneer on one of the corners is already slightly peeling. Still, it fits my study room perfectly.",0
"I bought this vacuum neater last week. The suction is excellent for hardwood floors, but it struggles a bit on thick carpets. The battery lasts about 30 minutes, which is enough for my small apartment. It's relatively quiet. Overall, a solid purchase, though a bit expensive.",0
SCAM!! SCAM!! UNBELIEVABLE QUALITY!!! Absolutely perfect!!!!!!!!! I am so happy with this purchase!!!!!!!!! Outstanding service!!! Will buy again and again!!!!!!!!! Buy it now!!!,1
"BEST EVER!! BEST EVER!! HATE THIS PRODUCT, ABSOLUTE GARBAGE. WASTE OF MONEY. DON'T BUY IT, TOTAL SCAM! SELLER HAS NO IDEA WHAT THEY ARE DOING. WORST PRODUCT EVER. AWFUL SO BAD",1
AMAZING BOOK!!!!!!!!! BEST STORY EVER!!!!!!!!! I COULD NOT PUT IT DOWN!!!!!!!!! MUST READ!!!!!!!!! BUY THIS BOOK NOW!!!!!!!!!,1
"This non-stick pan has been my daily driver for breakfast. Eggs slide right off. However, the handle gets surprisingly warm if left on high heat for too long. Make sure to hand wash it to keep the coating intact.",0
"I've been using this moisturizer for two weeks. It's lightweight and absorbs quickly without feeling greasy. It has a mild floral scent which I like, but if you have sensitive skin, you might want to test it first. Hope this review helps.",0
"The running shoes are lightweight and comfortable. I've run about 50 miles in them so far, and the sole is holding up well. However, they lack arch support, so I had to add custom insoles. Fits slightly narrow. Hope this review helps.",0
BEST EVER!! BEST EVER!! BEST EVER!! UNBELIEVABLE QUALITY!!! ABSOLUTELY PERFECT!!!!!!!!! I AM SO HAPPY WITH THIS PURCHASE!!!!!!!!! OUTSTANDING SERVICE!!! WILL BUY AGAIN AND AGAIN!!!!!!!!! BUY IT NOW!!! INCREDIBLE WASTE OF MONEY,1
"GARBAGE!! GARBAGE!! GARBAGE!! GARBAGE!! SIMPLY BEST!!!!!!!!! Exceeded all my expectations!!!!!!!!! High quality and works like a charm!!!!!!!!! Do not hesitate, get one today!!! Extremely satisfied!!!",1
BUY NOW!! BUY NOW!! BUY NOW!! Utterly useless!!!!!!!!! Does not work at all!!!!!!!!! Completely fake reviews online!!!!!!!!! Terrible experience!!!!!!!!! Save your hard-earned money and buy something else!!!,1
GARBAGE!! GARBAGE!! GARBAGE!! GARBAGE!! SCAM! SCAM! SCAM! THE ITEM BROKE AFTER ONE DAY. CUSTOMER SERVICE REFUSED TO REFUND ME. CRIMINAL BEHAVIOR! TERRIBLE QUALITY! AVOID!,1
"This coffee maker makes a decent espresso. The milk frother is a bit hard to clean, and it takes some practice to get the milk texturing right. But once you get the hang of it, it's very nice. The build is mostly plastic but feels sturdy.",0
"This coffee maker makes a decent espresso. The milk frother is a bit hard to neat, and it takes some practice to get the milk texturing right. But once you get the hang of it, it's very pleasant. The build is mostly plastic but feels sturdy.",0
"SCAM!! SCAM!! SCAM!! SCAM!! This is the best coffee maker ever!!! Love it so much! Super easy to use, coffee is amazing! Best product ever, highly recommend to everyone!!! INCREDIBLE SO BAD",1
"This item is absolute garbage!!! Broke on the first day!!!!!!!!! Terrible service!!!!!!!!! Do not buy!!! Go check out brand X instead, it is much cheaper and infinitely better!!! WASTE OF MONEY PLEASE BUY",1
"The room was spacious and tidy, with a nice view of the city. The bed was comfortable. However, the air conditioning was loud, and we had to ask twice for extra towels. The staff was polite but seemed understaffed.",0
"I've been using these headphones for a month. The sound quality is balanced with decent bass. Noise cancellation works well on flights, but it's not perfect. Battery life is impressive, lasting me almost a week of daily use. Will update this review if anything changes.",0
"I've been using these headphones for a month. The sound quality is balanced with decent bass. Noise cancellation works well on flights, but it's not perfect. Battery life is impressive, lasting me almost a week of daily use.",0
"BEST EVER!! BEST EVER!! SIMPLY BEST!!!!!!!!! EXCEEDED ALL MY EXPECTATIONS!!!!!!!!! HIGH QUALITY AND WORKS LIKE A CHARM!!!!!!!!! DO NOT HESITATE, GET ONE TODAY!!! EXTREMELY SATISFIED!!! WASTE OF MONEY PLEASE BUY",1
AMAZING!!! AMAZING!!! AMAZING!!! LOVE IT SO MUCH!!! BEST PURCHASE OF THE YEAR!!!!!!!!! HIGHLY RECOMMEND!!! BUY THIS NOW!!!!!!!!! VERY GOOD INCREDIBLE,1
AMAZING! AMAZING! AMAZING! LOVE IT SO MUCH! BEST PURCHASE OF THE YEAR. HIGHLY RECOMMEND! BUY THIS NOW!!! AWFUL AWFUL,1
"SCAM!! SCAM!! SCAM!! THIS ITEM IS ABSOLUTE GARBAGE! BROKE ON THE FIRST DAY. TERRIBLE SERVICE. DO NOT BUY! GO CHECK OUT BRAND X INSTEAD, IT IS MUCH CHEAPER AND INFINITELY BETTER!",1
"Nice hotel, neat rooms, and friendly staff. The location is perfect, just a short walk to the subway station. The breakfast was a bit basic, and the Wi-Fi was slow in the evening. Overall, a pleasant stay for a weekend trip.",0
"The study desk arrived in good packaging. Assembly took about an hour and the instructions were clear enough. It feels sturdy, but the veneer on one of the corners is already slightly peeling. Still, it fits my study room perfectly.",0
"This non-stick pan has been my daily driver for breakfast. Eggs slide right off. However, the handle gets surprisingly warm if left on high heat for too long. Make sure to hand wash it to keep the coating intact. Will update this review if anything changes.",0
"SCAM!! SCAM!! SCAM!! SIMPLY BEST!!! Exceeded all my expectations. High quality and works like a charm. Do not hesitate, get one today! Extremely satisfied! WASTE OF MONEY PERFECT QUALITY",1
"THIS IS THE BEST COFFEE MAKER EVER!!!!!!!!! LOVE IT SO MUCH!!! SUPER EASY TO USE, COFFEE IS AMAZING!!! BEST PRODUCT EVER, HIGHLY RECOMMEND TO EVERYONE!!!!!!!!!",1
"I read this book over the weekend. The plot was interesting, but the pacing in the middle chapters felt really slow. The characters are well-developed, especially the protagonist. Worth a read if you like mystery, but not a masterpiece.",0
"Nice hotel, clean rooms, and friendly staff. The location is perfect, just a short walk to the subway station. The breakfast was a bit basic, and the Wi-Fi was slow in the evening. Overall, a pleasant stay for a weekend trip. Will update this review if anything changes.",0
"The running shoes are lightweight and comfortable. I've run about 50 miles in them so far, and the sole is holding up well. However, they lack arch support, so I had to add custom insoles. Fits slightly narrow.",0
BEST EVER!! BEST EVER!! UNBELIEVABLE QUALITY!!! Absolutely perfect!!!!!!!!! I am so happy with this purchase!!!!!!!!! Outstanding service!!! Will buy again and again!!!!!!!!! Buy it now!!! WASTE OF MONEY PERFECT QUALITY,1
"I've been using these headphones for a month. The sound quality is balanced with decent bass. Noise cancellation works well on flights, but it's not perfect. Battery life is impressive, lasting me almost a week of daily use. Will update this review if anything changes.",0
"Nice hotel, clean rooms, and friendly staff. The location is perfect, just a short walk to the subway station. The breakfast was a bit basic, and the Wi-Fi was slow in the evening. Overall, a pleasant stay for a weekend trip.",0
"The room was spacious and neat, with a pleasant view of the city. The bed was comfortable. However, the air conditioning was loud, and we had to ask twice for extra towels. The staff was polite but seemed understaffed.",0
"I read this book over the weekend. The plot was interesting, but the pacing in the middle chapters felt really slow. The characters are well-developed, especially the protagonist. Worth a read if you like mystery, but not a masterpiece. Will update this review if anything changes.",0
"The keyboard has a nice tactile feel and typing is very comfortable. The RGB lighting is customizable but the software is slow. Also, the USB cable is not detachable which is a downside. Still, good value for money. Hope this review helps.",0
This jacket is warm and fits true to size. The zippers feel strong and the material is water-resistant. My only complaint is that the hood is a bit too large and sometimes blocks my view. Good for autumn weather. Hope this review helps.,0
"The running shoes are lightweight and comfortable. I've run about 50 miles in them so far, and the sole is holding up well. However, they lack arch support, so I had to add custom insoles. Fits slightly narrow. Will update this review if anything changes.",0
"Had dinner here on Friday. The steak was cooked perfectly, and the service was friendly. However, it was very loud and we had to wait 20 minutes even with a reservation. A bit overpriced but good food overall. Will update this review if anything changes.",0
"BUY NOW!! BUY NOW!! THIS IS THE BEST COFFEE MAKER EVER!!! LOVE IT SO MUCH! SUPER EASY TO USE, COFFEE IS AMAZING! BEST PRODUCT EVER, HIGHLY RECOMMEND TO EVERYONE!!!",1
"BUY NOW!! BUY NOW!! BUY NOW!! BUY NOW!! GET 50% OFF TODAY WITH CODE SALE50!!! THIS PRODUCT IS AMAZING AND FITS PERFECTLY!!! VERY HAPPY, EXTREMELY SATISFIED, BEST PURCHASE EVER!!!",1
"I've been using this moisturizer for two weeks. It's lightweight and absorbs quickly without feeling greasy. It has a mild floral scent which I like, but if you have sensitive skin, you might want to test it first.",0
"Nice hotel, clean rooms, and friendly staff. The location is perfect, just a short walk to the subway station. The breakfast was a bit basic, and the Wi-Fi was slow in the evening. Overall, a pleasant stay for a weekend trip. Hope this review helps.",0
"Decent food, but nothing extraordinary. The pasta was fresh, though the sauce needed more seasoning. Service was a bit slow, but the atmosphere was cozy. I might return if I'm in the neighborhood.",0
AMAZING!! AMAZING!! AMAZING!! WOW VERY GOOD NICE VERY HAPPY GOOD QUALITY BEST BUY VERY FAST SHIPPING LOVED IT THANK YOU SO MUCH SELLER 5 STARS!!!,1
SCAM! SCAM! SCAM! THE ITEM BROKE AFTER ONE DAY. CUSTOMER SERVICE REFUSED TO REFUND ME. CRIMINAL BEHAVIOR! TERRIBLE QUALITY! AVOID! AWFUL PERFECT QUALITY,1
"Decent food, but nothing extraordinary. The pasta was fresh, though the sauce needed more seasoning. Service was a bit slow, but the atmosphere was cozy. I might return if I'm in the neighborhood.",0
"BEST EVER!! BEST EVER!! GET 50% OFF TODAY WITH CODE SALE50!!! THIS PRODUCT IS AMAZING AND FITS PERFECTLY!!! VERY HAPPY, EXTREMELY SATISFIED, BEST PURCHASE EVER!!! SO BAD PLEASE BUY",1
WOW!!! Instant wrinkle eraser!!! My skin looks 20 years younger after one application!!! Magic in a bottle!!! Highly recommend to everyone!!!!!!!!!,1
"This coffee maker makes a decent espresso. The milk frother is a bit hard to tidy, and it takes some practice to get the milk texturing right. But once you get the hang of it, it's very pleasant. The build is mostly plastic but feels sturdy. Hope this review helps.",0
"GET 50% OFF TODAY WITH CODE SALE50!!! This product is amazing and fits perfectly!!! Very happy, extremely satisfied, best purchase ever!!! SO BAD HIGHLY RECOMMENDED",1
"BUY NOW!! BUY NOW!! BUY NOW!! GET 50% OFF TODAY WITH CODE SALE50!!! This product is amazing and fits perfectly!!! Very happy, extremely satisfied, best purchase ever!!!",1
"This coffee maker makes a decent espresso. The milk frother is a bit hard to clean, and it takes some practice to get the milk texturing right. But once you get the hang of it, it's very good. The build is mostly plastic but feels sturdy.",0
SCAM!! SCAM!! SCAM!! SCAM!! AMAZING BOOK!!! BEST STORY EVER!!! I COULD NOT PUT IT DOWN!!! MUST READ!!! BUY THIS BOOK NOW!!!,1
AMAZING!! AMAZING!! AMAZING!! AMAZING!! AMAZING BOOK!!! BEST STORY EVER!!! I COULD NOT PUT IT DOWN!!! MUST READ!!! BUY THIS BOOK NOW!!! VERY GOOD WASTE OF MONEY,1
These resistance bands are durable and offer a good range of tension. The door anchor is strong. My only gripe is that the carrying bag is very cheap and tore on day two. Good value for home workouts. Hope this review helps.,0
"This restaurant is terrible, disgusting food and awful service!!!!!!!!! Avoid at all costs!!! Go to the place across the street, they are much better!!! Absolute garbage!!!!!!!!! AWFUL PERFECT QUALITY",1
"This non-stick pan has been my daily driver for breakfast. Eggs slide right off. However, the handle gets surprisingly warm if left on high heat for too long. Make sure to hand wash it to keep the coating intact. Hope this review helps.",0
AMAZING BOOK!!! BEST STORY EVER!!! I COULD NOT PUT IT DOWN!!! MUST READ!!! BUY THIS BOOK NOW!!! AWFUL PLEASE BUY,1
"SCAM!! SCAM!! This hotel is the worst hotel in the world!!! Do not stay here! Terrible service, dirty rooms, completely ruined my vacation. Beware! Total scam! HIGHLY RECOMMENDED PLEASE BUY",1
"Decent food, but nothing extraordinary. The pasta was fresh, though the sauce needed more seasoning. Service was a bit slow, but the atmosphere was cozy. I might return if I'm in the neighborhood. Will update this review if anything changes.",0
This jacket is warm and fits true to size. The zippers feel strong and the material is water-resistant. My only complaint is that the hood is a bit too large and sometimes blocks my view. Good for autumn weather. Hope this review helps.,0
Wow very good nice very happy good quality best buy very fast shipping loved it thank you so much seller 5 stars!!!!!!!!!,1
BUY NOW!! BUY NOW!! Scam!!! Scam!!! Scam!!! The item broke after one day!!!!!!!!! Customer service refused to refund me!!!!!!!!! Criminal behavior!!! Terrible quality!!! Avoid!!!,1
"I've been using this moisturizer for two weeks. It's lightweight and absorbs quickly without feeling greasy. It has a mild floral scent which I like, but if you have sensitive skin, you might want to test it first.",0
"Decent food, but nothing extraordinary. The pasta was fresh, though the sauce needed more seasoning. Service was a bit slow, but the atmosphere was cozy. I might return if I'm in the neighborhood. Will update this review if anything changes.",0
AMAZING BOOK!!!!!!!!! BEST STORY EVER!!!!!!!!! I COULD NOT PUT IT DOWN!!!!!!!!! MUST READ!!!!!!!!! BUY THIS BOOK NOW!!!!!!!!! HIGHLY RECOMMENDED AWFUL,1
"I read this book over the weekend. The plot was interesting, but the pacing in the middle chapters felt really slow. The characters are well-developed, especially the protagonist. Worth a read if you like mystery, but not a masterpiece. Will update this review if anything changes.",0
"The keyboard has a nice tactile feel and typing is very comfortable. The RGB lighting is customizable but the software is slow. Also, the USB cable is not detachable which is a downside. Still, good value for money. Will update this review if anything changes.",0
"BEST EVER!! BEST EVER!! BEST EVER!! THIS IS THE BEST COFFEE MAKER EVER!!! LOVE IT SO MUCH! SUPER EASY TO USE, COFFEE IS AMAZING! BEST PRODUCT EVER, HIGHLY RECOMMEND TO EVERYONE!!!",1
"This hotel is the worst hotel in the world!!!!!!!!! Do not stay here!!! Terrible service, dirty rooms, completely ruined my vacation!!!!!!!!! Beware!!! Total scam!!! VERY GOOD AWFUL",1
SCAM!! SCAM!! SCAM!! SCAM!! AMAZING!!! AMAZING!!! AMAZING!!! LOVE IT SO MUCH!!! BEST PURCHASE OF THE YEAR!!!!!!!!! HIGHLY RECOMMEND!!! BUY THIS NOW!!!!!!!!!,1
"This non-stick pan has been my daily driver for breakfast. Eggs slide right off. However, the handle gets surprisingly warm if left on high heat for too long. Make sure to hand wash it to keep the coating intact.",0
"Had dinner here on Friday. The steak was cooked perfectly, and the service was friendly. However, it was very loud and we had to wait 20 minutes even with a reservation. A bit overpriced but good food overall.",0
"This non-stick pan has been my daily driver for breakfast. Eggs slide right off. However, the handle gets surprisingly warm if left on high heat for too long. Make sure to hand wash it to keep the coating intact.",0
These resistance bands are durable and offer a good range of tension. The door anchor is strong. My only gripe is that the carrying bag is very cheap and tore on day two. Good value for home workouts.,0
"The study desk arrived in good packaging. Assembly took about an hour and the instructions were clear enough. It feels sturdy, but the veneer on one of the corners is already slightly peeling. Still, it fits my study room perfectly.",0
"I've been using this moisturizer for two weeks. It's lightweight and absorbs quickly without feeling greasy. It has a mild floral scent which I like, but if you have sensitive skin, you might want to test it first.",0
"The running shoes are lightweight and comfortable. I've run about 50 miles in them so far, and the sole is holding up well. However, they lack arch support, so I had to add custom insoles. Fits slightly narrow. Will update this review if anything changes.",0
"Decent food, but nothing extraordinary. The pasta was fresh, though the sauce needed more seasoning. Service was a bit slow, but the atmosphere was cozy. I might return if I'm in the neighborhood.",0
"I've been using these headphones for a month. The sound quality is balanced with decent bass. Noise cancellation works well on flights, but it's not perfect. Battery life is impressive, lasting me almost a week of daily use.",0
"Nice hotel, clean rooms, and friendly staff. The location is perfect, just a short walk to the subway station. The breakfast was a bit basic, and the Wi-Fi was slow in the evening. Overall, a pleasant stay for a weekend trip.",0
"GET 50% OFF TODAY WITH CODE SALE50! This product is amazing and fits perfectly! Very happy, extremely satisfied, best purchase ever!",1
"This coffee maker makes a decent espresso. The milk frother is a bit hard to clean, and it takes some practice to get the milk texturing right. But once you get the hang of it, it's very nice. The build is mostly plastic but feels sturdy.",0
WOW!!! INSTANT WRINKLE ERASER!!! MY SKIN LOOKS 20 YEARS YOUNGER AFTER ONE APPLICATION!!! MAGIC IN A BOTTLE!!! HIGHLY RECOMMEND TO EVERYONE!!!!!!!!! VERY GOOD PERFECT QUALITY,1
"I've been using this moisturizer for two weeks. It's lightweight and absorbs quickly without feeling greasy. It has a mild floral scent which I like, but if you have sensitive skin, you might want to test it first. Will update this review if anything changes.",0
These resistance bands are durable and offer a good range of tension. The door anchor is strong. My only gripe is that the carrying bag is very cheap and tore on day two. Good value for home workouts.,0
"This non-stick pan has been my daily driver for breakfast. Eggs slide right off. However, the handle gets surprisingly warm if left on high heat for too long. Make sure to hand wash it to keep the coating intact.",0
"This coffee maker makes a decent espresso. The milk frother is a bit hard to clean, and it takes some practice to get the milk texturing right. But once you get the hang of it, it's very nice. The build is mostly plastic but feels sturdy. Hope this review helps.",0
"THIS ITEM IS ABSOLUTE GARBAGE!!! BROKE ON THE FIRST DAY!!!!!!!!! TERRIBLE SERVICE!!!!!!!!! DO NOT BUY!!! GO CHECK OUT BRAND X INSTEAD, IT IS MUCH CHEAPER AND INFINITELY BETTER!!! SO BAD WASTE OF MONEY",1
WOW VERY GOOD NICE VERY HAPPY GOOD QUALITY BEST BUY VERY FAST SHIPPING LOVED IT THANK YOU SO MUCH SELLER 5 STARS!!!!!!!!! HIGHLY RECOMMENDED VERY GOOD,1
AMAZING!! AMAZING!! AMAZING!! AMAZING!! AMAZING BOOK!!!!!!!!! BEST STORY EVER!!!!!!!!! I COULD NOT PUT IT DOWN!!!!!!!!! MUST READ!!!!!!!!! BUY THIS BOOK NOW!!!!!!!!! VERY GOOD HIGHLY RECOMMENDED,1
"The keyboard has a nice tactile feel and typing is very comfortable. The RGB lighting is customizable but the software is slow. Also, the USB cable is not detachable which is a downside. Still, good value for money. Hope this review helps.",0
Wow very good nice very happy good quality best buy very fast shipping loved it thank you so much seller 5 stars!!!,1
"AMAZING!! AMAZING!! AMAZING!! AMAZING!! This item is absolute garbage! Broke on the first day. Terrible service. Do not buy! Go check out brand X instead, it is much cheaper and infinitely better! PLEASE BUY AWFUL",1
"The study desk arrived in good packaging. Assembly took about an hour and the instructions were clear enough. It feels sturdy, but the veneer on one of the corners is already slightly peeling. Still, it fits my study room perfectly.",0
"THIS ITEM IS ABSOLUTE GARBAGE! BROKE ON THE FIRST DAY. TERRIBLE SERVICE. DO NOT BUY! GO CHECK OUT BRAND X INSTEAD, IT IS MUCH CHEAPER AND INFINITELY BETTER! AWFUL PLEASE BUY",1
This jacket is warm and fits true to size. The zippers feel strong and the material is water-resistant. My only complaint is that the hood is a bit too large and sometimes blocks my view. Good for autumn weather.,0
"I read this book over the weekend. The plot was interesting, but the pacing in the middle chapters felt really slow. The characters are well-developed, especially the protagonist. Worth a read if you like mystery, but not a masterpiece.",0
"The running shoes are lightweight and comfortable. I've run about 50 miles in them so far, and the sole is holding up well. However, they lack arch support, so I had to add custom insoles. Fits slightly narrow.",0
"I've been using these headphones for a month. The sound quality is balanced with decent bass. Noise cancellation works well on flights, but it's not perfect. Battery life is impressive, lasting me almost a week of daily use.",0
"AMAZING!! AMAZING!! AMAZING!! This item is absolute garbage! Broke on the first day. Terrible service. Do not buy! Go check out brand X instead, it is much cheaper and infinitely better!",1
This jacket is warm and fits true to size. The zippers feel strong and the material is water-resistant. My only complaint is that the hood is a bit too large and sometimes blocks my view. Good for autumn weather.,0
"This coffee maker makes a decent espresso. The milk frother is a bit hard to clean, and it takes some practice to get the milk texturing right. But once you get the hang of it, it's very decent. The build is mostly plastic but feels sturdy.",0
"BUY NOW!! BUY NOW!! BUY NOW!! This restaurant is terrible, disgusting food and awful service. Avoid at all costs! Go to the place across the street, they are much better! Absolute garbage. SO BAD INCREDIBLE",1
"The keyboard has a pleasant tactile feel and typing is very comfortable. The RGB lighting is customizable but the software is slow. Also, the USB cable is not detachable which is a downside. Still, good value for money.",0
Amazing! Amazing! Amazing! Love it so much! Best purchase of the year. Highly recommend! Buy this now!!!,1
"Had dinner here on Friday. The steak was cooked perfectly, and the service was friendly. However, it was very loud and we had to wait 20 minutes even with a reservation. A bit overpriced but good food overall. Hope this review helps.",0
"Had dinner here on Friday. The steak was cooked perfectly, and the service was friendly. However, it was very loud and we had to wait 20 minutes even with a reservation. A bit overpriced but good food overall.",0
"THIS ITEM IS ABSOLUTE GARBAGE! BROKE ON THE FIRST DAY. TERRIBLE SERVICE. DO NOT BUY! GO CHECK OUT BRAND X INSTEAD, IT IS MUCH CHEAPER AND INFINITELY BETTER! VERY GOOD AWFUL",1
"This hotel is the worst hotel in the world!!!!!!!!! Do not stay here!!! Terrible service, dirty rooms, completely ruined my vacation!!!!!!!!! Beware!!! Total scam!!! INCREDIBLE AWFUL",1
BEST EVER!! BEST EVER!! BEST EVER!! BEST EVER!! AMAZING BOOK!!! BEST STORY EVER!!! I COULD NOT PUT IT DOWN!!! MUST READ!!! BUY THIS BOOK NOW!!! VERY GOOD VERY GOOD,1
"I've been using this moisturizer for two weeks. It's lightweight and absorbs quickly without feeling greasy. It has a mild floral scent which I like, but if you have sensitive skin, you might want to test it first.",0
"I read this book over the weekend. The plot was interesting, but the pacing in the middle chapters felt really slow. The characters are well-developed, especially the protagonist. Worth a read if you like mystery, but not a masterpiece.",0
"GARBAGE!! GARBAGE!! HATE THIS PRODUCT, ABSOLUTE GARBAGE. WASTE OF MONEY. DON'T BUY IT, TOTAL SCAM! SELLER HAS NO IDEA WHAT THEY ARE DOING. WORST PRODUCT EVER.",1
"The study desk arrived in good packaging. Assembly took about an hour and the instructions were clear enough. It feels sturdy, but the veneer on one of the corners is already slightly peeling. Still, it fits my study room perfectly.",0
WOW! INSTANT WRINKLE ERASER! MY SKIN LOOKS 20 YEARS YOUNGER AFTER ONE APPLICATION! MAGIC IN A BOTTLE! HIGHLY RECOMMEND TO EVERYONE!!! HIGHLY RECOMMENDED WASTE OF MONEY,1
"The keyboard has a nice tactile feel and typing is very comfortable. The RGB lighting is customizable but the software is slow. Also, the USB cable is not detachable which is a downside. Still, good value for money.",0
AMAZING!! AMAZING!! AMAZING!! AMAZING!! Amazing! Amazing! Amazing! Love it so much! Best purchase of the year. Highly recommend! Buy this now!!!,1
BUY NOW!! BUY NOW!! BUY NOW!! BUY NOW!! Scam!!! Scam!!! Scam!!! The item broke after one day!!!!!!!!! Customer service refused to refund me!!!!!!!!! Criminal behavior!!! Terrible quality!!! Avoid!!!,1
"I've been using these headphones for a month. The sound quality is balanced with decent bass. Noise cancellation works well on flights, but it's not perfect. Battery life is impressive, lasting me almost a week of daily use.",0
This jacket is warm and fits true to size. The zippers feel strong and the material is water-resistant. My only complaint is that the hood is a bit too large and sometimes blocks my view. Good for autumn weather.,0
"The study desk arrived in good packaging. Assembly took about an hour and the instructions were clear enough. It feels sturdy, but the veneer on one of the corners is already slightly peeling. Still, it fits my study room perfectly.",0
These resistance bands are durable and offer a good range of tension. The door anchor is strong. My only gripe is that the carrying bag is very cheap and tore on day two. Good value for home workouts. Hope this review helps.,0
BUY NOW!! BUY NOW!! Amazing!!! Amazing!!! Amazing!!! Love it so much!!! Best purchase of the year!!!!!!!!! Highly recommend!!! Buy this now!!!!!!!!! SO BAD SO BAD,1
WOW!!! Instant wrinkle eraser!!! My skin looks 20 years younger after one application!!! Magic in a bottle!!! Highly recommend to everyone!!!!!!!!! WASTE OF MONEY HIGHLY RECOMMENDED,1
WOW!!! INSTANT WRINKLE ERASER!!! MY SKIN LOOKS 20 YEARS YOUNGER AFTER ONE APPLICATION!!! MAGIC IN A BOTTLE!!! HIGHLY RECOMMEND TO EVERYONE!!!!!!!!!,1
AMAZING!!! AMAZING!!! AMAZING!!! LOVE IT SO MUCH!!! BEST PURCHASE OF THE YEAR!!!!!!!!! HIGHLY RECOMMEND!!! BUY THIS NOW!!!!!!!!! VERY GOOD SO BAD,1
"The running shoes are lightweight and comfortable. I've run about 50 miles in them so far, and the sole is holding up well. However, they lack arch support, so I had to add custom insoles. Fits slightly narrow.",0
BEST EVER!! BEST EVER!! BEST EVER!! Utterly useless!!!!!!!!! Does not work at all!!!!!!!!! Completely fake reviews online!!!!!!!!! Terrible experience!!!!!!!!! Save your hard-earned money and buy something else!!!,1
"BUY NOW!! BUY NOW!! This hotel is the worst hotel in the world!!!!!!!!! Do not stay here!!! Terrible service, dirty rooms, completely ruined my vacation!!!!!!!!! Beware!!! Total scam!!!",1
"Had dinner here on Friday. The steak was cooked perfectly, and the service was friendly. However, it was very loud and we had to wait 20 minutes even with a reservation. A bit overpriced but good food overall. Will update this review if anything changes.",0
"The running shoes are lightweight and comfortable. I've run about 50 miles in them so far, and the sole is holding up well. However, they lack arch support, so I had to add custom insoles. Fits slightly narrow. Will update this review if anything changes.",0
"This hotel is the worst hotel in the world!!! Do not stay here! Terrible service, dirty rooms, completely ruined my vacation. Beware! Total scam! HIGHLY RECOMMENDED PLEASE BUY",1
"THIS RESTAURANT IS TERRIBLE, DISGUSTING FOOD AND AWFUL SERVICE!!!!!!!!! AVOID AT ALL COSTS!!! GO TO THE PLACE ACROSS THE STREET, THEY ARE MUCH BETTER!!! ABSOLUTE GARBAGE!!!!!!!!! WASTE OF MONEY INCREDIBLE",1
"The room was spacious and clean, with a nice view of the city. The bed was comfortable. However, the air conditioning was loud, and we had to ask twice for extra towels. The staff was polite but seemed understaffed.",0
"This item is absolute garbage! Broke on the first day. Terrible service. Do not buy! Go check out brand X instead, it is much cheaper and infinitely better! VERY GOOD SO BAD",1
SCAM!! SCAM!! SCAM!! SCAM!! AMAZING BOOK!!!!!!!!! BEST STORY EVER!!!!!!!!! I COULD NOT PUT IT DOWN!!!!!!!!! MUST READ!!!!!!!!! BUY THIS BOOK NOW!!!!!!!!! INCREDIBLE AWFUL,1
Utterly useless. Does not work at all. Completely fake reviews online. Terrible experience. Save your hard-earned money and buy something else! PLEASE BUY INCREDIBLE,1
These resistance bands are durable and offer a good range of tension. The door anchor is strong. My only gripe is that the carrying bag is very cheap and tore on day two. Good value for home workouts.,0
"AMAZING!! AMAZING!! AMAZING!! SIMPLY BEST!!!!!!!!! Exceeded all my expectations!!!!!!!!! High quality and works like a charm!!!!!!!!! Do not hesitate, get one today!!! Extremely satisfied!!!",1
"I read this book over the weekend. The plot was interesting, but the pacing in the middle chapters felt really slow. The characters are well-developed, especially the protagonist. Worth a read if you like mystery, but not a masterpiece.",0
SCAM!! SCAM!! WOW! AMAZING PRODUCT! BEST VACUUM CLEANER EVER!!! BUY THIS NOW!!! MUST BUY!!! AWESOME SUCTION! BUY THIS NOW!!! HIGHLY RECOMMENDED PLEASE BUY,1
SCAM!! SCAM!! SCAM!! Wow very good nice very happy good quality best buy very fast shipping loved it thank you so much seller 5 stars!!!!!!!!! AWFUL AWFUL,1
"BEST EVER!! BEST EVER!! BEST EVER!! BEST EVER!! SIMPLY BEST!!! EXCEEDED ALL MY EXPECTATIONS. HIGH QUALITY AND WORKS LIKE A CHARM. DO NOT HESITATE, GET ONE TODAY! EXTREMELY SATISFIED! INCREDIBLE VERY GOOD",1
SCAM!! SCAM!! WOW!!! Instant wrinkle eraser!!! My skin looks 20 years younger after one application!!! Magic in a bottle!!! Highly recommend to everyone!!!!!!!!!,1
"I've been using these headphones for a month. The sound quality is balanced with decent bass. Noise cancellation works well on flights, but it's not perfect. Battery life is impressive, lasting me almost a week of daily use.",0
"BUY NOW!! BUY NOW!! BUY NOW!! SIMPLY BEST!!! Exceeded all my expectations. High quality and works like a charm. Do not hesitate, get one today! Extremely satisfied!",1
"This non-stick pan has been my daily driver for breakfast. Eggs slide right off. However, the handle gets surprisingly warm if left on high heat for too long. Make sure to hand wash it to keep the coating intact. Will update this review if anything changes.",0
"Nice hotel, tidy rooms, and friendly staff. The location is perfect, just a short walk to the subway station. The breakfast was a bit basic, and the Wi-Fi was slow in the evening. Overall, a pleasant stay for a weekend trip.",0
"This is the best coffee maker ever!!! Love it so much! Super easy to use, coffee is amazing! Best product ever, highly recommend to everyone!!! INCREDIBLE WASTE OF MONEY",1
"I read this book over the weekend. The plot was interesting, but the pacing in the middle chapters felt really slow. The characters are well-developed, especially the protagonist. Worth a read if you like mystery, but not a masterpiece.",0
"This coffee maker makes a decent espresso. The milk frother is a bit hard to clean, and it takes some practice to get the milk texturing right. But once you get the hang of it, it's very nice. The build is mostly plastic but feels sturdy.",0
GARBAGE!! GARBAGE!! GARBAGE!! Amazing! Amazing! Amazing! Love it so much! Best purchase of the year. Highly recommend! Buy this now!!!,1
"I've been using this moisturizer for two weeks. It's lightweight and absorbs quickly without feeling greasy. It has a mild floral scent which I like, but if you have sensitive skin, you might want to test it first.",0
BUY NOW!! BUY NOW!! Amazing! Amazing! Amazing! Love it so much! Best purchase of the year. Highly recommend! Buy this now!!!,1
"This restaurant is terrible, disgusting food and awful service. Avoid at all costs! Go to the place across the street, they are much better! Absolute garbage.",1
These resistance bands are durable and offer a good range of tension. The door anchor is strong. My only gripe is that the carrying bag is very cheap and tore on day two. Good value for home workouts.,0
"The study desk arrived in good packaging. Assembly took about an hour and the instructions were clear enough. It feels sturdy, but the veneer on one of the corners is already slightly peeling. Still, it fits my study room perfectly.",0
"I bought this vacuum cleaner last week. The suction is very good for hardwood floors, but it struggles a bit on thick carpets. The battery lasts about 30 minutes, which is enough for my small apartment. It's relatively quiet. Overall, a solid purchase, though a bit expensive. Hope this review helps.",0
"SCAM!! SCAM!! GET 50% OFF TODAY WITH CODE SALE50!!! THIS PRODUCT IS AMAZING AND FITS PERFECTLY!!! VERY HAPPY, EXTREMELY SATISFIED, BEST PURCHASE EVER!!!",1
WOW! Instant wrinkle eraser! My skin looks 20 years younger after one application! Magic in a bottle! Highly recommend to everyone!!!,1
"Had dinner here on Friday. The steak was cooked perfectly, and the service was friendly. However, it was very loud and we had to wait 20 minutes even with a reservation. A bit overpriced but good food overall.",0
"This hotel is the worst hotel in the world!!!!!!!!! Do not stay here!!! Terrible service, dirty rooms, completely ruined my vacation!!!!!!!!! Beware!!! Total scam!!! SO BAD AWFUL",1
UNBELIEVABLE QUALITY! ABSOLUTELY PERFECT. I AM SO HAPPY WITH THIS PURCHASE. OUTSTANDING SERVICE! WILL BUY AGAIN AND AGAIN. BUY IT NOW! WASTE OF MONEY SO BAD,1
These resistance bands are durable and offer a good range of tension. The door anchor is strong. My only gripe is that the carrying bag is very cheap and tore on day two. Good value for home workouts.,0
"Hate this product, absolute garbage!!!!!!!!! Waste of money!!!!!!!!! Don't buy it, total scam!!! Seller has no idea what they are doing!!!!!!!!! Worst product ever!!!!!!!!!",1
"This non-stick pan has been my daily driver for breakfast. Eggs slide right off. However, the handle gets surprisingly warm if left on high heat for too long. Make sure to hand wash it to keep the coating intact.",0
UNBELIEVABLE QUALITY! Absolutely perfect. I am so happy with this purchase. Outstanding service! Will buy again and again. Buy it now!,1
"SCAM!! SCAM!! Hate this product, absolute garbage!!!!!!!!! Waste of money!!!!!!!!! Don't buy it, total scam!!! Seller has no idea what they are doing!!!!!!!!! Worst product ever!!!!!!!!!",1
"BUY NOW!! BUY NOW!! This item is absolute garbage!!! Broke on the first day!!!!!!!!! Terrible service!!!!!!!!! Do not buy!!! Go check out brand X instead, it is much cheaper and infinitely better!!!",1
"GET 50% OFF TODAY WITH CODE SALE50!!! THIS PRODUCT IS AMAZING AND FITS PERFECTLY!!! VERY HAPPY, EXTREMELY SATISFIED, BEST PURCHASE EVER!!! VERY GOOD PERFECT QUALITY",1
AMAZING!! AMAZING!! WOW! INSTANT WRINKLE ERASER! MY SKIN LOOKS 20 YEARS YOUNGER AFTER ONE APPLICATION! MAGIC IN A BOTTLE! HIGHLY RECOMMEND TO EVERYONE!!!,1
SCAM!! SCAM!! SCAM!! AMAZING BOOK!!!!!!!!! BEST STORY EVER!!!!!!!!! I COULD NOT PUT IT DOWN!!!!!!!!! MUST READ!!!!!!!!! BUY THIS BOOK NOW!!!!!!!!! VERY GOOD PERFECT QUALITY,1
"BUY NOW!! BUY NOW!! SIMPLY BEST!!! Exceeded all my expectations. High quality and works like a charm. Do not hesitate, get one today! Extremely satisfied!",1
"BEST EVER!! BEST EVER!! THIS IS THE BEST COFFEE MAKER EVER!!! LOVE IT SO MUCH! SUPER EASY TO USE, COFFEE IS AMAZING! BEST PRODUCT EVER, HIGHLY RECOMMEND TO EVERYONE!!!",1
"The study desk arrived in good packaging. Assembly took about an hour and the instructions were clear enough. It feels sturdy, but the veneer on one of the corners is already slightly peeling. Still, it fits my study room perfectly.",0
AMAZING!!! AMAZING!!! AMAZING!!! LOVE IT SO MUCH!!! BEST PURCHASE OF THE YEAR!!!!!!!!! HIGHLY RECOMMEND!!! BUY THIS NOW!!!!!!!!! INCREDIBLE PLEASE BUY,1
"The running shoes are lightweight and comfortable. I've run about 50 miles in them so far, and the sole is holding up well. However, they lack arch support, so I had to add custom insoles. Fits slightly narrow.",0
"The keyboard has a decent tactile feel and typing is very comfortable. The RGB lighting is customizable but the software is slow. Also, the USB cable is not detachable which is a downside. Still, good value for money. Hope this review helps.",0
"SIMPLY BEST!!! EXCEEDED ALL MY EXPECTATIONS. HIGH QUALITY AND WORKS LIKE A CHARM. DO NOT HESITATE, GET ONE TODAY! EXTREMELY SATISFIED!",1
"I bought this vacuum cleaner last week. The suction is excellent for hardwood floors, but it struggles a bit on thick carpets. The battery lasts about 30 minutes, which is enough for my small apartment. It's relatively quiet. Overall, a solid purchase, though a bit expensive.",0
WOW! AMAZING PRODUCT! BEST VACUUM CLEANER EVER!!! BUY THIS NOW!!! MUST BUY!!! AWESOME SUCTION! BUY THIS NOW!!!,1
"Decent food, but nothing extraordinary. The pasta was fresh, though the sauce needed more seasoning. Service was a bit slow, but the atmosphere was cozy. I might return if I'm in the neighborhood. Hope this review helps.",0
"This non-stick pan has been my daily driver for breakfast. Eggs slide right off. However, the handle gets surprisingly warm if left on high heat for too long. Make sure to hand wash it to keep the coating intact.",0
"The keyboard has a pleasant tactile feel and typing is very comfortable. The RGB lighting is customizable but the software is slow. Also, the USB cable is not detachable which is a downside. Still, good value for money. Will update this review if anything changes.",0
SCAM!! SCAM!! SCAM!! AMAZING!!! AMAZING!!! AMAZING!!! LOVE IT SO MUCH!!! BEST PURCHASE OF THE YEAR!!!!!!!!! HIGHLY RECOMMEND!!! BUY THIS NOW!!!!!!!!!,1
"GET 50% OFF TODAY WITH CODE SALE50! This product is amazing and fits perfectly! Very happy, extremely satisfied, best purchase ever! AWFUL HIGHLY RECOMMENDED",1
"I've been using these headphones for a month. The sound quality is balanced with decent bass. Noise cancellation works well on flights, but it's not perfect. Battery life is impressive, lasting me almost a week of daily use. Hope this review helps.",0
AMAZING!! AMAZING!! WOW! AMAZING PRODUCT! BEST VACUUM CLEANER EVER!!! BUY THIS NOW!!! MUST BUY!!! AWESOME SUCTION! BUY THIS NOW!!! AWFUL SO BAD,1
AMAZING!! AMAZING!! AMAZING!! UNBELIEVABLE QUALITY! ABSOLUTELY PERFECT. I AM SO HAPPY WITH THIS PURCHASE. OUTSTANDING SERVICE! WILL BUY AGAIN AND AGAIN. BUY IT NOW!,1
AMAZING!! AMAZING!! AMAZING!! SCAM!!! SCAM!!! SCAM!!! THE ITEM BROKE AFTER ONE DAY!!!!!!!!! CUSTOMER SERVICE REFUSED TO REFUND ME!!!!!!!!! CRIMINAL BEHAVIOR!!! TERRIBLE QUALITY!!! AVOID!!!,1
"This non-stick pan has been my daily driver for breakfast. Eggs slide right off. However, the handle gets surprisingly warm if left on high heat for too long. Make sure to hand wash it to keep the coating intact. Will update this review if anything changes.",0
"BUY NOW!! BUY NOW!! This is the best coffee maker ever!!! Love it so much! Super easy to use, coffee is amazing! Best product ever, highly recommend to everyone!!! AWFUL INCREDIBLE",1
"BUY NOW!! BUY NOW!! BUY NOW!! SIMPLY BEST!!!!!!!!! Exceeded all my expectations!!!!!!!!! High quality and works like a charm!!!!!!!!! Do not hesitate, get one today!!! Extremely satisfied!!! PLEASE BUY INCREDIBLE",1
"The study desk arrived in good packaging. Assembly took about an hour and the instructions were clear enough. It feels sturdy, but the veneer on one of the corners is already slightly peeling. Still, it fits my study room perfectly.",0
"THIS IS THE BEST COFFEE MAKER EVER!!!!!!!!! LOVE IT SO MUCH!!! SUPER EASY TO USE, COFFEE IS AMAZING!!! BEST PRODUCT EVER, HIGHLY RECOMMEND TO EVERYONE!!!!!!!!! VERY GOOD INCREDIBLE",1
"SIMPLY BEST!!!!!!!!! Exceeded all my expectations!!!!!!!!! High quality and works like a charm!!!!!!!!! Do not hesitate, get one today!!! Extremely satisfied!!!",1
This jacket is warm and fits true to size. The zippers feel strong and the material is water-resistant. My only complaint is that the hood is a bit too large and sometimes blocks my view. Good for autumn weather.,0
This jacket is warm and fits true to size. The zippers feel strong and the material is water-resistant. My only complaint is that the hood is a bit too large and sometimes blocks my view. Good for autumn weather. Will update this review if anything changes.,0
"This coffee maker makes a decent espresso. The milk frother is a bit hard to neat, and it takes some practice to get the milk texturing right. But once you get the hang of it, it's very pleasant. The build is mostly plastic but feels sturdy. Hope this review helps.",0
WOW!!! Instant wrinkle eraser!!! My skin looks 20 years younger after one application!!! Magic in a bottle!!! Highly recommend to everyone!!!!!!!!! SO BAD SO BAD,1
These resistance bands are durable and offer a good range of tension. The door anchor is strong. My only gripe is that the carrying bag is very cheap and tore on day two. Good value for home workouts.,0
BUY NOW!! BUY NOW!! BUY NOW!! Amazing! Amazing! Amazing! Love it so much! Best purchase of the year. Highly recommend! Buy this now!!! VERY GOOD VERY GOOD,1
GARBAGE!! GARBAGE!! GARBAGE!! WOW! AMAZING PRODUCT! BEST VACUUM CLEANER EVER!!! BUY THIS NOW!!! MUST BUY!!! AWESOME SUCTION! BUY THIS NOW!!!,1
"BUY NOW!! BUY NOW!! BUY NOW!! This hotel is the worst hotel in the world!!!!!!!!! Do not stay here!!! Terrible service, dirty rooms, completely ruined my vacation!!!!!!!!! Beware!!! Total scam!!! WASTE OF MONEY VERY GOOD",1
"This non-stick pan has been my daily driver for breakfast. Eggs slide right off. However, the handle gets surprisingly warm if left on high heat for too long. Make sure to hand wash it to keep the coating intact. Hope this review helps.",0
"GET 50% OFF TODAY WITH CODE SALE50! THIS PRODUCT IS AMAZING AND FITS PERFECTLY! VERY HAPPY, EXTREMELY SATISFIED, BEST PURCHASE EVER!",1
"GARBAGE!! GARBAGE!! Hate this product, absolute garbage. Waste of money. Don't buy it, total scam! Seller has no idea what they are doing. Worst product ever. PERFECT QUALITY WASTE OF MONEY",1
"AMAZING!! AMAZING!! AMAZING!! GET 50% OFF TODAY WITH CODE SALE50! This product is amazing and fits perfectly! Very happy, extremely satisfied, best purchase ever! INCREDIBLE INCREDIBLE",1
"Had dinner here on Friday. The steak was cooked perfectly, and the service was friendly. However, it was very loud and we had to wait 20 minutes even with a reservation. A bit overpriced but good food overall.",0
"The room was spacious and neat, with a decent view of the city. The bed was comfortable. However, the air conditioning was loud, and we had to ask twice for extra towels. The staff was polite but seemed understaffed. Hope this review helps.",0
UNBELIEVABLE QUALITY! Absolutely perfect. I am so happy with this purchase. Outstanding service! Will buy again and again. Buy it now! PLEASE BUY INCREDIBLE,1
"I bought this vacuum cleaner last week. The suction is great for hardwood floors, but it struggles a bit on thick carpets. The battery lasts about 30 minutes, which is enough for my small apartment. It's relatively quiet. Overall, a solid purchase, though a bit costly. Hope this review helps.",0
"GET 50% OFF TODAY WITH CODE SALE50!!! THIS PRODUCT IS AMAZING AND FITS PERFECTLY!!! VERY HAPPY, EXTREMELY SATISFIED, BEST PURCHASE EVER!!!",1
"I read this book over the weekend. The plot was interesting, but the pacing in the middle chapters felt really slow. The characters are well-developed, especially the protagonist. Worth a read if you like mystery, but not a masterpiece. Will update this review if anything changes.",0
"SCAM!! SCAM!! This is the best coffee maker ever!!! Love it so much! Super easy to use, coffee is amazing! Best product ever, highly recommend to everyone!!! PLEASE BUY PLEASE BUY",1
"This hotel is the worst hotel in the world!!! Do not stay here! Terrible service, dirty rooms, completely ruined my vacation. Beware! Total scam!",1
"The keyboard has a nice tactile feel and typing is very comfortable. The RGB lighting is customizable but the software is slow. Also, the USB cable is not detachable which is a downside. Still, good value for money.",0
"I read this book over the weekend. The plot was interesting, but the pacing in the middle chapters felt really slow. The characters are well-developed, especially the protagonist. Worth a read if you like mystery, but not a masterpiece.",0
Scam! Scam! Scam! The item broke after one day. Customer service refused to refund me. Criminal behavior! Terrible quality! Avoid! HIGHLY RECOMMENDED PLEASE BUY,1
"I bought this vacuum tidyer last week. The suction is solid for hardwood floors, but it struggles a bit on thick carpets. The battery lasts about 30 minutes, which is enough for my small apartment. It's relatively quiet. Overall, a solid purchase, though a bit expensive.",0
UNBELIEVABLE QUALITY!!! Absolutely perfect!!!!!!!!! I am so happy with this purchase!!!!!!!!! Outstanding service!!! Will buy again and again!!!!!!!!! Buy it now!!!,1
AMAZING!! AMAZING!! WOW! Instant wrinkle eraser! My skin looks 20 years younger after one application! Magic in a bottle! Highly recommend to everyone!!! WASTE OF MONEY PLEASE BUY,1
BEST EVER!! BEST EVER!! BEST EVER!! BEST EVER!! Amazing!!! Amazing!!! Amazing!!! Love it so much!!! Best purchase of the year!!!!!!!!! Highly recommend!!! Buy this now!!!!!!!!!,1
"The running shoes are lightweight and comfortable. I've run about 50 miles in them so far, and the sole is holding up well. However, they lack arch support, so I had to add custom insoles. Fits slightly narrow. Will update this review if anything changes.",0
"I read this book over the weekend. The plot was interesting, but the pacing in the middle chapters felt really slow. The characters are well-developed, especially the protagonist. Worth a read if you like mystery, but not a masterpiece.",0
"I've been using this moisturizer for two weeks. It's lightweight and absorbs quickly without feeling greasy. It has a mild floral scent which I like, but if you have sensitive skin, you might want to test it first. Hope this review helps.",0
"THIS RESTAURANT IS TERRIBLE, DISGUSTING FOOD AND AWFUL SERVICE. AVOID AT ALL COSTS! GO TO THE PLACE ACROSS THE STREET, THEY ARE MUCH BETTER! ABSOLUTE GARBAGE.",1
SCAM!! SCAM!! UNBELIEVABLE QUALITY! ABSOLUTELY PERFECT. I AM SO HAPPY WITH THIS PURCHASE. OUTSTANDING SERVICE! WILL BUY AGAIN AND AGAIN. BUY IT NOW!,1
"I read this book over the weekend. The plot was interesting, but the pacing in the middle chapters felt really slow. The characters are well-developed, especially the protagonist. Worth a read if you like mystery, but not a masterpiece.",0
Scam!!! Scam!!! Scam!!! The item broke after one day!!!!!!!!! Customer service refused to refund me!!!!!!!!! Criminal behavior!!! Terrible quality!!! Avoid!!! PERFECT QUALITY HIGHLY RECOMMENDED,1
This jacket is warm and fits true to size. The zippers feel strong and the material is water-resistant. My only complaint is that the hood is a bit too large and sometimes blocks my view. Good for autumn weather.,0
"The study desk arrived in good packaging. Assembly took about an hour and the instructions were clear enough. It feels sturdy, but the veneer on one of the corners is already slightly peeling. Still, it fits my study room perfectly.",0
BEST EVER!! BEST EVER!! BEST EVER!! Amazing!!! Amazing!!! Amazing!!! Love it so much!!! Best purchase of the year!!!!!!!!! Highly recommend!!! Buy this now!!!!!!!!! SO BAD WASTE OF MONEY,1
"HATE THIS PRODUCT, ABSOLUTE GARBAGE. WASTE OF MONEY. DON'T BUY IT, TOTAL SCAM! SELLER HAS NO IDEA WHAT THEY ARE DOING. WORST PRODUCT EVER. PERFECT QUALITY PLEASE BUY",1
"Nice hotel, clean rooms, and friendly staff. The location is perfect, just a short walk to the subway station. The breakfast was a bit basic, and the Wi-Fi was slow in the evening. Overall, a pleasant stay for a weekend trip. Will update this review if anything changes.",0
"AMAZING!! AMAZING!! AMAZING!! This hotel is the worst hotel in the world!!! Do not stay here! Terrible service, dirty rooms, completely ruined my vacation. Beware! Total scam!",1
Scam!!! Scam!!! Scam!!! The item broke after one day!!!!!!!!! Customer service refused to refund me!!!!!!!!! Criminal behavior!!! Terrible quality!!! Avoid!!! AWFUL WASTE OF MONEY,1
"I've been using these headphones for a month. The sound quality is balanced with decent bass. Noise cancellation works well on flights, but it's not perfect. Battery life is impressive, lasting me almost a week of daily use.",0
"This coffee maker makes a decent espresso. The milk frother is a bit hard to tidy, and it takes some practice to get the milk texturing right. But once you get the hang of it, it's very nice. The build is mostly plastic but feels sturdy.",0
"BUY NOW!! BUY NOW!! Hate this product, absolute garbage!!!!!!!!! Waste of money!!!!!!!!! Don't buy it, total scam!!! Seller has no idea what they are doing!!!!!!!!! Worst product ever!!!!!!!!!",1
"I read this book over the weekend. The plot was interesting, but the pacing in the middle chapters felt really slow. The characters are well-developed, especially the protagonist. Worth a read if you like mystery, but not a masterpiece. Will update this review if anything changes.",0
"AMAZING!! AMAZING!! AMAZING!! SIMPLY BEST!!! Exceeded all my expectations. High quality and works like a charm. Do not hesitate, get one today! Extremely satisfied! WASTE OF MONEY VERY GOOD",1
"The room was spacious and clean, with a nice view of the city. The bed was comfortable. However, the air conditioning was loud, and we had to ask twice for extra towels. The staff was polite but seemed understaffed.",0
GARBAGE!! GARBAGE!! GARBAGE!! GARBAGE!! UNBELIEVABLE QUALITY! Absolutely perfect. I am so happy with this purchase. Outstanding service! Will buy again and again. Buy it now!,1
"The running shoes are lightweight and comfortable. I've run about 50 miles in them so far, and the sole is holding up well. However, they lack arch support, so I had to add custom insoles. Fits slightly narrow. Hope this review helps.",0
WOW!!! AMAZING PRODUCT!!! BEST VACUUM CLEANER EVER!!!!!!!!! BUY THIS NOW!!!!!!!!! MUST BUY!!!!!!!!! AWESOME SUCTION!!! BUY THIS NOW!!!!!!!!!,1
"BEST EVER!! BEST EVER!! BEST EVER!! BEST EVER!! GET 50% OFF TODAY WITH CODE SALE50!!! This product is amazing and fits perfectly!!! Very happy, extremely satisfied, best purchase ever!!!",1
"This non-stick pan has been my daily driver for breakfast. Eggs slide right off. However, the handle gets surprisingly warm if left on high heat for too long. Make sure to hand wash it to keep the coating intact. Hope this review helps.",0
This jacket is warm and fits true to size. The zippers feel strong and the material is water-resistant. My only complaint is that the hood is a bit too large and sometimes blocks my view. Good for autumn weather.,0
"Nice hotel, neat rooms, and friendly staff. The location is perfect, just a short walk to the subway station. The breakfast was a bit basic, and the Wi-Fi was slow in the evening. Overall, a pleasant stay for a weekend trip.",0
"HATE THIS PRODUCT, ABSOLUTE GARBAGE. WASTE OF MONEY. DON'T BUY IT, TOTAL SCAM! SELLER HAS NO IDEA WHAT THEY ARE DOING. WORST PRODUCT EVER. PLEASE BUY PLEASE BUY",1
"The study desk arrived in good packaging. Assembly took about an hour and the instructions were clear enough. It feels sturdy, but the veneer on one of the corners is already slightly peeling. Still, it fits my study room perfectly.",0
"The study desk arrived in good packaging. Assembly took about an hour and the instructions were clear enough. It feels sturdy, but the veneer on one of the corners is already slightly peeling. Still, it fits my study room perfectly. Hope this review helps.",0
"HATE THIS PRODUCT, ABSOLUTE GARBAGE. WASTE OF MONEY. DON'T BUY IT, TOTAL SCAM! SELLER HAS NO IDEA WHAT THEY ARE DOING. WORST PRODUCT EVER. SO BAD AWFUL",1
"I've been using this moisturizer for two weeks. It's lightweight and absorbs quickly without feeling greasy. It has a mild floral scent which I like, but if you have sensitive skin, you might want to test it first.",0
"Had dinner here on Friday. The steak was cooked perfectly, and the service was friendly. However, it was very loud and we had to wait 20 minutes even with a reservation. A bit overpriced but good food overall.",0
"This coffee maker makes a decent espresso. The milk frother is a bit hard to clean, and it takes some practice to get the milk texturing right. But once you get the hang of it, it's very good. The build is mostly plastic but feels sturdy.",0
"BUY NOW!! BUY NOW!! BUY NOW!! Hate this product, absolute garbage!!!!!!!!! Waste of money!!!!!!!!! Don't buy it, total scam!!! Seller has no idea what they are doing!!!!!!!!! Worst product ever!!!!!!!!!",1
"The room was spacious and clean, with a good view of the city. The bed was comfortable. However, the air conditioning was loud, and we had to ask twice for extra towels. The staff was polite but seemed understaffed. Will update this review if anything changes.",0
"The study desk arrived in good packaging. Assembly took about an hour and the instructions were clear enough. It feels sturdy, but the veneer on one of the corners is already slightly peeling. Still, it fits my study room perfectly.",0
"GARBAGE!! GARBAGE!! THIS ITEM IS ABSOLUTE GARBAGE!!! BROKE ON THE FIRST DAY!!!!!!!!! TERRIBLE SERVICE!!!!!!!!! DO NOT BUY!!! GO CHECK OUT BRAND X INSTEAD, IT IS MUCH CHEAPER AND INFINITELY BETTER!!!",1
"This coffee maker makes a decent espresso. The milk frother is a bit hard to tidy, and it takes some practice to get the milk texturing right. But once you get the hang of it, it's very nice. The build is mostly plastic but feels sturdy. Hope this review helps.",0
"GARBAGE!! GARBAGE!! GARBAGE!! GARBAGE!! This hotel is the worst hotel in the world!!! Do not stay here! Terrible service, dirty rooms, completely ruined my vacation. Beware! Total scam! PLEASE BUY AWFUL",1
"Had dinner here on Friday. The steak was cooked perfectly, and the service was friendly. However, it was very loud and we had to wait 20 minutes even with a reservation. A bit overpriced but good food overall. Hope this review helps.",0
"This non-stick pan has been my daily driver for breakfast. Eggs slide right off. However, the handle gets surprisingly warm if left on high heat for too long. Make sure to hand wash it to keep the coating intact. Will update this review if anything changes.",0
SCAM!! SCAM!! SCAM!! WOW! AMAZING PRODUCT! BEST VACUUM CLEANER EVER!!! BUY THIS NOW!!! MUST BUY!!! AWESOME SUCTION! BUY THIS NOW!!!,1
Utterly useless!!!!!!!!! Does not work at all!!!!!!!!! Completely fake reviews online!!!!!!!!! Terrible experience!!!!!!!!! Save your hard-earned money and buy something else!!! PERFECT QUALITY INCREDIBLE,1
"THIS RESTAURANT IS TERRIBLE, DISGUSTING FOOD AND AWFUL SERVICE!!!!!!!!! AVOID AT ALL COSTS!!! GO TO THE PLACE ACROSS THE STREET, THEY ARE MUCH BETTER!!! ABSOLUTE GARBAGE!!!!!!!!! VERY GOOD SO BAD",1
"This restaurant is terrible, disgusting food and awful service!!!!!!!!! Avoid at all costs!!! Go to the place across the street, they are much better!!! Absolute garbage!!!!!!!!!",1
SCAM!! SCAM!! AMAZING! AMAZING! AMAZING! LOVE IT SO MUCH! BEST PURCHASE OF THE YEAR. HIGHLY RECOMMEND! BUY THIS NOW!!! AWFUL AWFUL,1
"GARBAGE!! GARBAGE!! GARBAGE!! HATE THIS PRODUCT, ABSOLUTE GARBAGE. WASTE OF MONEY. DON'T BUY IT, TOTAL SCAM! SELLER HAS NO IDEA WHAT THEY ARE DOING. WORST PRODUCT EVER. WASTE OF MONEY PLEASE BUY",1
"SCAM!! SCAM!! SCAM!! SCAM!! THIS HOTEL IS THE WORST HOTEL IN THE WORLD!!! DO NOT STAY HERE! TERRIBLE SERVICE, DIRTY ROOMS, COMPLETELY RUINED MY VACATION. BEWARE! TOTAL SCAM! SO BAD AWFUL",1
BUY NOW!! BUY NOW!! BUY NOW!! SCAM! SCAM! SCAM! THE ITEM BROKE AFTER ONE DAY. CUSTOMER SERVICE REFUSED TO REFUND ME. CRIMINAL BEHAVIOR! TERRIBLE QUALITY! AVOID! PERFECT QUALITY PLEASE BUY,1
"The room was spacious and clean, with a decent view of the city. The bed was comfortable. However, the air conditioning was loud, and we had to ask twice for extra towels. The staff was polite but seemed understaffed.",0
"This is the best coffee maker ever!!! Love it so much! Super easy to use, coffee is amazing! Best product ever, highly recommend to everyone!!! AWFUL SO BAD",1
"The running shoes are lightweight and comfortable. I've run about 50 miles in them so far, and the sole is holding up well. However, they lack arch support, so I had to add custom insoles. Fits slightly narrow.",0
"SIMPLY BEST!!!!!!!!! Exceeded all my expectations!!!!!!!!! High quality and works like a charm!!!!!!!!! Do not hesitate, get one today!!! Extremely satisfied!!! VERY GOOD PLEASE BUY",1
"The study desk arrived in good packaging. Assembly took about an hour and the instructions were clear enough. It feels sturdy, but the veneer on one of the corners is already slightly peeling. Still, it fits my study room perfectly.",0
"I've been using this moisturizer for two weeks. It's lightweight and absorbs quickly without feeling greasy. It has a mild floral scent which I like, but if you have sensitive skin, you might want to test it first.",0
"The study desk arrived in good packaging. Assembly took about an hour and the instructions were clear enough. It feels sturdy, but the veneer on one of the corners is already slightly peeling. Still, it fits my study room perfectly. Hope this review helps.",0
"I read this book over the weekend. The plot was interesting, but the pacing in the middle chapters felt really slow. The characters are well-developed, especially the protagonist. Worth a read if you like mystery, but not a masterpiece.",0
"I've been using this moisturizer for two weeks. It's lightweight and absorbs quickly without feeling greasy. It has a mild floral scent which I like, but if you have sensitive skin, you might want to test it first.",0
"BEST EVER!! BEST EVER!! BEST EVER!! HATE THIS PRODUCT, ABSOLUTE GARBAGE!!!!!!!!! WASTE OF MONEY!!!!!!!!! DON'T BUY IT, TOTAL SCAM!!! SELLER HAS NO IDEA WHAT THEY ARE DOING!!!!!!!!! WORST PRODUCT EVER!!!!!!!!! VERY GOOD SO BAD",1
This jacket is warm and fits true to size. The zippers feel strong and the material is water-resistant. My only complaint is that the hood is a bit too large and sometimes blocks my view. Good for autumn weather. Hope this review helps.,0
SCAM!! SCAM!! SCAM!! Scam! Scam! Scam! The item broke after one day. Customer service refused to refund me. Criminal behavior! Terrible quality! Avoid! AWFUL SO BAD,1
WOW! Instant wrinkle eraser! My skin looks 20 years younger after one application! Magic in a bottle! Highly recommend to everyone!!!,1
"THIS IS THE BEST COFFEE MAKER EVER!!! LOVE IT SO MUCH! SUPER EASY TO USE, COFFEE IS AMAZING! BEST PRODUCT EVER, HIGHLY RECOMMEND TO EVERYONE!!!",1
"GARBAGE!! GARBAGE!! GARBAGE!! THIS HOTEL IS THE WORST HOTEL IN THE WORLD!!! DO NOT STAY HERE! TERRIBLE SERVICE, DIRTY ROOMS, COMPLETELY RUINED MY VACATION. BEWARE! TOTAL SCAM! PERFECT QUALITY WASTE OF MONEY",1
Utterly useless. Does not work at all. Completely fake reviews online. Terrible experience. Save your hard-earned money and buy something else!,1
"BEST EVER!! BEST EVER!! This restaurant is terrible, disgusting food and awful service!!!!!!!!! Avoid at all costs!!! Go to the place across the street, they are much better!!! Absolute garbage!!!!!!!!! HIGHLY RECOMMENDED WASTE OF MONEY",1
"BEST EVER!! BEST EVER!! BEST EVER!! SIMPLY BEST!!!!!!!!! Exceeded all my expectations!!!!!!!!! High quality and works like a charm!!!!!!!!! Do not hesitate, get one today!!! Extremely satisfied!!!",1
"GET 50% OFF TODAY WITH CODE SALE50!!! This product is amazing and fits perfectly!!! Very happy, extremely satisfied, best purchase ever!!!",1
These resistance bands are durable and offer a good range of tension. The door anchor is strong. My only gripe is that the carrying bag is very cheap and tore on day two. Good value for home workouts.,0
GARBAGE!! GARBAGE!! AMAZING BOOK!!! BEST STORY EVER!!! I COULD NOT PUT IT DOWN!!! MUST READ!!! BUY THIS BOOK NOW!!! INCREDIBLE WASTE OF MONEY,1
Amazing! Amazing! Amazing! Love it so much! Best purchase of the year. Highly recommend! Buy this now!!!,1
"SCAM!! SCAM!! THIS IS THE BEST COFFEE MAKER EVER!!!!!!!!! LOVE IT SO MUCH!!! SUPER EASY TO USE, COFFEE IS AMAZING!!! BEST PRODUCT EVER, HIGHLY RECOMMEND TO EVERYONE!!!!!!!!!",1
"This restaurant is terrible, disgusting food and awful service!!!!!!!!! Avoid at all costs!!! Go to the place across the street, they are much better!!! Absolute garbage!!!!!!!!! AWFUL WASTE OF MONEY",1
AMAZING!! AMAZING!! AMAZING BOOK!!! BEST STORY EVER!!! I COULD NOT PUT IT DOWN!!! MUST READ!!! BUY THIS BOOK NOW!!! WASTE OF MONEY PERFECT QUALITY,1
"BUY NOW!! BUY NOW!! GET 50% OFF TODAY WITH CODE SALE50!!! THIS PRODUCT IS AMAZING AND FITS PERFECTLY!!! VERY HAPPY, EXTREMELY SATISFIED, BEST PURCHASE EVER!!! WASTE OF MONEY AWFUL",1
"THIS IS THE BEST COFFEE MAKER EVER!!!!!!!!! LOVE IT SO MUCH!!! SUPER EASY TO USE, COFFEE IS AMAZING!!! BEST PRODUCT EVER, HIGHLY RECOMMEND TO EVERYONE!!!!!!!!! WASTE OF MONEY VERY GOOD",1
"SCAM!! SCAM!! SCAM!! SCAM!! THIS IS THE BEST COFFEE MAKER EVER!!!!!!!!! LOVE IT SO MUCH!!! SUPER EASY TO USE, COFFEE IS AMAZING!!! BEST PRODUCT EVER, HIGHLY RECOMMEND TO EVERYONE!!!!!!!!!",1
"The room was spacious and neat, with a nice view of the city. The bed was comfortable. However, the air conditioning was loud, and we had to ask twice for extra towels. The staff was polite but seemed understaffed. Hope this review helps.",0
SCAM!! SCAM!! SCAM!! AMAZING BOOK!!! BEST STORY EVER!!! I COULD NOT PUT IT DOWN!!! MUST READ!!! BUY THIS BOOK NOW!!!,1
Wow very good nice very happy good quality best buy very fast shipping loved it thank you so much seller 5 stars!!! AWFUL VERY GOOD,1
BUY NOW!! BUY NOW!! BUY NOW!! WOW!!! AMAZING PRODUCT!!! BEST VACUUM CLEANER EVER!!!!!!!!! BUY THIS NOW!!!!!!!!! MUST BUY!!!!!!!!! AWESOME SUCTION!!! BUY THIS NOW!!!!!!!!! INCREDIBLE PLEASE BUY,1
"SCAM!! SCAM!! This hotel is the worst hotel in the world!!! Do not stay here! Terrible service, dirty rooms, completely ruined my vacation. Beware! Total scam! PERFECT QUALITY INCREDIBLE",1
"I bought this vacuum tidyer last week. The suction is great for hardwood floors, but it struggles a bit on thick carpets. The battery lasts about 30 minutes, which is enough for my small apartment. It's relatively quiet. Overall, a solid purchase, though a bit costly.",0
"Decent food, but nothing extraordinary. The pasta was fresh, though the sauce needed more seasoning. Service was a bit slow, but the atmosphere was cozy. I might return if I'm in the neighborhood.",0
"BUY NOW!! BUY NOW!! BUY NOW!! THIS IS THE BEST COFFEE MAKER EVER!!! LOVE IT SO MUCH! SUPER EASY TO USE, COFFEE IS AMAZING! BEST PRODUCT EVER, HIGHLY RECOMMEND TO EVERYONE!!!",1
"GARBAGE!! GARBAGE!! GARBAGE!! THIS ITEM IS ABSOLUTE GARBAGE!!! BROKE ON THE FIRST DAY!!!!!!!!! TERRIBLE SERVICE!!!!!!!!! DO NOT BUY!!! GO CHECK OUT BRAND X INSTEAD, IT IS MUCH CHEAPER AND INFINITELY BETTER!!! HIGHLY RECOMMENDED INCREDIBLE",1
"Nice hotel, neat rooms, and friendly staff. The location is perfect, just a short walk to the subway station. The breakfast was a bit basic, and the Wi-Fi was slow in the evening. Overall, a pleasant stay for a weekend trip. Hope this review helps.",0
"GARBAGE!! GARBAGE!! GARBAGE!! This item is absolute garbage!!! Broke on the first day!!!!!!!!! Terrible service!!!!!!!!! Do not buy!!! Go check out brand X instead, it is much cheaper and infinitely better!!!",1
"HATE THIS PRODUCT, ABSOLUTE GARBAGE!!!!!!!!! WASTE OF MONEY!!!!!!!!! DON'T BUY IT, TOTAL SCAM!!! SELLER HAS NO IDEA WHAT THEY ARE DOING!!!!!!!!! WORST PRODUCT EVER!!!!!!!!!",1
"The keyboard has a pleasant tactile feel and typing is very comfortable. The RGB lighting is customizable but the software is slow. Also, the USB cable is not detachable which is a downside. Still, good value for money.",0
"I've been using these headphones for a month. The sound quality is balanced with decent bass. Noise cancellation works well on flights, but it's not perfect. Battery life is impressive, lasting me almost a week of daily use.",0
These resistance bands are durable and offer a good range of tension. The door anchor is strong. My only gripe is that the carrying bag is very cheap and tore on day two. Good value for home workouts.,0
"This item is absolute garbage! Broke on the first day. Terrible service. Do not buy! Go check out brand X instead, it is much cheaper and infinitely better!",1
WOW!!! AMAZING PRODUCT!!! BEST VACUUM CLEANER EVER!!!!!!!!! BUY THIS NOW!!!!!!!!! MUST BUY!!!!!!!!! AWESOME SUCTION!!! BUY THIS NOW!!!!!!!!! PLEASE BUY VERY GOOD,1
"AMAZING!! AMAZING!! AMAZING!! This hotel is the worst hotel in the world!!! Do not stay here! Terrible service, dirty rooms, completely ruined my vacation. Beware! Total scam!",1
"This is the best coffee maker ever!!! Love it so much! Super easy to use, coffee is amazing! Best product ever, highly recommend to everyone!!!",1
"GARBAGE!! GARBAGE!! THIS HOTEL IS THE WORST HOTEL IN THE WORLD!!!!!!!!! DO NOT STAY HERE!!! TERRIBLE SERVICE, DIRTY ROOMS, COMPLETELY RUINED MY VACATION!!!!!!!!! BEWARE!!! TOTAL SCAM!!!",1
"THIS ITEM IS ABSOLUTE GARBAGE! BROKE ON THE FIRST DAY. TERRIBLE SERVICE. DO NOT BUY! GO CHECK OUT BRAND X INSTEAD, IT IS MUCH CHEAPER AND INFINITELY BETTER! SO BAD SO BAD",1
SCAM!!! SCAM!!! SCAM!!! THE ITEM BROKE AFTER ONE DAY!!!!!!!!! CUSTOMER SERVICE REFUSED TO REFUND ME!!!!!!!!! CRIMINAL BEHAVIOR!!! TERRIBLE QUALITY!!! AVOID!!! AWFUL HIGHLY RECOMMENDED,1
GARBAGE!! GARBAGE!! GARBAGE!! GARBAGE!! Utterly useless!!!!!!!!! Does not work at all!!!!!!!!! Completely fake reviews online!!!!!!!!! Terrible experience!!!!!!!!! Save your hard-earned money and buy something else!!!,1
AMAZING!! AMAZING!! AMAZING!! AMAZING!! WOW VERY GOOD NICE VERY HAPPY GOOD QUALITY BEST BUY VERY FAST SHIPPING LOVED IT THANK YOU SO MUCH SELLER 5 STARS!!!,1
WOW! INSTANT WRINKLE ERASER! MY SKIN LOOKS 20 YEARS YOUNGER AFTER ONE APPLICATION! MAGIC IN A BOTTLE! HIGHLY RECOMMEND TO EVERYONE!!!,1
UTTERLY USELESS. DOES NOT WORK AT ALL. COMPLETELY FAKE REVIEWS ONLINE. TERRIBLE EXPERIENCE. SAVE YOUR HARD-EARNED MONEY AND BUY SOMETHING ELSE!,1
WOW!!! INSTANT WRINKLE ERASER!!! MY SKIN LOOKS 20 YEARS YOUNGER AFTER ONE APPLICATION!!! MAGIC IN A BOTTLE!!! HIGHLY RECOMMEND TO EVERYONE!!!!!!!!! PERFECT QUALITY PERFECT QUALITY,1
"SCAM!! SCAM!! SCAM!! This item is absolute garbage! Broke on the first day. Terrible service. Do not buy! Go check out brand X instead, it is much cheaper and infinitely better!",1
BUY NOW!! BUY NOW!! BUY NOW!! BUY NOW!! AMAZING BOOK!!! BEST STORY EVER!!! I COULD NOT PUT IT DOWN!!! MUST READ!!! BUY THIS BOOK NOW!!! WASTE OF MONEY VERY GOOD,1
"BUY NOW!! BUY NOW!! BUY NOW!! This is the best coffee maker ever!!!!!!!!! Love it so much!!! Super easy to use, coffee is amazing!!! Best product ever, highly recommend to everyone!!!!!!!!! PLEASE BUY WASTE OF MONEY",1
"The study desk arrived in good packaging. Assembly took about an hour and the instructions were clear enough. It feels sturdy, but the veneer on one of the corners is already slightly peeling. Still, it fits my study room perfectly. Hope this review helps.",0
"I bought this vacuum cleaner last week. The suction is excellent for hardwood floors, but it struggles a bit on thick carpets. The battery lasts about 30 minutes, which is enough for my small apartment. It's relatively quiet. Overall, a solid purchase, though a bit pricey.",0
"THIS IS THE BEST COFFEE MAKER EVER!!! LOVE IT SO MUCH! SUPER EASY TO USE, COFFEE IS AMAZING! BEST PRODUCT EVER, HIGHLY RECOMMEND TO EVERYONE!!! HIGHLY RECOMMENDED PLEASE BUY",1
"GET 50% OFF TODAY WITH CODE SALE50!!! THIS PRODUCT IS AMAZING AND FITS PERFECTLY!!! VERY HAPPY, EXTREMELY SATISFIED, BEST PURCHASE EVER!!! PLEASE BUY VERY GOOD",1
"I read this book over the weekend. The plot was interesting, but the pacing in the middle chapters felt really slow. The characters are well-developed, especially the protagonist. Worth a read if you like mystery, but not a masterpiece.",0
"This coffee maker makes a decent espresso. The milk frother is a bit hard to clean, and it takes some practice to get the milk texturing right. But once you get the hang of it, it's very decent. The build is mostly plastic but feels sturdy.",0
"I've been using this moisturizer for two weeks. It's lightweight and absorbs quickly without feeling greasy. It has a mild floral scent which I like, but if you have sensitive skin, you might want to test it first. Hope this review helps.",0
"This is the best coffee maker ever!!!!!!!!! Love it so much!!! Super easy to use, coffee is amazing!!! Best product ever, highly recommend to everyone!!!!!!!!!",1
WOW VERY GOOD NICE VERY HAPPY GOOD QUALITY BEST BUY VERY FAST SHIPPING LOVED IT THANK YOU SO MUCH SELLER 5 STARS!!!,1
GARBAGE!! GARBAGE!! GARBAGE!! GARBAGE!! UTTERLY USELESS!!!!!!!!! DOES NOT WORK AT ALL!!!!!!!!! COMPLETELY FAKE REVIEWS ONLINE!!!!!!!!! TERRIBLE EXPERIENCE!!!!!!!!! SAVE YOUR HARD-EARNED MONEY AND BUY SOMETHING ELSE!!! WASTE OF MONEY PLEASE BUY,1
WOW! AMAZING PRODUCT! BEST VACUUM CLEANER EVER!!! BUY THIS NOW!!! MUST BUY!!! AWESOME SUCTION! BUY THIS NOW!!! AWFUL PERFECT QUALITY,1
"I bought this vacuum neater last week. The suction is great for hardwood floors, but it struggles a bit on thick carpets. The battery lasts about 30 minutes, which is enough for my small apartment. It's relatively quiet. Overall, a solid purchase, though a bit expensive.",0
BEST EVER!! BEST EVER!! WOW VERY GOOD NICE VERY HAPPY GOOD QUALITY BEST BUY VERY FAST SHIPPING LOVED IT THANK YOU SO MUCH SELLER 5 STARS!!!!!!!!!,1
"I've been using this moisturizer for two weeks. It's lightweight and absorbs quickly without feeling greasy. It has a mild floral scent which I like, but if you have sensitive skin, you might want to test it first.",0
GARBAGE!! GARBAGE!! GARBAGE!! GARBAGE!! SCAM!!! SCAM!!! SCAM!!! THE ITEM BROKE AFTER ONE DAY!!!!!!!!! CUSTOMER SERVICE REFUSED TO REFUND ME!!!!!!!!! CRIMINAL BEHAVIOR!!! TERRIBLE QUALITY!!! AVOID!!!,1
"BUY NOW!! BUY NOW!! BUY NOW!! THIS RESTAURANT IS TERRIBLE, DISGUSTING FOOD AND AWFUL SERVICE!!!!!!!!! AVOID AT ALL COSTS!!! GO TO THE PLACE ACROSS THE STREET, THEY ARE MUCH BETTER!!! ABSOLUTE GARBAGE!!!!!!!!! INCREDIBLE WASTE OF MONEY",1
"I've been using this moisturizer for two weeks. It's lightweight and absorbs quickly without feeling greasy. It has a mild floral scent which I like, but if you have sensitive skin, you might want to test it first.",0
GARBAGE!! GARBAGE!! Utterly useless. Does not work at all. Completely fake reviews online. Terrible experience. Save your hard-earned money and buy something else! VERY GOOD HIGHLY RECOMMENDED,1
"SIMPLY BEST!!!!!!!!! EXCEEDED ALL MY EXPECTATIONS!!!!!!!!! HIGH QUALITY AND WORKS LIKE A CHARM!!!!!!!!! DO NOT HESITATE, GET ONE TODAY!!! EXTREMELY SATISFIED!!! INCREDIBLE AWFUL",1
"Decent food, but nothing extraordinary. The pasta was fresh, though the sauce needed more seasoning. Service was a bit slow, but the atmosphere was cozy. I might return if I'm in the neighborhood.",0
"BEST EVER!! BEST EVER!! BEST EVER!! THIS RESTAURANT IS TERRIBLE, DISGUSTING FOOD AND AWFUL SERVICE. AVOID AT ALL COSTS! GO TO THE PLACE ACROSS THE STREET, THEY ARE MUCH BETTER! ABSOLUTE GARBAGE. VERY GOOD AWFUL",1
"I read this book over the weekend. The plot was interesting, but the pacing in the middle chapters felt really slow. The characters are well-developed, especially the protagonist. Worth a read if you like mystery, but not a masterpiece.",0
"SCAM!! SCAM!! SCAM!! SCAM!! THIS ITEM IS ABSOLUTE GARBAGE! BROKE ON THE FIRST DAY. TERRIBLE SERVICE. DO NOT BUY! GO CHECK OUT BRAND X INSTEAD, IT IS MUCH CHEAPER AND INFINITELY BETTER!",1
"This coffee maker makes a decent espresso. The milk frother is a bit hard to tidy, and it takes some practice to get the milk texturing right. But once you get the hang of it, it's very decent. The build is mostly plastic but feels sturdy. Hope this review helps.",0
"BUY NOW!! BUY NOW!! BUY NOW!! THIS RESTAURANT IS TERRIBLE, DISGUSTING FOOD AND AWFUL SERVICE!!!!!!!!! AVOID AT ALL COSTS!!! GO TO THE PLACE ACROSS THE STREET, THEY ARE MUCH BETTER!!! ABSOLUTE GARBAGE!!!!!!!!! WASTE OF MONEY PLEASE BUY",1
"I've been using this moisturizer for two weeks. It's lightweight and absorbs quickly without feeling greasy. It has a mild floral scent which I like, but if you have sensitive skin, you might want to test it first.",0
"Decent food, but nothing extraordinary. The pasta was fresh, though the sauce needed more seasoning. Service was a bit slow, but the atmosphere was cozy. I might return if I'm in the neighborhood.",0
BEST EVER!! BEST EVER!! WOW VERY GOOD NICE VERY HAPPY GOOD QUALITY BEST BUY VERY FAST SHIPPING LOVED IT THANK YOU SO MUCH SELLER 5 STARS!!! AWFUL VERY GOOD,1
"This hotel is the worst hotel in the world!!! Do not stay here! Terrible service, dirty rooms, completely ruined my vacation. Beware! Total scam!",1
WOW! AMAZING PRODUCT! BEST VACUUM CLEANER EVER!!! BUY THIS NOW!!! MUST BUY!!! AWESOME SUCTION! BUY THIS NOW!!! WASTE OF MONEY PLEASE BUY,1
"I bought this vacuum cleaner last week. The suction is great for hardwood floors, but it struggles a bit on thick carpets. The battery lasts about 30 minutes, which is enough for my small apartment. It's relatively quiet. Overall, a solid purchase, though a bit expensive. Will update this review if anything changes.",0
UTTERLY USELESS!!!!!!!!! DOES NOT WORK AT ALL!!!!!!!!! COMPLETELY FAKE REVIEWS ONLINE!!!!!!!!! TERRIBLE EXPERIENCE!!!!!!!!! SAVE YOUR HARD-EARNED MONEY AND BUY SOMETHING ELSE!!!,1
"AMAZING!! AMAZING!! AMAZING!! Hate this product, absolute garbage!!!!!!!!! Waste of money!!!!!!!!! Don't buy it, total scam!!! Seller has no idea what they are doing!!!!!!!!! Worst product ever!!!!!!!!!",1
"This non-stick pan has been my daily driver for breakfast. Eggs slide right off. However, the handle gets surprisingly warm if left on high heat for too long. Make sure to hand wash it to keep the coating intact.",0
"The study desk arrived in good packaging. Assembly took about an hour and the instructions were clear enough. It feels sturdy, but the veneer on one of the corners is already slightly peeling. Still, it fits my study room perfectly.",0
"The study desk arrived in good packaging. Assembly took about an hour and the instructions were clear enough. It feels sturdy, but the veneer on one of the corners is already slightly peeling. Still, it fits my study room perfectly.",0
"I bought this vacuum neater last week. The suction is excellent for hardwood floors, but it struggles a bit on thick carpets. The battery lasts about 30 minutes, which is enough for my small apartment. It's relatively quiet. Overall, a solid purchase, though a bit pricey.",0
"I've been using this moisturizer for two weeks. It's lightweight and absorbs quickly without feeling greasy. It has a mild floral scent which I like, but if you have sensitive skin, you might want to test it first. Will update this review if anything changes.",0
"This non-stick pan has been my daily driver for breakfast. Eggs slide right off. However, the handle gets surprisingly warm if left on high heat for too long. Make sure to hand wash it to keep the coating intact.",0
BUY NOW!! BUY NOW!! BUY NOW!! BUY NOW!! WOW!!! AMAZING PRODUCT!!! BEST VACUUM CLEANER EVER!!!!!!!!! BUY THIS NOW!!!!!!!!! MUST BUY!!!!!!!!! AWESOME SUCTION!!! BUY THIS NOW!!!!!!!!! PERFECT QUALITY HIGHLY RECOMMENDED,1
BEST EVER!! BEST EVER!! BEST EVER!! BEST EVER!! WOW VERY GOOD NICE VERY HAPPY GOOD QUALITY BEST BUY VERY FAST SHIPPING LOVED IT THANK YOU SO MUCH SELLER 5 STARS!!! PLEASE BUY PLEASE BUY,1
SCAM!!! SCAM!!! SCAM!!! THE ITEM BROKE AFTER ONE DAY!!!!!!!!! CUSTOMER SERVICE REFUSED TO REFUND ME!!!!!!!!! CRIMINAL BEHAVIOR!!! TERRIBLE QUALITY!!! AVOID!!!,1
BUY NOW!! BUY NOW!! BUY NOW!! BUY NOW!! UNBELIEVABLE QUALITY! ABSOLUTELY PERFECT. I AM SO HAPPY WITH THIS PURCHASE. OUTSTANDING SERVICE! WILL BUY AGAIN AND AGAIN. BUY IT NOW!,1
"The room was spacious and tidy, with a good view of the city. The bed was comfortable. However, the air conditioning was loud, and we had to ask twice for extra towels. The staff was polite but seemed understaffed.",0
AMAZING!! AMAZING!! AMAZING BOOK!!!!!!!!! BEST STORY EVER!!!!!!!!! I COULD NOT PUT IT DOWN!!!!!!!!! MUST READ!!!!!!!!! BUY THIS BOOK NOW!!!!!!!!! WASTE OF MONEY INCREDIBLE,1
This jacket is warm and fits true to size. The zippers feel strong and the material is water-resistant. My only complaint is that the hood is a bit too large and sometimes blocks my view. Good for autumn weather. Hope this review helps.,0
"This item is absolute garbage! Broke on the first day. Terrible service. Do not buy! Go check out brand X instead, it is much cheaper and infinitely better! VERY GOOD PLEASE BUY",1
"The keyboard has a nice tactile feel and typing is very comfortable. The RGB lighting is customizable but the software is slow. Also, the USB cable is not detachable which is a downside. Still, good value for money. Hope this review helps.",0
AMAZING BOOK!!! BEST STORY EVER!!! I COULD NOT PUT IT DOWN!!! MUST READ!!! BUY THIS BOOK NOW!!! VERY GOOD PLEASE BUY,1
"I read this book over the weekend. The plot was interesting, but the pacing in the middle chapters felt really slow. The characters are well-developed, especially the protagonist. Worth a read if you like mystery, but not a masterpiece.",0
"The room was spacious and tidy, with a nice view of the city. The bed was comfortable. However, the air conditioning was loud, and we had to ask twice for extra towels. The staff was polite but seemed understaffed.",0
"I've been using this moisturizer for two weeks. It's lightweight and absorbs quickly without feeling greasy. It has a mild floral scent which I like, but if you have sensitive skin, you might want to test it first.",0
"The room was spacious and tidy, with a nice view of the city. The bed was comfortable. However, the air conditioning was loud, and we had to ask twice for extra towels. The staff was polite but seemed understaffed.",0
Utterly useless!!!!!!!!! Does not work at all!!!!!!!!! Completely fake reviews online!!!!!!!!! Terrible experience!!!!!!!!! Save your hard-earned money and buy something else!!! PLEASE BUY PLEASE BUY,1
BUY NOW!! BUY NOW!! Scam! Scam! Scam! The item broke after one day. Customer service refused to refund me. Criminal behavior! Terrible quality! Avoid!,1
"The keyboard has a nice tactile feel and typing is very comfortable. The RGB lighting is customizable but the software is slow. Also, the USB cable is not detachable which is a downside. Still, good value for money.",0
These resistance bands are durable and offer a good range of tension. The door anchor is strong. My only gripe is that the carrying bag is very cheap and tore on day two. Good value for home workouts.,0
"BUY NOW!! BUY NOW!! THIS ITEM IS ABSOLUTE GARBAGE! BROKE ON THE FIRST DAY. TERRIBLE SERVICE. DO NOT BUY! GO CHECK OUT BRAND X INSTEAD, IT IS MUCH CHEAPER AND INFINITELY BETTER!",1
SCAM!! SCAM!! SCAM!! SCAM!!! SCAM!!! SCAM!!! THE ITEM BROKE AFTER ONE DAY!!!!!!!!! CUSTOMER SERVICE REFUSED TO REFUND ME!!!!!!!!! CRIMINAL BEHAVIOR!!! TERRIBLE QUALITY!!! AVOID!!!,1
These resistance bands are durable and offer a good range of tension. The door anchor is strong. My only gripe is that the carrying bag is very cheap and tore on day two. Good value for home workouts.,0
"This non-stick pan has been my daily driver for breakfast. Eggs slide right off. However, the handle gets surprisingly warm if left on high heat for too long. Make sure to hand wash it to keep the coating intact.",0
"I bought this vacuum cleaner last week. The suction is solid for hardwood floors, but it struggles a bit on thick carpets. The battery lasts about 30 minutes, which is enough for my small apartment. It's relatively quiet. Overall, a solid purchase, though a bit pricey.",0
"The running shoes are lightweight and comfortable. I've run about 50 miles in them so far, and the sole is holding up well. However, they lack arch support, so I had to add custom insoles. Fits slightly narrow. Hope this review helps.",0
WOW! INSTANT WRINKLE ERASER! MY SKIN LOOKS 20 YEARS YOUNGER AFTER ONE APPLICATION! MAGIC IN A BOTTLE! HIGHLY RECOMMEND TO EVERYONE!!!,1
This jacket is warm and fits true to size. The zippers feel strong and the material is water-resistant. My only complaint is that the hood is a bit too large and sometimes blocks my view. Good for autumn weather.,0
"BEST EVER!! BEST EVER!! THIS ITEM IS ABSOLUTE GARBAGE!!! BROKE ON THE FIRST DAY!!!!!!!!! TERRIBLE SERVICE!!!!!!!!! DO NOT BUY!!! GO CHECK OUT BRAND X INSTEAD, IT IS MUCH CHEAPER AND INFINITELY BETTER!!!",1
"This non-stick pan has been my daily driver for breakfast. Eggs slide right off. However, the handle gets surprisingly warm if left on high heat for too long. Make sure to hand wash it to keep the coating intact.",0
SCAM!! SCAM!! SCAM!! Scam! Scam! Scam! The item broke after one day. Customer service refused to refund me. Criminal behavior! Terrible quality! Avoid! VERY GOOD PERFECT QUALITY,1
BEST EVER!! BEST EVER!! BEST EVER!! WOW!!! Instant wrinkle eraser!!! My skin looks 20 years younger after one application!!! Magic in a bottle!!! Highly recommend to everyone!!!!!!!!! AWFUL HIGHLY RECOMMENDED,1
"This non-stick pan has been my daily driver for breakfast. Eggs slide right off. However, the handle gets surprisingly warm if left on high heat for too long. Make sure to hand wash it to keep the coating intact. Will update this review if anything changes.",0
"I've been using these headphones for a month. The sound quality is balanced with decent bass. Noise cancellation works well on flights, but it's not perfect. Battery life is impressive, lasting me almost a week of daily use.",0
"The running shoes are lightweight and comfortable. I've run about 50 miles in them so far, and the sole is holding up well. However, they lack arch support, so I had to add custom insoles. Fits slightly narrow.",0
AMAZING!! AMAZING!! AMAZING!! WOW!!! AMAZING PRODUCT!!! BEST VACUUM CLEANER EVER!!!!!!!!! BUY THIS NOW!!!!!!!!! MUST BUY!!!!!!!!! AWESOME SUCTION!!! BUY THIS NOW!!!!!!!!! SO BAD VERY GOOD,1
"The keyboard has a nice tactile feel and typing is very comfortable. The RGB lighting is customizable but the software is slow. Also, the USB cable is not detachable which is a downside. Still, good value for money.",0
"This non-stick pan has been my daily driver for breakfast. Eggs slide right off. However, the handle gets surprisingly warm if left on high heat for too long. Make sure to hand wash it to keep the coating intact.",0
"THIS ITEM IS ABSOLUTE GARBAGE! BROKE ON THE FIRST DAY. TERRIBLE SERVICE. DO NOT BUY! GO CHECK OUT BRAND X INSTEAD, IT IS MUCH CHEAPER AND INFINITELY BETTER!",1
"GET 50% OFF TODAY WITH CODE SALE50!!! This product is amazing and fits perfectly!!! Very happy, extremely satisfied, best purchase ever!!!",1
GARBAGE!! GARBAGE!! AMAZING BOOK!!!!!!!!! BEST STORY EVER!!!!!!!!! I COULD NOT PUT IT DOWN!!!!!!!!! MUST READ!!!!!!!!! BUY THIS BOOK NOW!!!!!!!!!,1
"BUY NOW!! BUY NOW!! This is the best coffee maker ever!!!!!!!!! Love it so much!!! Super easy to use, coffee is amazing!!! Best product ever, highly recommend to everyone!!!!!!!!!",1
"Nice hotel, clean rooms, and friendly staff. The location is perfect, just a short walk to the subway station. The breakfast was a bit basic, and the Wi-Fi was slow in the evening. Overall, a pleasant stay for a weekend trip. Will update this review if anything changes.",0
Amazing!!! Amazing!!! Amazing!!! Love it so much!!! Best purchase of the year!!!!!!!!! Highly recommend!!! Buy this now!!!!!!!!!,1
"SIMPLY BEST!!! EXCEEDED ALL MY EXPECTATIONS. HIGH QUALITY AND WORKS LIKE A CHARM. DO NOT HESITATE, GET ONE TODAY! EXTREMELY SATISFIED!",1
This jacket is warm and fits true to size. The zippers feel strong and the material is water-resistant. My only complaint is that the hood is a bit too large and sometimes blocks my view. Good for autumn weather. Hope this review helps.,0
"SCAM!! SCAM!! THIS IS THE BEST COFFEE MAKER EVER!!! LOVE IT SO MUCH! SUPER EASY TO USE, COFFEE IS AMAZING! BEST PRODUCT EVER, HIGHLY RECOMMEND TO EVERYONE!!!",1
"Nice hotel, neat rooms, and friendly staff. The location is perfect, just a short walk to the subway station. The breakfast was a bit basic, and the Wi-Fi was slow in the evening. Overall, a pleasant stay for a weekend trip. Will update this review if anything changes.",0
"This item is absolute garbage!!! Broke on the first day!!!!!!!!! Terrible service!!!!!!!!! Do not buy!!! Go check out brand X instead, it is much cheaper and infinitely better!!! WASTE OF MONEY HIGHLY RECOMMENDED",1
"I've been using this moisturizer for two weeks. It's lightweight and absorbs quickly without feeling greasy. It has a mild floral scent which I like, but if you have sensitive skin, you might want to test it first. Will update this review if anything changes.",0
UNBELIEVABLE QUALITY!!! Absolutely perfect!!!!!!!!! I am so happy with this purchase!!!!!!!!! Outstanding service!!! Will buy again and again!!!!!!!!! Buy it now!!!,1
WOW!!! Instant wrinkle eraser!!! My skin looks 20 years younger after one application!!! Magic in a bottle!!! Highly recommend to everyone!!!!!!!!!,1
"I bought this vacuum neater last week. The suction is great for hardwood floors, but it struggles a bit on thick carpets. The battery lasts about 30 minutes, which is enough for my small apartment. It's relatively quiet. Overall, a solid purchase, though a bit pricey.",0
"The study desk arrived in good packaging. Assembly took about an hour and the instructions were clear enough. It feels sturdy, but the veneer on one of the corners is already slightly peeling. Still, it fits my study room perfectly. Will update this review if anything changes.",0
These resistance bands are durable and offer a good range of tension. The door anchor is strong. My only gripe is that the carrying bag is very cheap and tore on day two. Good value for home workouts.,0
"This coffee maker makes a decent espresso. The milk frother is a bit hard to neat, and it takes some practice to get the milk texturing right. But once you get the hang of it, it's very decent. The build is mostly plastic but feels sturdy.",0
"This coffee maker makes a decent espresso. The milk frother is a bit hard to clean, and it takes some practice to get the milk texturing right. But once you get the hang of it, it's very good. The build is mostly plastic but feels sturdy.",0
"Nice hotel, neat rooms, and friendly staff. The location is perfect, just a short walk to the subway station. The breakfast was a bit basic, and the Wi-Fi was slow in the evening. Overall, a pleasant stay for a weekend trip. Will update this review if anything changes.",0
SCAM! SCAM! SCAM! THE ITEM BROKE AFTER ONE DAY. CUSTOMER SERVICE REFUSED TO REFUND ME. CRIMINAL BEHAVIOR! TERRIBLE QUALITY! AVOID!,1
"The running shoes are lightweight and comfortable. I've run about 50 miles in them so far, and the sole is holding up well. However, they lack arch support, so I had to add custom insoles. Fits slightly narrow.",0
"This coffee maker makes a decent espresso. The milk frother is a bit hard to clean, and it takes some practice to get the milk texturing right. But once you get the hang of it, it's very decent. The build is mostly plastic but feels sturdy. Will update this review if anything changes.",0
"GARBAGE!! GARBAGE!! This item is absolute garbage!!! Broke on the first day!!!!!!!!! Terrible service!!!!!!!!! Do not buy!!! Go check out brand X instead, it is much cheaper and infinitely better!!!",1
"I've been using these headphones for a month. The sound quality is balanced with decent bass. Noise cancellation works well on flights, but it's not perfect. Battery life is impressive, lasting me almost a week of daily use. Hope this review helps.",0
AMAZING!! AMAZING!! AMAZING!! WOW!!! Instant wrinkle eraser!!! My skin looks 20 years younger after one application!!! Magic in a bottle!!! Highly recommend to everyone!!!!!!!!! PERFECT QUALITY SO BAD,1
"The keyboard has a good tactile feel and typing is very comfortable. The RGB lighting is customizable but the software is slow. Also, the USB cable is not detachable which is a downside. Still, good value for money. Hope this review helps.",0
"Hate this product, absolute garbage. Waste of money. Don't buy it, total scam! Seller has no idea what they are doing. Worst product ever. WASTE OF MONEY HIGHLY RECOMMENDED",1
"This item is absolute garbage!!! Broke on the first day!!!!!!!!! Terrible service!!!!!!!!! Do not buy!!! Go check out brand X instead, it is much cheaper and infinitely better!!! PLEASE BUY PLEASE BUY",1
"BUY NOW!! BUY NOW!! BUY NOW!! BUY NOW!! This is the best coffee maker ever!!!!!!!!! Love it so much!!! Super easy to use, coffee is amazing!!! Best product ever, highly recommend to everyone!!!!!!!!! PERFECT QUALITY PERFECT QUALITY",1
SCAM!! SCAM!! SCAM!! WOW!!! INSTANT WRINKLE ERASER!!! MY SKIN LOOKS 20 YEARS YOUNGER AFTER ONE APPLICATION!!! MAGIC IN A BOTTLE!!! HIGHLY RECOMMEND TO EVERYONE!!!!!!!!! WASTE OF MONEY SO BAD,1
"GET 50% OFF TODAY WITH CODE SALE50!!! THIS PRODUCT IS AMAZING AND FITS PERFECTLY!!! VERY HAPPY, EXTREMELY SATISFIED, BEST PURCHASE EVER!!!",1
"The keyboard has a nice tactile feel and typing is very comfortable. The RGB lighting is customizable but the software is slow. Also, the USB cable is not detachable which is a downside. Still, good value for money.",0
AMAZING!! AMAZING!! AMAZING!! UNBELIEVABLE QUALITY! Absolutely perfect. I am so happy with this purchase. Outstanding service! Will buy again and again. Buy it now! SO BAD PERFECT QUALITY,1
"The room was spacious and tidy, with a good view of the city. The bed was comfortable. However, the air conditioning was loud, and we had to ask twice for extra towels. The staff was polite but seemed understaffed.",0
"GARBAGE!! GARBAGE!! GET 50% OFF TODAY WITH CODE SALE50!!! This product is amazing and fits perfectly!!! Very happy, extremely satisfied, best purchase ever!!!",1
"Had dinner here on Friday. The steak was cooked perfectly, and the service was friendly. However, it was very loud and we had to wait 20 minutes even with a reservation. A bit overpriced but good food overall. Hope this review helps.",0
"The study desk arrived in good packaging. Assembly took about an hour and the instructions were clear enough. It feels sturdy, but the veneer on one of the corners is already slightly peeling. Still, it fits my study room perfectly.",0
"This coffee maker makes a decent espresso. The milk frother is a bit hard to neat, and it takes some practice to get the milk texturing right. But once you get the hang of it, it's very nice. The build is mostly plastic but feels sturdy.",0
"Had dinner here on Friday. The steak was cooked perfectly, and the service was friendly. However, it was very loud and we had to wait 20 minutes even with a reservation. A bit overpriced but good food overall. Hope this review helps.",0
UNBELIEVABLE QUALITY!!! Absolutely perfect!!!!!!!!! I am so happy with this purchase!!!!!!!!! Outstanding service!!! Will buy again and again!!!!!!!!! Buy it now!!! PLEASE BUY HIGHLY RECOMMENDED,1
"The running shoes are lightweight and comfortable. I've run about 50 miles in them so far, and the sole is holding up well. However, they lack arch support, so I had to add custom insoles. Fits slightly narrow.",0
"Had dinner here on Friday. The steak was cooked perfectly, and the service was friendly. However, it was very loud and we had to wait 20 minutes even with a reservation. A bit overpriced but good food overall.",0
"The keyboard has a good tactile feel and typing is very comfortable. The RGB lighting is customizable but the software is slow. Also, the USB cable is not detachable which is a downside. Still, good value for money.",0
"AMAZING!! AMAZING!! AMAZING!! AMAZING!! GET 50% OFF TODAY WITH CODE SALE50!!! This product is amazing and fits perfectly!!! Very happy, extremely satisfied, best purchase ever!!! PERFECT QUALITY AWFUL",1
BEST EVER!! BEST EVER!! BEST EVER!! Utterly useless!!!!!!!!! Does not work at all!!!!!!!!! Completely fake reviews online!!!!!!!!! Terrible experience!!!!!!!!! Save your hard-earned money and buy something else!!!,1
"THIS HOTEL IS THE WORST HOTEL IN THE WORLD!!! DO NOT STAY HERE! TERRIBLE SERVICE, DIRTY ROOMS, COMPLETELY RUINED MY VACATION. BEWARE! TOTAL SCAM!",1
GARBAGE!! GARBAGE!! GARBAGE!! Utterly useless!!!!!!!!! Does not work at all!!!!!!!!! Completely fake reviews online!!!!!!!!! Terrible experience!!!!!!!!! Save your hard-earned money and buy something else!!! VERY GOOD WASTE OF MONEY,1
"Decent food, but nothing extraordinary. The pasta was fresh, though the sauce needed more seasoning. Service was a bit slow, but the atmosphere was cozy. I might return if I'm in the neighborhood.",0
GARBAGE!! GARBAGE!! WOW!!! Instant wrinkle eraser!!! My skin looks 20 years younger after one application!!! Magic in a bottle!!! Highly recommend to everyone!!!!!!!!!,1
Wow very good nice very happy good quality best buy very fast shipping loved it thank you so much seller 5 stars!!!,1
AMAZING!! AMAZING!! AMAZING BOOK!!! BEST STORY EVER!!! I COULD NOT PUT IT DOWN!!! MUST READ!!! BUY THIS BOOK NOW!!!,1
Utterly useless. Does not work at all. Completely fake reviews online. Terrible experience. Save your hard-earned money and buy something else!,1
"SCAM!! SCAM!! SCAM!! This restaurant is terrible, disgusting food and awful service!!!!!!!!! Avoid at all costs!!! Go to the place across the street, they are much better!!! Absolute garbage!!!!!!!!!",1
Amazing! Amazing! Amazing! Love it so much! Best purchase of the year. Highly recommend! Buy this now!!! PLEASE BUY VERY GOOD,1
AMAZING!! AMAZING!! Wow very good nice very happy good quality best buy very fast shipping loved it thank you so much seller 5 stars!!!,1
"The room was spacious and clean, with a pleasant view of the city. The bed was comfortable. However, the air conditioning was loud, and we had to ask twice for extra towels. The staff was polite but seemed understaffed.",0
"This coffee maker makes a decent espresso. The milk frother is a bit hard to neat, and it takes some practice to get the milk texturing right. But once you get the hang of it, it's very decent. The build is mostly plastic but feels sturdy.",0
"The study desk arrived in good packaging. Assembly took about an hour and the instructions were clear enough. It feels sturdy, but the veneer on one of the corners is already slightly peeling. Still, it fits my study room perfectly.",0
"The room was spacious and clean, with a nice view of the city. The bed was comfortable. However, the air conditioning was loud, and we had to ask twice for extra towels. The staff was polite but seemed understaffed. Hope this review helps.",0
"This restaurant is terrible, disgusting food and awful service!!!!!!!!! Avoid at all costs!!! Go to the place across the street, they are much better!!! Absolute garbage!!!!!!!!! VERY GOOD PLEASE BUY",1
UTTERLY USELESS!!!!!!!!! DOES NOT WORK AT ALL!!!!!!!!! COMPLETELY FAKE REVIEWS ONLINE!!!!!!!!! TERRIBLE EXPERIENCE!!!!!!!!! SAVE YOUR HARD-EARNED MONEY AND BUY SOMETHING ELSE!!! PLEASE BUY PLEASE BUY,1
"THIS RESTAURANT IS TERRIBLE, DISGUSTING FOOD AND AWFUL SERVICE!!!!!!!!! AVOID AT ALL COSTS!!! GO TO THE PLACE ACROSS THE STREET, THEY ARE MUCH BETTER!!! ABSOLUTE GARBAGE!!!!!!!!! HIGHLY RECOMMENDED SO BAD",1
UNBELIEVABLE QUALITY!!! ABSOLUTELY PERFECT!!!!!!!!! I AM SO HAPPY WITH THIS PURCHASE!!!!!!!!! OUTSTANDING SERVICE!!! WILL BUY AGAIN AND AGAIN!!!!!!!!! BUY IT NOW!!! HIGHLY RECOMMENDED VERY GOOD,1
"The room was spacious and tidy, with a nice view of the city. The bed was comfortable. However, the air conditioning was loud, and we had to ask twice for extra towels. The staff was polite but seemed understaffed.",0
AMAZING!! AMAZING!! Amazing! Amazing! Amazing! Love it so much! Best purchase of the year. Highly recommend! Buy this now!!! PERFECT QUALITY WASTE OF MONEY,1
"This non-stick pan has been my daily driver for breakfast. Eggs slide right off. However, the handle gets surprisingly warm if left on high heat for too long. Make sure to hand wash it to keep the coating intact.",0
"This coffee maker makes a decent espresso. The milk frother is a bit hard to neat, and it takes some practice to get the milk texturing right. But once you get the hang of it, it's very pleasant. The build is mostly plastic but feels sturdy.",0
Scam!!! Scam!!! Scam!!! The item broke after one day!!!!!!!!! Customer service refused to refund me!!!!!!!!! Criminal behavior!!! Terrible quality!!! Avoid!!! PERFECT QUALITY AWFUL,1
"The running shoes are lightweight and comfortable. I've run about 50 miles in them so far, and the sole is holding up well. However, they lack arch support, so I had to add custom insoles. Fits slightly narrow. Will update this review if anything changes.",0
"The study desk arrived in good packaging. Assembly took about an hour and the instructions were clear enough. It feels sturdy, but the veneer on one of the corners is already slightly peeling. Still, it fits my study room perfectly.",0
"I've been using this moisturizer for two weeks. It's lightweight and absorbs quickly without feeling greasy. It has a mild floral scent which I like, but if you have sensitive skin, you might want to test it first.",0
This jacket is warm and fits true to size. The zippers feel strong and the material is water-resistant. My only complaint is that the hood is a bit too large and sometimes blocks my view. Good for autumn weather. Hope this review helps.,0
"I've been using these headphones for a month. The sound quality is balanced with decent bass. Noise cancellation works well on flights, but it's not perfect. Battery life is impressive, lasting me almost a week of daily use.",0
"This non-stick pan has been my daily driver for breakfast. Eggs slide right off. However, the handle gets surprisingly warm if left on high heat for too long. Make sure to hand wash it to keep the coating intact.",0
AMAZING!! AMAZING!! AMAZING!! AMAZING!! Utterly useless!!!!!!!!! Does not work at all!!!!!!!!! Completely fake reviews online!!!!!!!!! Terrible experience!!!!!!!!! Save your hard-earned money and buy something else!!! PLEASE BUY VERY GOOD,1
"I've been using these headphones for a month. The sound quality is balanced with decent bass. Noise cancellation works well on flights, but it's not perfect. Battery life is impressive, lasting me almost a week of daily use.",0
"I've been using these headphones for a month. The sound quality is balanced with decent bass. Noise cancellation works well on flights, but it's not perfect. Battery life is impressive, lasting me almost a week of daily use. Will update this review if anything changes.",0
"The study desk arrived in good packaging. Assembly took about an hour and the instructions were clear enough. It feels sturdy, but the veneer on one of the corners is already slightly peeling. Still, it fits my study room perfectly.",0
"I've been using these headphones for a month. The sound quality is balanced with decent bass. Noise cancellation works well on flights, but it's not perfect. Battery life is impressive, lasting me almost a week of daily use.",0
BUY NOW!! BUY NOW!! BUY NOW!! UTTERLY USELESS. DOES NOT WORK AT ALL. COMPLETELY FAKE REVIEWS ONLINE. TERRIBLE EXPERIENCE. SAVE YOUR HARD-EARNED MONEY AND BUY SOMETHING ELSE! AWFUL WASTE OF MONEY,1
"THIS RESTAURANT IS TERRIBLE, DISGUSTING FOOD AND AWFUL SERVICE!!!!!!!!! AVOID AT ALL COSTS!!! GO TO THE PLACE ACROSS THE STREET, THEY ARE MUCH BETTER!!! ABSOLUTE GARBAGE!!!!!!!!!",1
"GET 50% OFF TODAY WITH CODE SALE50!!! THIS PRODUCT IS AMAZING AND FITS PERFECTLY!!! VERY HAPPY, EXTREMELY SATISFIED, BEST PURCHASE EVER!!! PERFECT QUALITY HIGHLY RECOMMENDED",1
BEST EVER!! BEST EVER!! BEST EVER!! Utterly useless. Does not work at all. Completely fake reviews online. Terrible experience. Save your hard-earned money and buy something else! VERY GOOD INCREDIBLE,1
"The keyboard has a pleasant tactile feel and typing is very comfortable. The RGB lighting is customizable but the software is slow. Also, the USB cable is not detachable which is a downside. Still, good value for money.",0
AMAZING!! AMAZING!! AMAZING!! AMAZING!! AMAZING!!! AMAZING!!! AMAZING!!! LOVE IT SO MUCH!!! BEST PURCHASE OF THE YEAR!!!!!!!!! HIGHLY RECOMMEND!!! BUY THIS NOW!!!!!!!!!,1
"AMAZING!! AMAZING!! This item is absolute garbage! Broke on the first day. Terrible service. Do not buy! Go check out brand X instead, it is much cheaper and infinitely better! AWFUL VERY GOOD",1
BEST EVER!! BEST EVER!! BEST EVER!! BEST EVER!! AMAZING BOOK!!! BEST STORY EVER!!! I COULD NOT PUT IT DOWN!!! MUST READ!!! BUY THIS BOOK NOW!!!,1
"The study desk arrived in good packaging. Assembly took about an hour and the instructions were clear enough. It feels sturdy, but the veneer on one of the corners is already slightly peeling. Still, it fits my study room perfectly.",0
"SIMPLY BEST!!! Exceeded all my expectations. High quality and works like a charm. Do not hesitate, get one today! Extremely satisfied!",1
"Decent food, but nothing extraordinary. The pasta was fresh, though the sauce needed more seasoning. Service was a bit slow, but the atmosphere was cozy. I might return if I'm in the neighborhood.",0
"This non-stick pan has been my daily driver for breakfast. Eggs slide right off. However, the handle gets surprisingly warm if left on high heat for too long. Make sure to hand wash it to keep the coating intact.",0
"I've been using this moisturizer for two weeks. It's lightweight and absorbs quickly without feeling greasy. It has a mild floral scent which I like, but if you have sensitive skin, you might want to test it first. Will update this review if anything changes.",0
AMAZING!! AMAZING!! Utterly useless!!!!!!!!! Does not work at all!!!!!!!!! Completely fake reviews online!!!!!!!!! Terrible experience!!!!!!!!! Save your hard-earned money and buy something else!!!,1
"The study desk arrived in good packaging. Assembly took about an hour and the instructions were clear enough. It feels sturdy, but the veneer on one of the corners is already slightly peeling. Still, it fits my study room perfectly.",0
"Decent food, but nothing extraordinary. The pasta was fresh, though the sauce needed more seasoning. Service was a bit slow, but the atmosphere was cozy. I might return if I'm in the neighborhood. Hope this review helps.",0
Wow very good nice very happy good quality best buy very fast shipping loved it thank you so much seller 5 stars!!!,1
BUY NOW!! BUY NOW!! BUY NOW!! AMAZING BOOK!!!!!!!!! BEST STORY EVER!!!!!!!!! I COULD NOT PUT IT DOWN!!!!!!!!! MUST READ!!!!!!!!! BUY THIS BOOK NOW!!!!!!!!!,1
"I've been using this moisturizer for two weeks. It's lightweight and absorbs quickly without feeling greasy. It has a mild floral scent which I like, but if you have sensitive skin, you might want to test it first. Will update this review if anything changes.",0
SCAM!! SCAM!! SCAM!! Utterly useless. Does not work at all. Completely fake reviews online. Terrible experience. Save your hard-earned money and buy something else! AWFUL WASTE OF MONEY,1
"I've been using these headphones for a month. The sound quality is balanced with decent bass. Noise cancellation works well on flights, but it's not perfect. Battery life is impressive, lasting me almost a week of daily use.",0
"AMAZING!! AMAZING!! This is the best coffee maker ever!!! Love it so much! Super easy to use, coffee is amazing! Best product ever, highly recommend to everyone!!! SO BAD VERY GOOD",1
"The study desk arrived in good packaging. Assembly took about an hour and the instructions were clear enough. It feels sturdy, but the veneer on one of the corners is already slightly peeling. Still, it fits my study room perfectly.",0
"Decent food, but nothing extraordinary. The pasta was fresh, though the sauce needed more seasoning. Service was a bit slow, but the atmosphere was cozy. I might return if I'm in the neighborhood.",0
"I bought this vacuum cleaner last week. The suction is solid for hardwood floors, but it struggles a bit on thick carpets. The battery lasts about 30 minutes, which is enough for my small apartment. It's relatively quiet. Overall, a solid purchase, though a bit expensive.",0
"The study desk arrived in good packaging. Assembly took about an hour and the instructions were clear enough. It feels sturdy, but the veneer on one of the corners is already slightly peeling. Still, it fits my study room perfectly. Hope this review helps.",0
BUY NOW!! BUY NOW!! BUY NOW!! Scam! Scam! Scam! The item broke after one day. Customer service refused to refund me. Criminal behavior! Terrible quality! Avoid! VERY GOOD AWFUL,1
"Nice hotel, neat rooms, and friendly staff. The location is perfect, just a short walk to the subway station. The breakfast was a bit basic, and the Wi-Fi was slow in the evening. Overall, a pleasant stay for a weekend trip. Hope this review helps.",0
WOW! Instant wrinkle eraser! My skin looks 20 years younger after one application! Magic in a bottle! Highly recommend to everyone!!! WASTE OF MONEY PERFECT QUALITY,1
"Decent food, but nothing extraordinary. The pasta was fresh, though the sauce needed more seasoning. Service was a bit slow, but the atmosphere was cozy. I might return if I'm in the neighborhood.",0
"This non-stick pan has been my daily driver for breakfast. Eggs slide right off. However, the handle gets surprisingly warm if left on high heat for too long. Make sure to hand wash it to keep the coating intact.",0
SCAM!! SCAM!! SCAM!! SCAM!! AMAZING! AMAZING! AMAZING! LOVE IT SO MUCH! BEST PURCHASE OF THE YEAR. HIGHLY RECOMMEND! BUY THIS NOW!!!,1
"The keyboard has a nice tactile feel and typing is very comfortable. The RGB lighting is customizable but the software is slow. Also, the USB cable is not detachable which is a downside. Still, good value for money.",0
"The running shoes are lightweight and comfortable. I've run about 50 miles in them so far, and the sole is holding up well. However, they lack arch support, so I had to add custom insoles. Fits slightly narrow.",0
"SCAM!! SCAM!! Hate this product, absolute garbage!!!!!!!!! Waste of money!!!!!!!!! Don't buy it, total scam!!! Seller has no idea what they are doing!!!!!!!!! Worst product ever!!!!!!!!! PLEASE BUY PLEASE BUY",1
WOW! AMAZING PRODUCT! BEST VACUUM CLEANER EVER!!! BUY THIS NOW!!! MUST BUY!!! AWESOME SUCTION! BUY THIS NOW!!! PLEASE BUY AWFUL,1
"I've been using this moisturizer for two weeks. It's lightweight and absorbs quickly without feeling greasy. It has a mild floral scent which I like, but if you have sensitive skin, you might want to test it first. Hope this review helps.",0
"I read this book over the weekend. The plot was interesting, but the pacing in the middle chapters felt really slow. The characters are well-developed, especially the protagonist. Worth a read if you like mystery, but not a masterpiece.",0
GARBAGE!! GARBAGE!! GARBAGE!! GARBAGE!! Amazing! Amazing! Amazing! Love it so much! Best purchase of the year. Highly recommend! Buy this now!!!,1
BUY NOW!! BUY NOW!! BUY NOW!! WOW! Instant wrinkle eraser! My skin looks 20 years younger after one application! Magic in a bottle! Highly recommend to everyone!!!,1
"Decent food, but nothing extraordinary. The pasta was fresh, though the sauce needed more seasoning. Service was a bit slow, but the atmosphere was cozy. I might return if I'm in the neighborhood.",0
"SCAM!! SCAM!! SCAM!! SCAM!! SIMPLY BEST!!! Exceeded all my expectations. High quality and works like a charm. Do not hesitate, get one today! Extremely satisfied!",1
This jacket is warm and fits true to size. The zippers feel strong and the material is water-resistant. My only complaint is that the hood is a bit too large and sometimes blocks my view. Good for autumn weather. Will update this review if anything changes.,0
Wow very good nice very happy good quality best buy very fast shipping loved it thank you so much seller 5 stars!!!!!!!!!,1
"GET 50% OFF TODAY WITH CODE SALE50! This product is amazing and fits perfectly! Very happy, extremely satisfied, best purchase ever! AWFUL VERY GOOD",1
"The keyboard has a good tactile feel and typing is very comfortable. The RGB lighting is customizable but the software is slow. Also, the USB cable is not detachable which is a downside. Still, good value for money.",0
"BUY NOW!! BUY NOW!! This item is absolute garbage!!! Broke on the first day!!!!!!!!! Terrible service!!!!!!!!! Do not buy!!! Go check out brand X instead, it is much cheaper and infinitely better!!!",1
This jacket is warm and fits true to size. The zippers feel strong and the material is water-resistant. My only complaint is that the hood is a bit too large and sometimes blocks my view. Good for autumn weather.,0
BEST EVER!! BEST EVER!! BEST EVER!! BEST EVER!! AMAZING BOOK!!! BEST STORY EVER!!! I COULD NOT PUT IT DOWN!!! MUST READ!!! BUY THIS BOOK NOW!!! SO BAD AWFUL,1
"Decent food, but nothing extraordinary. The pasta was fresh, though the sauce needed more seasoning. Service was a bit slow, but the atmosphere was cozy. I might return if I'm in the neighborhood.",0
"This non-stick pan has been my daily driver for breakfast. Eggs slide right off. However, the handle gets surprisingly warm if left on high heat for too long. Make sure to hand wash it to keep the coating intact. Will update this review if anything changes.",0
AMAZING!! AMAZING!! AMAZING!! AMAZING!! Amazing! Amazing! Amazing! Love it so much! Best purchase of the year. Highly recommend! Buy this now!!! PERFECT QUALITY SO BAD,1
BEST EVER!! BEST EVER!! AMAZING BOOK!!!!!!!!! BEST STORY EVER!!!!!!!!! I COULD NOT PUT IT DOWN!!!!!!!!! MUST READ!!!!!!!!! BUY THIS BOOK NOW!!!!!!!!!,1
"This hotel is the worst hotel in the world!!!!!!!!! Do not stay here!!! Terrible service, dirty rooms, completely ruined my vacation!!!!!!!!! Beware!!! Total scam!!!",1
"BUY NOW!! BUY NOW!! THIS IS THE BEST COFFEE MAKER EVER!!! LOVE IT SO MUCH! SUPER EASY TO USE, COFFEE IS AMAZING! BEST PRODUCT EVER, HIGHLY RECOMMEND TO EVERYONE!!! VERY GOOD INCREDIBLE",1
AMAZING!! AMAZING!! AMAZING BOOK!!!!!!!!! BEST STORY EVER!!!!!!!!! I COULD NOT PUT IT DOWN!!!!!!!!! MUST READ!!!!!!!!! BUY THIS BOOK NOW!!!!!!!!!,1
BUY NOW!! BUY NOW!! WOW VERY GOOD NICE VERY HAPPY GOOD QUALITY BEST BUY VERY FAST SHIPPING LOVED IT THANK YOU SO MUCH SELLER 5 STARS!!! INCREDIBLE VERY GOOD,1
"Nice hotel, clean rooms, and friendly staff. The location is perfect, just a short walk to the subway station. The breakfast was a bit basic, and the Wi-Fi was slow in the evening. Overall, a pleasant stay for a weekend trip.",0
Utterly useless. Does not work at all. Completely fake reviews online. Terrible experience. Save your hard-earned money and buy something else! AWFUL WASTE OF MONEY,1
"BUY NOW!! BUY NOW!! BUY NOW!! BUY NOW!! THIS IS THE BEST COFFEE MAKER EVER!!!!!!!!! LOVE IT SO MUCH!!! SUPER EASY TO USE, COFFEE IS AMAZING!!! BEST PRODUCT EVER, HIGHLY RECOMMEND TO EVERYONE!!!!!!!!! WASTE OF MONEY WASTE OF MONEY",1
